source_image,crop_path,box_index,class_id,confidence,x1,y1,x2,y2,pad_x1,pad_y1,pad_x2,pad_y2,image_width,image_height
test\test_001.jpg,crops\test\test_001.jpg,1,0,0.987711,1129.36,424.25,1500.06,801.75,1055,349,1574,877,2560,1440
test\test_002.jpg,crops\test\test_002.jpg,1,0,0.985694,1104.59,175.43,1487.28,542.94,1028,102,1564,616,2560,1440
test\test_003.jpg,crops\test\test_003.jpg,1,0,0.884845,1184.68,249.88,1585.47,525.51,1105,195,1666,581,2560,1440
test\test_004.jpg,crops\test\test_004.jpg,1,0,0.973946,1178.87,386.99,1565.54,788.10,1102,307,1643,868,2560,1440
test\test_005.jpg,crops\test\test_005.jpg,1,0,0.883532,1173.77,174.58,1549.13,525.61,1099,104,1624,596,2560,1440
test\test_006.jpg,crops\test\test_006.jpg,1,0,0.706799,1188.50,237.48,1666.35,444.93,1093,196,1762,486,2560,1440
test\test_007.jpg,crops\test\test_007.jpg,1,0,0.872699,1204.90,464.31,1473.02,746.11,1151,408,1527,802,2560,1440
test\test_008.jpg,crops\test\test_008.jpg,1,0,0.979150,1214.00,290.94,1469.43,475.50,1163,254,1521,512,2560,1440
test\test_009.jpg,crops\test\test_009.jpg,1,0,0.881996,1208.98,503.66,1450.06,583.31,1161,488,1498,599,2560,1440
test\test_010.jpg,crops\test\test_010.jpg,1,0,0.975741,1208.79,496.58,1482.50,781.24,1154,440,1537,838,2560,1440
test\test_011.jpg,crops\test\test_011.jpg,1,0,0.964241,1197.44,265.98,1477.29,488.19,1141,222,1533,533,2560,1440
test\test_012.jpg,crops\test\test_012.jpg,1,0,0.885461,924.79,391.89,1222.57,522.16,865,366,1282,548,2560,1440
test\test_013.jpg,crops\test\test_013.jpg,1,0,0.973873,1258.60,482.79,1505.36,748.49,1209,430,1555,802,2560,1440
test\test_014.jpg,crops\test\test_014.jpg,1,0,0.881610,1228.70,416.31,1481.71,613.25,1178,377,1532,653,2560,1440
test\test_015.jpg,crops\test\test_015.jpg,1,0,0.955880,1095.13,706.60,1355.65,803.19,1043,687,1408,823,2560,1440
test\test_016.jpg,crops\test\test_016.jpg,1,0,0.967966,1286.68,579.57,1525.28,846.05,1239,526,1573,899,2560,1440
test\test_017.jpg,crops\test\test_017.jpg,1,0,0.965705,1332.85,386.19,1601.34,586.84,1279,346,1655,627,2560,1440
test\test_018.jpg,crops\test\test_018.jpg,1,0,0.792622,1209.98,497.99,1444.94,577.51,1163,482,1492,593,2560,1440
test\test_019.jpg,crops\test\test_019.jpg,1,0,0.920297,1309.46,620.47,1539.44,872.56,1263,570,1585,923,2560,1440
test\test_020.jpg,crops\test\test_020.jpg,1,0,0.980989,1381.07,414.00,1640.68,613.92,1329,374,1693,654,2560,1440
test\test_021.jpg,crops\test\test_021.jpg,1,0,0.711364,1291.72,392.14,1545.91,474.48,1241,376,1597,491,2560,1440
test\test_022.jpg,crops\test\test_022.jpg,1,0,0.972272,1325.05,658.50,1545.27,885.97,1281,613,1589,931,2560,1440
test\test_023.jpg,crops\test\test_023.jpg,1,0,0.935605,1286.26,418.02,1548.70,618.60,1234,378,1601,659,2560,1440
test\test_024.jpg,crops\test\test_024.jpg,1,0,0.759328,1262.89,494.38,1515.22,577.61,1212,478,1566,594,2560,1440
test\test_025.jpg,crops\test\test_025.jpg,1,0,0.975970,1310.70,571.75,1546.91,818.85,1263,522,1594,868,2560,1440
test\test_026.jpg,crops\test\test_026.jpg,1,0,0.986288,1259.04,362.44,1522.36,553.36,1206,324,1575,592,2560,1440
test\test_027.jpg,crops\test\test_027.jpg,1,0,0.639215,1220.66,389.20,1479.87,470.93,1169,373,1532,487,2560,1440
test\test_028.jpg,crops\test\test_028.jpg,1,0,0.971433,1228.80,667.04,1422.97,874.10,1190,626,1462,916,2560,1440
test\test_029.jpg,crops\test\test_029.jpg,1,0,0.976446,1120.21,413.47,1361.77,581.94,1072,380,1410,616,2560,1440
test\test_030.jpg,crops\test\test_030.jpg,1,0,0.830624,1125.13,596.84,1352.32,678.03,1080,581,1398,694,2560,1440
test\test_031.jpg,crops\test\test_031.jpg,1,0,0.983184,1139.52,471.02,1447.46,783.51,1078,409,1509,846,2560,1440
test\test_032.jpg,crops\test\test_032.jpg,1,0,0.980407,1030.83,262.82,1363.70,564.47,964,202,1430,625,2560,1440
test\test_033.jpg,crops\test\test_033.jpg,1,0,0.923714,1138.35,380.85,1465.24,600.05,1073,337,1531,644,2560,1440
test\test_034.jpg,crops\test\test_034.jpg,1,0,0.970603,1301.65,485.45,1504.18,700.31,1261,442,1545,743,2560,1440
test\test_035.jpg,crops\test\test_035.jpg,1,0,0.976232,1266.44,381.88,1507.27,543.77,1218,350,1555,576,2560,1440
test\test_036.jpg,crops\test\test_036.jpg,1,0,0.932061,1158.67,384.21,1390.91,461.90,1112,369,1437,477,2560,1440
test\test_037.jpg,crops\test\test_037.jpg,1,0,0.685236,1317.92,485.79,1535.37,709.97,1274,441,1579,755,2560,1440
test\test_038.jpg,crops\test\test_038.jpg,1,0,0.665394,1235.62,266.97,1487.44,441.51,1185,232,1538,476,2560,1440
test\test_039.jpg,crops\test\test_039.jpg,1,0,0.849164,1104.51,440.98,1333.22,513.52,1059,426,1379,528,2560,1440
test\test_040.jpg,crops\test\test_040.jpg,1,0,0.843797,1213.32,490.55,1432.59,718.42,1169,445,1476,764,2560,1440
test\test_041.jpg,crops\test\test_041.jpg,1,0,0.485143,1125.88,332.20,1366.99,502.71,1078,298,1415,537,2560,1440
test\test_042.jpg,crops\test\test_042.jpg,1,0,0.945688,1125.72,574.18,1373.14,657.19,1076,558,1423,674,2560,1440
test\test_043.jpg,crops\test\test_043.jpg,1,0,0.784080,1235.64,415.77,1482.56,670.93,1186,365,1532,722,2560,1440
test\test_044.jpg,crops\test\test_044.jpg,1,0,0.984388,1219.33,258.55,1466.37,431.60,1170,224,1516,466,2560,1440
test\test_045.jpg,crops\test\test_045.jpg,1,0,0.366784,1264.32,621.82,1541.38,711.70,1209,604,1597,730,2560,1440
test\test_046.jpg,crops\test\test_046.jpg,1,0,0.954779,1382.37,536.91,1627.13,781.51,1333,488,1676,830,2560,1440
test\test_047.jpg,crops\test\test_047.jpg,1,0,0.965831,1095.39,234.19,1377.68,435.63,1039,194,1434,476,2560,1440
test\test_048.jpg,crops\test\test_048.jpg,1,0,0.894348,1131.91,493.29,1395.39,581.08,1079,476,1448,599,2560,1440
test\test_049.jpg,crops\test\test_049.jpg,1,0,0.972762,1358.30,533.34,1742.02,914.36,1282,457,1819,991,2560,1440
test\test_050.jpg,crops\test\test_050.jpg,1,0,0.968029,1230.57,152.87,1575.61,450.81,1162,93,1645,510,2560,1440
test\test_051.jpg,crops\test\test_051.jpg,1,0,0.853453,1048.90,278.89,1400.75,491.28,979,236,1471,534,2560,1440
test\test_052.jpg,crops\test\test_052.jpg,1,0,0.977383,1202.31,440.99,1515.02,757.63,1140,378,1578,821,2560,1440
test\test_053.jpg,crops\test\test_053.jpg,1,0,0.852407,1089.61,434.12,1394.34,716.03,1029,378,1455,772,2560,1440
test\test_054.jpg,crops\test\test_054.jpg,1,0,0.947869,1107.78,239.98,1453.88,476.89,1039,193,1523,524,2560,1440
test\test_055.jpg,crops\test\test_055.jpg,1,0,0.978636,1209.77,578.18,1420.13,805.79,1168,533,1462,851,2560,1440
test\test_056.jpg,crops\test\test_056.jpg,1,0,0.981624,1270.03,422.43,1509.07,605.35,1222,386,1557,642,2560,1440
test\test_057.jpg,crops\test\test_057.jpg,1,0,0.908677,1072.86,460.50,1328.12,543.94,1022,444,1379,561,2560,1440
test\test_058.jpg,crops\test\test_058.jpg,1,0,0.925566,1224.44,542.69,1452.24,782.73,1179,495,1498,831,2560,1440
test\test_059.jpg,crops\test\test_059.jpg,1,0,0.979127,1142.95,412.19,1392.08,606.34,1093,373,1442,645,2560,1440
test\test_060.jpg,crops\test\test_060.jpg,1,0,0.590279,1217.55,422.11,1486.86,518.28,1164,403,1541,538,2560,1440
test\test_061.jpg,crops\test\test_061.jpg,1,0,0.984286,1246.39,481.77,1460.95,711.89,1203,436,1504,758,2560,1440
test\test_062.jpg,crops\test\test_062.jpg,1,0,0.945709,1167.29,341.40,1417.80,527.86,1117,304,1468,565,2560,1440
test\test_063.jpg,crops\test\test_063.jpg,1,0,0.878859,1259.29,393.07,1529.75,480.21,1205,376,1584,498,2560,1440
test\test_064.jpg,crops\test\test_064.jpg,1,0,0.932257,1231.54,510.45,1435.67,718.54,1191,469,1476,760,2560,1440
test\test_065.jpg,crops\test\test_065.jpg,1,0,0.498689,1128.23,396.59,1369.49,572.65,1080,361,1418,608,2560,1440
test\test_066.jpg,crops\test\test_066.jpg,1,0,0.869725,985.68,496.65,1243.33,587.03,934,479,1295,605,2560,1440
test\test_067.jpg,crops\test\test_067.jpg,1,0,0.759432,1233.03,544.36,1485.87,801.28,1182,493,1536,853,2560,1440
test\test_068.jpg,crops\test\test_068.jpg,1,0,0.955416,1299.30,366.37,1539.87,534.47,1251,333,1588,568,2560,1440
test\test_069.jpg,crops\test\test_069.jpg,1,0,0.089932,1228.34,311.44,1556.23,459.35,1163,282,1622,489,2560,1440
test\test_070.jpg,crops\test\test_070.jpg,1,0,0.929461,1316.02,598.68,1548.63,837.89,1269,551,1595,886,2560,1440
test\test_071.jpg,crops\test\test_071.jpg,1,0,0.955177,1235.75,352.05,1481.24,543.05,1187,314,1530,581,2560,1440
test\test_072.jpg,crops\test\test_072.jpg,1,0,0.231500,1257.51,511.71,1559.83,606.07,1197,493,1620,625,2560,1440
test\test_073.jpg,crops\test\test_073.jpg,1,0,0.942172,1221.63,621.00,1458.47,877.59,1174,570,1506,929,2560,1440
test\test_074.jpg,crops\test\test_074.jpg,1,0,0.970702,1163.37,325.21,1435.15,538.38,1109,283,1490,581,2560,1440
test\test_075.jpg,crops\test\test_075.jpg,1,0,0.679614,1058.93,452.17,1359.57,541.89,999,434,1420,560,2560,1440
test\test_076.jpg,crops\test\test_076.jpg,1,0,0.974669,1268.30,585.48,1492.26,832.91,1224,536,1537,882,2560,1440
test\test_077.jpg,crops\test\test_077.jpg,1,0,0.378426,1095.03,433.88,1353.78,655.08,1043,390,1406,699,2560,1440
test\test_078.jpg,crops\test\test_078.jpg,1,0,0.924441,1128.99,474.80,1401.86,560.41,1074,458,1456,578,2560,1440
test\test_079.jpg,crops\test\test_079.jpg,1,0,0.970877,1235.05,519.32,1454.42,759.24,1191,471,1498,807,2560,1440
test\test_080.jpg,crops\test\test_080.jpg,1,0,0.978736,1145.81,452.49,1403.97,655.67,1094,412,1456,696,2560,1440
test\test_081.jpg,crops\test\test_081.jpg,1,0,0.894872,1114.23,513.40,1377.97,597.30,1061,497,1431,614,2560,1440
test\test_082.jpg,crops\test\test_082.jpg,1,0,0.961033,1179.12,427.68,1478.38,737.40,1119,366,1538,799,2560,1440
test\test_083.jpg,crops\test\test_083.jpg,1,0,0.852825,1036.03,358.12,1424.41,722.60,958,285,1502,795,2560,1440
test\test_084.jpg,crops\test\test_084.jpg,1,0,0.850245,1112.01,364.05,1501.64,611.64,1034,315,1580,661,2560,1440
test\test_085.jpg,crops\test\test_085.jpg,1,0,0.974617,1271.61,591.41,1482.17,810.16,1229,548,1524,854,2560,1440
test\test_086.jpg,crops\test\test_086.jpg,1,0,0.965234,1235.90,398.52,1480.58,594.57,1187,359,1530,634,2560,1440
test\test_087.jpg,crops\test\test_087.jpg,1,0,0.964270,1236.91,459.02,1523.76,553.25,1180,440,1581,572,2560,1440
test\test_088.jpg,crops\test\test_088.jpg,1,0,0.976631,1334.30,526.91,1551.86,752.46,1291,482,1595,798,2560,1440
test\test_089.jpg,crops\test\test_089.jpg,1,0,0.910829,1129.70,263.18,1371.40,453.07,1081,225,1420,491,2560,1440
test\test_090.jpg,crops\test\test_090.jpg,1,0,0.538287,1105.10,545.52,1394.14,639.51,1047,527,1452,658,2560,1440
test\test_091.jpg,crops\test\test_091.jpg,1,0,0.981042,1326.10,560.35,1548.36,793.28,1282,514,1593,840,2560,1440
test\test_092.jpg,crops\test\test_092.jpg,1,0,0.814600,1160.14,329.94,1419.18,522.35,1108,291,1471,561,2560,1440
test\test_093.jpg,crops\test\test_093.jpg,1,0,0.803144,1084.85,493.58,1338.04,577.70,1034,477,1389,595,2560,1440
test\test_094.jpg,crops\test\test_094.jpg,1,0,0.982392,1284.60,485.63,1502.44,708.24,1241,441,1546,753,2560,1440
test\test_095.jpg,crops\test\test_095.jpg,1,0,0.969183,1183.81,365.17,1417.95,544.83,1137,329,1465,581,2560,1440
test\test_096.jpg,crops\test\test_096.jpg,1,0,0.900650,1289.05,509.22,1544.51,598.17,1238,491,1596,616,2560,1440
test\test_097.jpg,crops\test\test_097.jpg,1,0,0.983125,1197.62,562.46,1421.73,794.52,1153,516,1467,841,2560,1440
test\test_098.jpg,crops\test\test_098.jpg,1,0,0.963099,1220.13,435.93,1472.83,621.67,1170,399,1523,659,2560,1440
test\test_099.jpg,crops\test\test_099.jpg,1,0,0.213045,1262.55,455.55,1541.69,563.72,1207,434,1598,585,2560,1440
test\test_100.jpg,crops\test\test_100.jpg,1,0,0.977978,1348.54,597.32,1576.99,840.53,1303,549,1623,889,2560,1440
test\test_101.jpg,crops\test\test_101.jpg,1,0,0.974394,1182.20,456.16,1433.67,672.48,1132,413,1484,716,2560,1440
test\test_102.jpg,crops\test\test_102.jpg,1,0,0.503721,1204.74,444.31,1482.63,532.44,1149,427,1538,550,2560,1440
test\test_103.jpg,crops\test\test_103.jpg,1,0,0.974529,1196.63,581.86,1422.40,820.51,1151,534,1468,868,2560,1440
test\test_104.jpg,crops\test\test_104.jpg,1,0,0.970620,1122.05,358.61,1372.85,539.26,1072,322,1423,575,2560,1440
test\test_105.jpg,crops\test\test_105.jpg,1,0,0.858962,1132.76,509.25,1395.54,595.27,1080,492,1448,612,2560,1440
test\test_106.jpg,crops\test\test_106.jpg,1,0,0.905889,1201.76,451.87,1533.07,788.32,1135,385,1599,856,2560,1440
test\test_107.jpg,crops\test\test_107.jpg,1,0,0.967760,1058.27,314.33,1440.23,676.12,982,242,1517,748,2560,1440
test\test_108.jpg,crops\test\test_108.jpg,1,0,0.972384,1127.73,270.72,1539.27,550.75,1045,215,1622,607,2560,1440
test\test_109.jpg,crops\test\test_109.jpg,1,0,0.855189,1181.06,540.35,1424.21,802.84,1132,488,1473,855,2560,1440
test\test_110.jpg,crops\test\test_110.jpg,1,0,0.973550,1115.61,351.19,1372.20,542.41,1064,313,1424,581,2560,1440
test\test_111.jpg,crops\test\test_111.jpg,1,0,0.930609,1123.91,395.71,1398.61,483.77,1069,378,1454,501,2560,1440
test\test_112.jpg,crops\test\test_112.jpg,1,0,0.981490,1231.98,482.62,1454.82,710.46,1187,437,1499,756,2560,1440
test\test_113.jpg,crops\test\test_113.jpg,1,0,0.981719,1010.75,338.54,1263.46,532.41,960,300,1314,571,2560,1440
test\test_114.jpg,crops\test\test_114.jpg,1,0,0.925476,1106.32,530.51,1372.25,619.61,1053,513,1425,637,2560,1440
test\test_115.jpg,crops\test\test_115.jpg,1,0,0.940363,1373.70,445.16,1771.85,836.45,1294,367,1851,915,2560,1440
test\test_116.jpg,crops\test\test_116.jpg,1,0,0.949630,1109.85,157.07,1544.82,565.79,1023,75,1632,648,2560,1440
test\test_117.jpg,crops\test\test_117.jpg,1,0,0.949367,1219.61,376.09,1589.81,619.50,1146,327,1664,668,2560,1440
test\test_118.jpg,crops\test\test_118.jpg,1,0,0.873096,1366.65,639.66,1609.03,891.21,1318,589,1658,942,2560,1440
test\test_119.jpg,crops\test\test_119.jpg,1,0,0.982354,1262.64,425.18,1511.81,592.75,1213,392,1562,626,2560,1440
test\test_120.jpg,crops\test\test_120.jpg,1,0,0.692321,1210.30,600.86,1443.71,677.56,1164,586,1490,693,2560,1440
test\test_121.jpg,crops\test\test_121.jpg,1,0,0.978541,1271.39,585.67,1488.07,818.77,1228,539,1531,865,2560,1440
test\test_122.jpg,crops\test\test_122.jpg,1,0,0.979384,1089.99,517.68,1340.02,659.12,1040,489,1390,687,2560,1440
test\test_123.jpg,crops\test\test_123.jpg,1,0,0.591600,1092.24,509.59,1334.79,597.90,1044,492,1383,616,2560,1440
test\test_124.jpg,crops\test\test_124.jpg,1,0,0.979355,1198.88,578.46,1423.01,821.15,1154,530,1468,870,2560,1440
test\test_125.jpg,crops\test\test_125.jpg,1,0,0.965874,1232.71,358.79,1490.98,541.70,1181,322,1543,578,2560,1440
test\test_126.jpg,crops\test\test_126.jpg,1,0,0.718430,1119.36,456.24,1361.51,534.86,1071,441,1410,551,2560,1440
test\test_127.jpg,crops\test\test_127.jpg,1,0,0.715642,1224.75,620.74,1449.54,858.82,1180,573,1495,906,2560,1440
test\test_128.jpg,crops\test\test_128.jpg,1,0,0.967844,1121.60,437.90,1368.34,630.41,1072,399,1418,669,2560,1440
test\test_129.jpg,crops\test\test_129.jpg,1,0,0.895702,1190.62,512.18,1452.46,596.03,1138,495,1505,613,2560,1440
test\test_130.jpg,crops\test\test_130.jpg,1,0,0.975924,1248.06,520.04,1552.90,833.88,1187,457,1614,897,2560,1440
test\test_131.jpg,crops\test\test_131.jpg,1,0,0.959932,1075.49,256.51,1468.02,633.48,997,181,1547,709,2560,1440
test\test_132.jpg,crops\test\test_132.jpg,1,0,0.940753,1147.64,207.56,1563.63,491.10,1064,151,1647,548,2560,1440
test\test_133.jpg,crops\test\test_133.jpg,1,0,0.963020,1254.47,516.93,1495.98,774.62,1206,465,1544,826,2560,1440
test\test_134.jpg,crops\test\test_134.jpg,1,0,0.862789,1202.20,364.21,1490.07,587.39,1145,320,1548,632,2560,1440
test\test_135.jpg,crops\test\test_135.jpg,1,0,0.717097,1170.71,545.61,1473.25,647.88,1110,525,1534,668,2560,1440
test\test_136.jpg,crops\test\test_136.jpg,1,0,0.973208,1255.51,441.71,1488.39,685.67,1209,393,1535,734,2560,1440
test\test_137.jpg,crops\test\test_137.jpg,1,0,0.985714,1236.90,387.58,1503.60,595.78,1184,346,1557,637,2560,1440
test\test_138.jpg,crops\test\test_138.jpg,1,0,0.586437,1283.82,379.07,1569.75,474.26,1227,360,1627,493,2560,1440
test\test_139.jpg,crops\test\test_139.jpg,1,0,0.972946,1271.37,514.65,1501.62,767.49,1225,464,1548,818,2560,1440
test\test_140.jpg,crops\test\test_140.jpg,1,0,0.976713,1326.07,280.63,1591.95,469.09,1273,243,1645,507,2560,1440
test\test_141.jpg,crops\test\test_141.jpg,1,0,0.723817,1212.81,558.59,1451.01,641.89,1165,542,1499,659,2560,1440
test\test_142.jpg,crops\test\test_142.jpg,1,0,0.334982,1375.73,572.06,1597.44,804.59,1331,526,1642,851,2560,1440
test\test_143.jpg,crops\test\test_143.jpg,1,0,0.961682,1255.05,492.57,1524.61,710.57,1201,449,1579,754,2560,1440
test\test_144.jpg,crops\test\test_144.jpg,1,0,0.880163,1266.15,569.06,1519.18,653.33,1216,552,1570,670,2560,1440
test\test_145.jpg,crops\test\test_145.jpg,1,0,0.975131,1310.78,509.54,1642.59,846.24,1244,442,1709,914,2560,1440
test\test_146.jpg,crops\test\test_146.jpg,1,0,0.987740,1246.51,354.46,1640.12,733.45,1168,279,1719,809,2560,1440
test\test_147.jpg,crops\test\test_147.jpg,1,0,0.855239,1134.47,405.20,1476.97,632.14,1066,360,1545,678,2560,1440
test\test_148.jpg,crops\test\test_148.jpg,1,0,0.952406,1169.13,430.48,1377.25,646.81,1128,387,1419,690,2560,1440
test\test_149.jpg,crops\test\test_149.jpg,1,0,0.983644,1160.51,372.54,1398.06,557.53,1113,336,1446,595,2560,1440
test\test_150.jpg,crops\test\test_150.jpg,1,0,0.028820,1183.19,508.89,1418.23,577.07,1136,495,1465,591,2560,1440
train\train_001.jpg,crops\train\train_001.jpg,1,0,0.965699,891.00,414.77,1383.32,898.76,793,318,1482,996,2560,1440
train\train_002.jpg,crops\train\train_002.jpg,1,0,0.973717,1021.19,556.08,1393.56,926.60,947,482,1468,1001,2560,1440
train\train_003.jpg,crops\train\train_003.jpg,1,0,0.964773,1392.93,346.23,1825.65,798.42,1306,256,1912,889,2560,1440
train\train_004.jpg,crops\train\train_004.jpg,1,0,0.957033,1130.34,497.29,1507.05,877.59,1055,421,1582,954,2560,1440
train\train_005.jpg,crops\train\train_005.jpg,1,0,0.959477,812.28,497.11,1215.19,902.98,732,416,1296,984,2560,1440
train\train_006.jpg,crops\train\train_006.jpg,1,0,0.978951,585.52,547.88,935.30,944.35,516,469,1005,1024,2560,1440
train\train_007.jpg,crops\train\train_007.jpg,1,0,0.745738,773.44,402.50,1231.55,894.85,682,304,1323,993,2560,1440
train\train_008.jpg,crops\train\train_008.jpg,1,0,0.954051,1345.58,385.59,1564.92,869.51,1302,289,1609,966,2560,1440
train\train_009.jpg,crops\train\train_009.jpg,1,0,0.983980,1119.04,243.78,1426.42,760.73,1058,140,1488,864,2560,1440
train\train_010.jpg,crops\train\train_010.jpg,1,0,0.930551,926.30,365.78,1161.43,841.23,879,271,1208,936,2560,1440
train\train_011.jpg,crops\train\train_011.jpg,1,0,0.958449,923.84,570.42,1393.37,1037.27,830,477,1487,1131,2560,1440
train\train_012.jpg,crops\train\train_012.jpg,1,0,0.979013,938.15,430.14,1408.55,901.38,844,336,1503,996,2560,1440
train\train_013.jpg,crops\train\train_013.jpg,1,0,0.865796,879.33,357.37,1285.97,868.67,798,255,1367,971,2560,1440
train\train_014.jpg,crops\train\train_014.jpg,1,0,0.531915,1187.24,291.05,1604.57,803.23,1104,189,1688,906,2560,1440
train\train_015.jpg,crops\train\train_015.jpg,1,0,0.948436,1637.42,591.64,1943.18,1067.91,1576,496,2004,1163,2560,1440
train\train_016.jpg,crops\train\train_016.jpg,1,0,0.235984,1570.79,499.29,1879.43,972.61,1509,405,1941,1067,2560,1440
train\train_017.jpg,crops\train\train_017.jpg,1,0,0.346393,1775.39,457.27,1968.08,971.26,1737,354,2007,1074,2560,1440
train\train_018.jpg,crops\train\train_018.jpg,1,0,0.883628,1394.43,322.00,1565.96,790.54,1360,228,1600,884,2560,1440
train\train_019.jpg,crops\train\train_019.jpg,1,0,0.862572,1480.23,473.72,1641.71,933.13,1448,382,1674,1025,2560,1440
train\train_020.jpg,crops\train\train_020.jpg,1,0,0.621599,1133.62,226.37,1497.97,670.42,1061,138,1571,759,2560,1440
train\train_021.jpg,crops\train\train_021.jpg,1,0,0.963164,1107.61,409.12,1605.81,898.63,1008,311,1705,997,2560,1440
train\train_022.jpg,crops\train\train_022.jpg,1,0,0.833192,875.46,325.15,1491.58,921.77,752,206,1615,1041,2560,1440
train\train_023.jpg,crops\train\train_023.jpg,1,0,0.221022,1044.22,429.37,1579.53,965.14,937,322,1687,1072,2560,1440
train\train_024.jpg,crops\train\train_024.jpg,1,0,0.962021,1025.66,276.15,1560.31,819.14,919,168,1667,928,2560,1440
train\train_025.jpg,crops\train\train_025.jpg,1,0,0.982282,1048.15,348.85,1565.52,878.97,945,243,1669,985,2560,1440
train\train_026.jpg,crops\train\train_026.jpg,1,0,0.953155,1090.87,320.34,1624.55,865.31,984,211,1731,974,2560,1440
train\train_027.jpg,crops\train\train_027.jpg,1,0,0.799268,1082.38,291.76,1602.89,825.84,978,185,1707,933,2560,1440
train\train_028.jpg,crops\train\train_028.jpg,1,0,0.454284,1116.33,181.47,1552.99,790.65,1029,60,1640,912,2560,1440
train\train_029.jpg,crops\train\train_029.jpg,1,0,0.948488,1150.79,294.42,1602.06,902.09,1061,173,1692,1024,2560,1440
train\train_030.jpg,crops\train\train_030.jpg,1,0,0.946501,1183.54,375.17,1596.20,948.67,1101,260,1679,1063,2560,1440
train\train_031.jpg,crops\train\train_031.jpg,1,0,0.975572,1317.52,430.24,1652.44,758.92,1251,365,1719,825,2560,1440
train\train_032.jpg,crops\train\train_032.jpg,1,0,0.967449,1117.34,423.69,1428.76,736.72,1055,361,1491,799,2560,1440
train\train_033.jpg,crops\train\train_033.jpg,1,0,0.848570,1154.66,450.33,1466.72,810.81,1092,378,1529,883,2560,1440
train\train_034.jpg,crops\train\train_034.jpg,1,0,0.968224,1175.72,384.19,1478.67,743.99,1115,312,1539,816,2560,1440
train\train_035.jpg,crops\train\train_035.jpg,1,0,0.977484,1154.55,256.51,1462.73,625.28,1093,183,1524,699,2560,1440
train\train_036.jpg,crops\train\train_036.jpg,1,0,0.984351,1214.15,457.35,1503.80,804.40,1156,388,1562,874,2560,1440
train\train_037.jpg,crops\train\train_037.jpg,1,0,0.747039,1156.41,317.65,1457.79,666.09,1096,248,1518,736,2560,1440
train\train_038.jpg,crops\train\train_038.jpg,1,0,0.944225,978.74,255.10,1189.04,685.85,937,169,1231,772,2560,1440
train\train_039.jpg,crops\train\train_039.jpg,1,0,0.919341,1042.91,355.65,1245.13,808.20,1002,265,1286,899,2560,1440
train\train_040.jpg,crops\train\train_040.jpg,1,0,0.945951,1079.83,307.24,1269.20,749.74,1042,219,1307,838,2560,1440
train\train_041.jpg,crops\train\train_041.jpg,1,0,0.950909,894.02,408.80,1287.94,796.04,815,331,1367,873,2560,1440
train\train_042.jpg,crops\train\train_042.jpg,1,0,0.887557,760.03,284.28,1196.17,715.03,673,198,1283,801,2560,1440
train\train_043.jpg,crops\train\train_043.jpg,1,0,0.970583,1227.95,286.78,1499.29,738.43,1174,196,1554,829,2560,1440
train\train_044.jpg,crops\train\train_044.jpg,1,0,0.449928,1243.32,277.97,1500.42,706.59,1192,192,1552,792,2560,1440
train\train_045.jpg,crops\train\train_045.jpg,1,0,0.785541,1249.33,256.37,1521.24,706.55,1195,166,1576,797,2560,1440
train\train_046.jpg,crops\train\train_046.jpg,1,0,0.951122,1277.25,334.20,1533.35,759.63,1226,249,1585,845,2560,1440
train\train_047.jpg,crops\train\train_047.jpg,1,0,0.775431,1192.64,376.71,1440.95,784.09,1143,295,1491,866,2560,1440
train\train_048.jpg,crops\train\train_048.jpg,1,0,0.635930,1044.59,280.48,1218.46,701.92,1010,196,1253,786,2560,1440
train\train_049.jpg,crops\train\train_049.jpg,1,0,0.642545,1198.36,555.32,1370.96,979.09,1164,471,1405,1064,2560,1440
train\train_050.jpg,crops\train\train_050.jpg,1,0,0.901774,1192.81,386.31,1358.63,808.22,1160,302,1392,893,2560,1440
train\train_051.jpg,crops\train\train_051.jpg,1,0,0.969083,1246.85,577.57,1522.95,854.94,1192,522,1578,910,2560,1440
train\train_052.jpg,crops\train\train_052.jpg,1,0,0.982141,1004.54,407.60,1352.49,756.83,935,338,1422,827,2560,1440
train\train_053.jpg,crops\train\train_053.jpg,1,0,0.982883,1468.34,313.48,1767.55,694.44,1408,237,1827,771,2560,1440
train\train_054.jpg,crops\train\train_054.jpg,1,0,0.978486,1332.86,271.99,1641.94,652.84,1271,196,1704,729,2560,1440
train\train_055.jpg,crops\train\train_055.jpg,1,0,0.977396,1464.25,309.29,1753.00,704.79,1406,230,1811,784,2560,1440
train\train_056.jpg,crops\train\train_056.jpg,1,0,0.975967,1313.96,306.18,1596.92,683.14,1257,231,1654,759,2560,1440
train\train_057.jpg,crops\train\train_057.jpg,1,0,0.979681,1319.59,364.09,1600.35,742.48,1263,288,1656,818,2560,1440
train\train_058.jpg,crops\train\train_058.jpg,1,0,0.933812,1048.91,360.61,1220.75,782.66,1015,276,1255,867,2560,1440
train\train_059.jpg,crops\train\train_059.jpg,1,0,0.915201,1073.67,258.44,1253.28,697.44,1038,171,1289,785,2560,1440
train\train_060.jpg,crops\train\train_060.jpg,1,0,0.904435,1054.43,319.58,1239.84,758.97,1017,232,1277,847,2560,1440
train\train_061.jpg,crops\train\train_061.jpg,1,0,0.957227,898.71,322.22,1430.73,838.36,792,219,1537,942,2560,1440
train\train_062.jpg,crops\train\train_062.jpg,1,0,0.961121,908.72,237.63,1533.62,827.14,784,120,1659,945,2560,1440
train\train_063.jpg,crops\train\train_063.jpg,1,0,0.928621,964.69,273.46,1505.92,846.79,856,159,1614,961,2560,1440
train\train_064.jpg,crops\train\train_064.jpg,1,0,0.423167,978.52,121.34,1539.16,720.40,866,2,1651,840,2560,1440
train\train_065.jpg,crops\train\train_065.jpg,1,0,0.957925,996.87,40.69,1563.88,643.64,883,0,1677,764,2560,1440
train\train_066.jpg,crops\train\train_066.jpg,1,0,0.980652,958.32,43.54,1528.43,649.00,844,0,1642,770,2560,1440
train\train_067.jpg,crops\train\train_067.jpg,1,0,0.923231,936.72,125.15,1511.43,734.79,822,3,1626,857,2560,1440
train\train_068.jpg,crops\train\train_068.jpg,1,0,0.906465,1079.47,271.71,1609.76,951.87,973,136,1716,1088,2560,1440
train\train_069.jpg,crops\train\train_069.jpg,1,0,0.921021,1082.89,205.59,1600.68,894.51,979,68,1704,1032,2560,1440
train\train_070.jpg,crops\train\train_070.jpg,1,0,0.909108,1104.64,207.38,1608.52,875.51,1004,74,1709,1009,2560,1440
train\train_071.jpg,crops\train\train_071.jpg,1,0,0.645302,1145.38,400.28,1602.05,850.80,1054,310,1693,941,2560,1440
train\train_072.jpg,crops\train\train_072.jpg,1,0,0.978159,1257.31,295.95,1734.94,765.18,1162,202,1830,859,2560,1440
train\train_073.jpg,crops\train\train_073.jpg,1,0,0.959528,1129.52,317.89,1380.31,698.00,1079,242,1430,774,2560,1440
train\train_074.jpg,crops\train\train_074.jpg,1,0,0.969341,1224.42,292.30,1464.82,701.91,1176,210,1513,784,2560,1440
train\train_075.jpg,crops\train\train_075.jpg,1,0,0.214060,1272.05,324.44,1517.96,742.91,1223,241,1567,827,2560,1440
train\train_076.jpg,crops\train\train_076.jpg,1,0,0.943261,1373.17,358.78,1619.38,784.12,1324,274,1669,869,2560,1440
train\train_077.jpg,crops\train\train_077.jpg,1,0,0.775826,1378.72,331.81,1633.42,761.89,1328,246,1684,848,2560,1440
train\train_078.jpg,crops\train\train_078.jpg,1,0,0.917493,1263.82,568.44,1457.03,1016.10,1225,479,1496,1106,2560,1440
train\train_079.jpg,crops\train\train_079.jpg,1,0,0.927065,1280.63,571.19,1459.31,1004.84,1245,484,1495,1092,2560,1440
train\train_080.jpg,crops\train\train_080.jpg,1,0,0.885377,1332.60,588.41,1498.87,1006.12,1299,505,1532,1090,2560,1440
train\train_081.jpg,crops\train\train_081.jpg,1,0,0.972713,997.99,310.09,1546.41,843.05,888,203,1656,950,2560,1440
train\train_082.jpg,crops\train\train_082.jpg,1,0,0.962872,965.41,384.84,1502.19,956.53,858,271,1610,1071,2560,1440
train\train_083.jpg,crops\train\train_083.jpg,1,0,0.965550,1051.34,331.87,1584.14,910.11,945,216,1691,1026,2560,1440
train\train_084.jpg,crops\train\train_084.jpg,1,0,0.954524,999.42,305.60,1535.68,879.93,892,191,1643,995,2560,1440
train\train_085.jpg,crops\train\train_085.jpg,1,0,0.976019,1086.99,301.49,1590.94,854.34,986,191,1692,965,2560,1440
train\train_086.jpg,crops\train\train_086.jpg,1,0,0.947607,991.29,146.73,1517.61,718.95,886,32,1623,833,2560,1440
train\train_087.jpg,crops\train\train_087.jpg,1,0,0.143648,1173.32,357.87,1537.84,878.33,1100,254,1611,982,2560,1440
train\train_088.jpg,crops\train\train_088.jpg,1,0,0.323908,1225.16,399.29,1595.40,929.47,1151,293,1669,1036,2560,1440
train\train_089.jpg,crops\train\train_089.jpg,1,0,0.977973,1225.77,389.46,1604.40,925.98,1150,282,1680,1033,2560,1440
train\train_090.jpg,crops\train\train_090.jpg,1,0,0.958979,869.04,487.75,1488.02,1078.42,745,370,1612,1197,2560,1440
train\train_091.jpg,crops\train\train_091.jpg,1,0,0.904631,1335.05,407.95,1691.68,772.59,1264,335,1763,846,2560,1440
train\train_092.jpg,crops\train\train_092.jpg,1,0,0.985985,1294.82,460.66,1598.30,769.80,1234,399,1659,832,2560,1440
train\train_093.jpg,crops\train\train_093.jpg,1,0,0.910997,1379.60,381.98,1601.48,711.45,1335,316,1646,777,2560,1440
train\train_094.jpg,crops\train\train_094.jpg,1,0,0.962268,1407.48,333.08,1620.86,663.52,1365,267,1664,730,2560,1440
train\train_095.jpg,crops\train\train_095.jpg,1,0,0.405994,1458.98,328.30,1670.96,670.61,1417,260,1713,739,2560,1440
train\train_096.jpg,crops\train\train_096.jpg,1,0,0.979412,1508.15,275.72,1718.78,624.21,1466,206,1761,694,2560,1440
train\train_097.jpg,crops\train\train_097.jpg,1,0,0.364698,1522.18,252.78,1730.93,604.83,1480,182,1773,675,2560,1440
train\train_098.jpg,crops\train\train_098.jpg,1,0,0.543807,1191.52,309.53,1318.14,663.61,1166,239,1343,734,2560,1440
train\train_099.jpg,crops\train\train_099.jpg,1,0,0.821057,1254.94,409.98,1389.63,755.74,1228,341,1417,825,2560,1440
train\train_100.jpg,crops\train\train_100.jpg,1,0,0.563545,1439.85,468.77,1570.51,831.63,1414,396,1597,904,2560,1440
train\train_101.jpg,crops\train\train_101.jpg,1,0,0.975855,1185.25,478.37,1521.74,816.27,1118,411,1589,884,2560,1440
train\train_102.jpg,crops\train\train_102.jpg,1,0,0.978604,1080.81,553.96,1439.17,915.04,1009,482,1511,987,2560,1440
train\train_103.jpg,crops\train\train_103.jpg,1,0,0.981883,1312.02,366.57,1575.74,735.10,1259,293,1628,809,2560,1440
train\train_104.jpg,crops\train\train_104.jpg,1,0,0.848782,1375.15,276.16,1636.35,654.90,1323,200,1689,731,2560,1440
train\train_105.jpg,crops\train\train_105.jpg,1,0,0.982948,1344.90,316.93,1619.63,708.47,1290,239,1675,787,2560,1440
train\train_106.jpg,crops\train\train_106.jpg,1,0,0.959672,1393.98,388.27,1659.67,776.76,1341,311,1713,854,2560,1440
train\train_107.jpg,crops\train\train_107.jpg,1,0,0.935423,1441.74,370.39,1703.63,754.73,1389,294,1756,832,2560,1440
train\train_108.jpg,crops\train\train_108.jpg,1,0,0.640817,1220.95,305.57,1395.61,687.37,1186,229,1431,764,2560,1440
train\train_109.jpg,crops\train\train_109.jpg,1,0,0.805385,1366.79,410.18,1518.08,806.75,1337,331,1548,886,2560,1440
train\train_110.jpg,crops\train\train_110.jpg,1,0,0.798272,1379.63,374.73,1526.00,752.66,1350,299,1555,828,2560,1440
train\train_111.jpg,crops\train\train_111.jpg,1,0,0.973805,1263.37,308.37,1613.18,661.34,1193,238,1683,732,2560,1440
train\train_112.jpg,crops\train\train_112.jpg,1,0,0.974368,1252.65,390.03,1663.10,797.87,1171,308,1745,879,2560,1440
train\train_113.jpg,crops\train\train_113.jpg,1,0,0.878430,1364.77,255.43,1644.58,605.72,1309,185,1701,676,2560,1440
train\train_114.jpg,crops\train\train_114.jpg,1,0,0.849348,1313.18,94.45,1593.27,446.02,1257,24,1649,516,2560,1440
train\train_115.jpg,crops\train\train_115.jpg,1,0,0.961192,1313.24,279.83,1595.36,629.74,1257,210,1652,700,2560,1440
train\train_116.jpg,crops\train\train_116.jpg,1,0,0.317700,1309.01,221.84,1599.68,584.35,1251,149,1658,657,2560,1440
train\train_117.jpg,crops\train\train_117.jpg,1,0,0.935554,1391.72,279.45,1682.92,655.54,1333,204,1741,731,2560,1440
train\train_118.jpg,crops\train\train_118.jpg,1,0,0.907778,1176.87,212.78,1377.91,613.85,1137,133,1418,694,2560,1440
train\train_119.jpg,crops\train\train_119.jpg,1,0,0.922908,1300.56,496.74,1468.35,904.06,1267,415,1502,986,2560,1440
train\train_120.jpg,crops\train\train_120.jpg,1,0,0.913107,1276.96,592.39,1443.46,1001.73,1244,511,1477,1084,2560,1440
train\train_121.jpg,crops\train\train_121.jpg,1,0,0.968527,1163.49,403.75,1711.02,935.34,1054,297,1821,1042,2560,1440
train\train_122.jpg,crops\train\train_122.jpg,1,0,0.961384,909.51,472.93,1403.99,956.05,811,376,1503,1053,2560,1440
train\train_123.jpg,crops\train\train_123.jpg,1,0,0.191354,1119.25,188.85,1651.02,733.72,1013,80,1757,843,2560,1440
train\train_124.jpg,crops\train\train_124.jpg,1,0,0.621457,1131.78,260.91,1640.53,787.62,1030,156,1742,893,2560,1440
train\train_125.jpg,crops\train\train_125.jpg,1,0,0.970286,1244.51,394.56,1780.98,953.98,1137,283,1888,1066,2560,1440
train\train_126.jpg,crops\train\train_126.jpg,1,0,0.932104,1281.06,352.06,1807.71,898.26,1176,243,1913,1007,2560,1440
train\train_127.jpg,crops\train\train_127.jpg,1,0,0.976618,1217.16,260.58,1782.71,840.59,1104,145,1896,957,2560,1440
train\train_128.jpg,crops\train\train_128.jpg,1,0,0.849226,913.47,156.44,1502.93,569.13,796,74,1621,652,2560,1440
train\train_129.jpg,crops\train\train_129.jpg,1,0,0.817168,956.63,63.53,1529.23,468.86,842,0,1644,550,2560,1440
train\train_130.jpg,crops\train\train_130.jpg,1,0,0.951876,1136.84,294.42,1683.10,673.78,1028,219,1792,750,2560,1440
train\train_131.jpg,crops\train\train_131.jpg,1,0,0.977511,1008.58,486.70,1314.66,792.44,947,426,1376,854,2560,1440
train\train_132.jpg,crops\train\train_132.jpg,1,0,0.813654,1012.47,299.74,1351.10,644.98,945,231,1419,714,2560,1440
train\train_133.jpg,crops\train\train_133.jpg,1,0,0.977724,1199.30,310.88,1521.86,523.97,1135,268,1586,567,2560,1440
train\train_134.jpg,crops\train\train_134.jpg,1,0,0.968398,1095.09,367.73,1447.76,601.18,1025,321,1518,648,2560,1440
train\train_135.jpg,crops\train\train_135.jpg,1,0,0.965695,1088.16,457.89,1423.58,699.55,1021,410,1491,748,2560,1440
train\train_136.jpg,crops\train\train_136.jpg,1,0,0.977362,1079.55,421.80,1419.93,663.73,1011,373,1488,712,2560,1440
train\train_137.jpg,crops\train\train_137.jpg,1,0,0.972568,1002.90,431.31,1346.40,671.83,934,383,1415,720,2560,1440
train\train_138.jpg,crops\train\train_138.jpg,1,0,0.945989,1179.59,259.85,1559.38,410.14,1104,230,1635,440,2560,1440
train\train_139.jpg,crops\train\train_139.jpg,1,0,0.796744,1146.00,278.08,1526.76,427.47,1070,248,1603,457,2560,1440
train\train_140.jpg,crops\train\train_140.jpg,1,0,0.533741,1161.26,278.94,1542.24,431.18,1085,248,1618,462,2560,1440
train\train_141.jpg,crops\train\train_141.jpg,1,0,0.911370,1150.37,363.44,1444.41,663.32,1092,303,1503,723,2560,1440
train\train_142.jpg,crops\train\train_142.jpg,1,0,0.956289,1166.54,249.14,1514.26,610.73,1097,177,1584,683,2560,1440
train\train_143.jpg,crops\train\train_143.jpg,1,0,0.974591,1162.34,416.70,1492.83,669.84,1096,366,1559,720,2560,1440
train\train_144.jpg,crops\train\train_144.jpg,1,0,0.980558,1011.88,289.82,1353.01,535.78,944,241,1421,585,2560,1440
train\train_145.jpg,crops\train\train_145.jpg,1,0,0.967056,916.22,309.89,1259.34,552.77,848,261,1328,601,2560,1440
train\train_146.jpg,crops\train\train_146.jpg,1,0,0.396492,940.62,349.86,1277.94,591.93,873,301,1345,640,2560,1440
train\train_147.jpg,crops\train\train_147.jpg,1,0,0.959449,969.71,377.55,1311.51,609.86,901,331,1380,656,2560,1440
train\train_148.jpg,crops\train\train_148.jpg,1,0,0.915994,976.02,387.45,1336.63,533.49,904,358,1409,563,2560,1440
train\train_149.jpg,crops\train\train_149.jpg,1,0,0.937555,1037.39,315.87,1390.43,454.62,967,288,1461,482,2560,1440
train\train_150.jpg,crops\train\train_150.jpg,1,0,0.956991,995.84,315.99,1359.28,457.92,923,288,1432,486,2560,1440
train\train_151.jpg,crops\train\train_151.jpg,1,0,0.969929,1344.36,368.80,1681.07,711.30,1277,300,1748,780,2560,1440
train\train_152.jpg,crops\train\train_152.jpg,1,0,0.960278,1001.69,301.28,1391.99,690.77,924,223,1470,769,2560,1440
train\train_153.jpg,crops\train\train_153.jpg,1,0,0.935383,1063.75,354.51,1413.92,591.11,994,307,1484,638,2560,1440
train\train_154.jpg,crops\train\train_154.jpg,1,0,0.966988,979.28,277.89,1327.79,499.20,910,234,1397,543,2560,1440
train\train_155.jpg,crops\train\train_155.jpg,1,0,0.913762,910.94,299.13,1265.51,527.24,840,254,1336,573,2560,1440
train\train_156.jpg,crops\train\train_156.jpg,1,0,0.965247,976.15,321.21,1323.88,549.29,907,276,1393,595,2560,1440
train\train_157.jpg,crops\train\train_157.jpg,1,0,0.963602,1021.69,369.30,1376.25,614.00,951,320,1447,663,2560,1440
train\train_158.jpg,crops\train\train_158.jpg,1,0,0.943385,1014.27,314.49,1386.94,472.99,940,283,1461,505,2560,1440
train\train_159.jpg,crops\train\train_159.jpg,1,0,0.955024,907.69,257.91,1290.36,420.97,831,225,1367,454,2560,1440
train\train_160.jpg,crops\train\train_160.jpg,1,0,0.937704,948.60,248.33,1325.43,408.92,873,216,1401,441,2560,1440
train\train_161.jpg,crops\train\train_161.jpg,1,0,0.879085,1309.61,349.83,1687.23,737.78,1234,272,1763,815,2560,1440
train\train_162.jpg,crops\train\train_162.jpg,1,0,0.923390,1267.85,244.98,1733.53,707.11,1175,153,1827,800,2560,1440
train\train_163.jpg,crops\train\train_163.jpg,1,0,0.606466,1170.09,308.96,1578.96,616.94,1088,247,1661,679,2560,1440
train\train_164.jpg,crops\train\train_164.jpg,1,0,0.949474,1141.88,289.55,1543.10,596.05,1062,228,1623,657,2560,1440
train\train_165.jpg,crops\train\train_165.jpg,1,0,0.969031,1077.72,251.50,1495.48,574.67,994,187,1579,639,2560,1440
train\train_166.jpg,crops\train\train_166.jpg,1,0,0.956067,1008.00,309.68,1419.92,626.15,926,246,1502,689,2560,1440
train\train_167.jpg,crops\train\train_167.jpg,1,0,0.977767,977.40,338.34,1385.49,660.55,896,274,1467,725,2560,1440
train\train_168.jpg,crops\train\train_168.jpg,1,0,0.954785,1133.39,483.62,1527.11,655.68,1055,449,1606,690,2560,1440
train\train_169.jpg,crops\train\train_169.jpg,1,0,0.963764,1124.61,427.38,1509.40,593.36,1048,394,1586,627,2560,1440
train\train_170.jpg,crops\train\train_170.jpg,1,0,0.617420,1088.04,415.84,1463.78,576.96,1013,384,1539,609,2560,1440
train\train_171.jpg,crops\train\train_171.jpg,1,0,0.977513,1254.68,315.79,1648.88,711.89,1176,237,1728,791,2560,1440
train\train_172.jpg,crops\train\train_172.jpg,1,0,0.967861,1337.90,382.50,1730.50,779.40,1259,303,1809,859,2560,1440
train\train_173.jpg,crops\train\train_173.jpg,1,0,0.919910,1203.02,280.01,1591.84,545.68,1125,227,1670,599,2560,1440
train\train_174.jpg,crops\train\train_174.jpg,1,0,0.962763,964.08,391.36,1356.54,683.57,886,333,1435,742,2560,1440
train\train_175.jpg,crops\train\train_175.jpg,1,0,0.309287,1107.26,282.77,1490.69,551.09,1031,229,1567,605,2560,1440
train\train_176.jpg,crops\train\train_176.jpg,1,0,0.984812,1120.42,216.98,1518.51,498.62,1041,161,1598,555,2560,1440
train\train_177.jpg,crops\train\train_177.jpg,1,0,0.956698,1066.21,206.13,1462.17,486.88,987,150,1541,543,2560,1440
train\train_178.jpg,crops\train\train_178.jpg,1,0,0.963636,1183.78,367.56,1537.10,517.85,1113,337,1608,548,2560,1440
train\train_179.jpg,crops\train\train_179.jpg,1,0,0.962307,1186.37,364.00,1538.69,519.04,1116,333,1609,550,2560,1440
train\train_180.jpg,crops\train\train_180.jpg,1,0,0.960082,1168.66,315.65,1535.20,470.35,1095,285,1609,501,2560,1440
train\train_181.jpg,crops\train\train_181.jpg,1,0,0.954140,929.90,252.59,1450.92,766.38,826,150,1555,869,2560,1440
train\train_182.jpg,crops\train\train_182.jpg,1,0,0.959050,1123.19,124.18,1709.74,698.64,1006,9,1827,814,2560,1440
train\train_183.jpg,crops\train\train_183.jpg,1,0,0.963986,1094.60,283.02,1569.36,669.04,1000,206,1664,746,2560,1440
train\train_184.jpg,crops\train\train_184.jpg,1,0,0.945664,964.36,304.74,1465.28,711.65,864,223,1565,793,2560,1440
train\train_185.jpg,crops\train\train_185.jpg,1,0,0.921918,879.83,165.57,1415.31,595.32,773,80,1522,681,2560,1440
train\train_186.jpg,crops\train\train_186.jpg,1,0,0.953658,936.89,144.96,1473.19,571.32,830,60,1580,657,2560,1440
train\train_187.jpg,crops\train\train_187.jpg,1,0,0.942772,990.83,182.60,1525.96,616.00,884,96,1633,703,2560,1440
train\train_188.jpg,crops\train\train_188.jpg,1,0,0.927694,1195.00,483.48,1718.93,827.97,1090,415,1824,897,2560,1440
train\train_189.jpg,crops\train\train_189.jpg,1,0,0.959536,1054.78,369.34,1597.05,727.76,946,298,1706,799,2560,1440
train\train_190.jpg,crops\train\train_190.jpg,1,0,0.699685,1029.83,300.18,1572.51,661.65,921,228,1681,734,2560,1440
train\train_191.jpg,crops\train\train_191.jpg,1,0,0.963968,1091.99,299.92,1546.19,749.47,1001,210,1637,839,2560,1440
train\train_192.jpg,crops\train\train_192.jpg,1,0,0.964904,1110.77,272.33,1616.29,765.27,1010,174,1717,864,2560,1440
train\train_193.jpg,crops\train\train_193.jpg,1,0,0.472875,1071.53,140.69,1557.88,549.97,974,59,1655,632,2560,1440
train\train_194.jpg,crops\train\train_194.jpg,1,0,0.978745,1120.53,330.80,1578.90,718.35,1029,253,1671,796,2560,1440
train\train_195.jpg,crops\train\train_195.jpg,1,0,0.957999,1030.78,331.51,1494.40,720.86,938,254,1587,799,2560,1440
train\train_196.jpg,crops\train\train_196.jpg,1,0,0.680551,972.71,354.56,1422.12,737.91,883,278,1512,815,2560,1440
train\train_197.jpg,crops\train\train_197.jpg,1,0,0.950409,1162.79,261.80,1629.91,656.66,1069,183,1723,736,2560,1440
train\train_198.jpg,crops\train\train_198.jpg,1,0,0.980187,1058.27,266.00,1539.11,674.72,962,184,1635,756,2560,1440
train\train_199.jpg,crops\train\train_199.jpg,1,0,0.769402,1078.18,294.95,1510.68,589.20,992,236,1597,648,2560,1440
train\train_200.jpg,crops\train\train_200.jpg,1,0,0.961542,990.17,249.54,1466.77,567.92,895,186,1562,632,2560,1440
train\train_201.jpg,crops\train\train_201.jpg,1,0,0.965047,999.85,262.70,1479.86,584.39,904,198,1576,649,2560,1440
train\train_202.jpg,crops\train\train_202.jpg,1,0,0.739012,1327.64,383.63,1651.34,714.81,1263,317,1716,781,2560,1440
train\train_203.jpg,crops\train\train_203.jpg,1,0,0.960274,1288.83,311.60,1658.87,688.79,1215,236,1733,764,2560,1440
train\train_204.jpg,crops\train\train_204.jpg,1,0,0.957872,1064.37,469.24,1394.46,732.58,998,417,1460,785,2560,1440
train\train_205.jpg,crops\train\train_205.jpg,1,0,0.966359,1075.88,412.97,1406.23,672.20,1010,361,1472,724,2560,1440
train\train_206.jpg,crops\train\train_206.jpg,1,0,0.812966,1059.22,414.08,1391.12,671.11,993,363,1458,723,2560,1440
train\train_207.jpg,crops\train\train_207.jpg,1,0,0.968196,976.50,416.29,1309.88,684.26,910,363,1377,738,2560,1440
train\train_208.jpg,crops\train\train_208.jpg,1,0,0.963799,965.12,442.65,1300.82,716.70,898,388,1368,772,2560,1440
train\train_209.jpg,crops\train\train_209.jpg,1,0,0.879776,1109.45,522.25,1426.29,660.68,1046,495,1490,688,2560,1440
train\train_210.jpg,crops\train\train_210.jpg,1,0,0.659947,1044.11,527.62,1371.12,668.61,979,499,1437,697,2560,1440
train\train_211.jpg,crops\train\train_211.jpg,1,0,0.962409,1027.53,500.20,1349.70,643.52,963,472,1414,672,2560,1440
train\train_212.jpg,crops\train\train_212.jpg,1,0,0.972242,1020.53,275.64,1389.75,648.50,947,201,1464,723,2560,1440
train\train_213.jpg,crops\train\train_213.jpg,1,0,0.976441,1131.44,404.87,1486.27,765.14,1060,333,1557,837,2560,1440
train\train_214.jpg,crops\train\train_214.jpg,1,0,0.971942,1098.89,417.06,1431.67,670.82,1032,366,1498,722,2560,1440
train\train_215.jpg,crops\train\train_215.jpg,1,0,0.974976,1093.05,349.14,1419.27,602.08,1028,299,1485,653,2560,1440
train\train_216.jpg,crops\train\train_216.jpg,1,0,0.969472,1053.66,306.00,1380.15,553.15,988,257,1445,603,2560,1440
train\train_217.jpg,crops\train\train_217.jpg,1,0,0.970131,1038.78,308.03,1367.44,553.71,973,259,1433,603,2560,1440
train\train_218.jpg,crops\train\train_218.jpg,1,0,0.946125,1027.15,331.43,1348.76,574.67,963,283,1413,623,2560,1440
train\train_219.jpg,crops\train\train_219.jpg,1,0,0.819195,880.53,404.48,1280.38,550.90,801,375,1360,580,2560,1440
train\train_220.jpg,crops\train\train_220.jpg,1,0,0.953107,1033.72,324.37,1419.36,468.27,957,296,1496,497,2560,1440
train\train_221.jpg,crops\train\train_221.jpg,1,0,0.940163,1002.33,337.60,1392.87,485.63,924,308,1471,515,2560,1440
train\train_222.jpg,crops\train\train_222.jpg,1,0,0.970708,1117.99,424.62,1453.83,768.25,1051,356,1521,837,2560,1440
train\train_223.jpg,crops\train\train_223.jpg,1,0,0.549742,1184.97,400.49,1568.35,782.05,1108,324,1645,858,2560,1440
train\train_224.jpg,crops\train\train_224.jpg,1,0,0.967413,1226.24,251.28,1594.53,493.89,1153,203,1668,542,2560,1440
train\train_225.jpg,crops\train\train_225.jpg,1,0,0.974171,1015.13,288.58,1377.66,522.76,943,242,1450,570,2560,1440
train\train_226.jpg,crops\train\train_226.jpg,1,0,0.967067,986.51,205.97,1349.05,439.59,914,159,1422,486,2560,1440
train\train_227.jpg,crops\train\train_227.jpg,1,0,0.964565,946.12,198.05,1317.46,437.57,872,150,1392,485,2560,1440
train\train_228.jpg,crops\train\train_228.jpg,1,0,0.936379,849.35,139.84,1230.23,379.97,773,92,1306,428,2560,1440
train\train_229.jpg,crops\train\train_229.jpg,1,0,0.636814,1167.97,463.59,1521.60,607.32,1097,435,1592,636,2560,1440
train\train_230.jpg,crops\train\train_230.jpg,1,0,0.928601,1075.13,456.31,1436.48,591.68,1003,429,1509,619,2560,1440
train\train_231.jpg,crops\train\train_231.jpg,1,0,0.949014,1006.19,386.86,1377.19,524.57,932,359,1451,552,2560,1440
train\train_232.jpg,crops\train\train_232.jpg,1,0,0.963903,998.15,314.88,1467.22,778.66,904,222,1561,871,2560,1440
train\train_233.jpg,crops\train\train_233.jpg,1,0,0.940833,1066.96,281.29,1620.87,819.77,956,174,1732,927,2560,1440
train\train_234.jpg,crops\train\train_234.jpg,1,0,0.946103,1064.57,159.32,1502.48,558.19,977,80,1590,638,2560,1440
train\train_235.jpg,crops\train\train_235.jpg,1,0,0.961628,955.46,318.86,1403.94,728.26,866,237,1494,810,2560,1440
train\train_236.jpg,crops\train\train_236.jpg,1,0,0.947577,1022.33,270.88,1454.07,657.21,936,194,1540,734,2560,1440
train\train_237.jpg,crops\train\train_237.jpg,1,0,0.956093,997.72,262.69,1446.15,663.02,908,183,1536,743,2560,1440
train\train_238.jpg,crops\train\train_238.jpg,1,0,0.975122,933.59,250.40,1392.48,663.56,842,168,1484,746,2560,1440
train\train_239.jpg,crops\train\train_239.jpg,1,0,0.834928,1134.85,290.24,1621.91,629.34,1037,222,1719,697,2560,1440
train\train_240.jpg,crops\train\train_240.jpg,1,0,0.955500,971.18,221.62,1477.26,578.97,870,150,1578,650,2560,1440
train\train_241.jpg,crops\train\train_241.jpg,1,0,0.981932,921.27,258.28,1441.32,626.32,817,185,1545,700,2560,1440
train\train_242.jpg,crops\train\train_242.jpg,1,0,0.943560,1147.64,349.01,1615.26,815.36,1054,256,1709,909,2560,1440
train\train_243.jpg,crops\train\train_243.jpg,1,0,0.962550,1207.63,256.47,1759.61,782.97,1097,151,1870,888,2560,1440
train\train_244.jpg,crops\train\train_244.jpg,1,0,0.957435,1226.66,249.30,1642.85,629.48,1143,173,1726,706,2560,1440
train\train_245.jpg,crops\train\train_245.jpg,1,0,0.949623,1159.99,248.21,1592.20,643.49,1074,169,1679,723,2560,1440
train\train_246.jpg,crops\train\train_246.jpg,1,0,0.894459,1154.21,181.54,1589.16,589.45,1067,100,1676,671,2560,1440
train\train_247.jpg,crops\train\train_247.jpg,1,0,0.964659,1207.05,217.78,1650.63,624.63,1118,136,1739,706,2560,1440
train\train_248.jpg,crops\train\train_248.jpg,1,0,0.909638,1006.59,144.93,1490.16,572.30,910,59,1587,658,2560,1440
train\train_249.jpg,crops\train\train_249.jpg,1,0,0.935150,1049.86,259.47,1514.37,541.58,957,203,1607,598,2560,1440
train\train_250.jpg,crops\train\train_250.jpg,1,0,0.946001,1034.25,244.66,1512.87,541.66,939,185,1609,601,2560,1440
train\train_251.jpg,crops\train\train_251.jpg,1,0,0.940667,1068.76,238.35,1526.18,524.70,977,181,1618,582,2560,1440
train\train_252.jpg,crops\train\train_252.jpg,1,0,0.887682,1290.68,313.34,1559.05,591.34,1237,258,1613,647,2560,1440
train\train_253.jpg,crops\train\train_253.jpg,1,0,0.976931,1330.80,282.32,1633.51,591.71,1270,220,1694,654,2560,1440
train\train_254.jpg,crops\train\train_254.jpg,1,0,0.956784,1334.85,346.23,1639.90,545.49,1274,306,1701,585,2560,1440
train\train_255.jpg,crops\train\train_255.jpg,1,0,0.958646,1150.91,277.50,1460.85,480.74,1089,237,1523,521,2560,1440
train\train_256.jpg,crops\train\train_256.jpg,1,0,0.701287,1148.58,241.12,1466.30,451.95,1085,199,1530,494,2560,1440
train\train_257.jpg,crops\train\train_257.jpg,1,0,0.971782,1076.76,191.90,1395.05,407.26,1013,149,1459,450,2560,1440
train\train_258.jpg,crops\train\train_258.jpg,1,0,0.971655,1114.38,258.27,1423.17,468.76,1053,216,1485,511,2560,1440
train\train_259.jpg,crops\train\train_259.jpg,1,0,0.959485,1145.30,381.57,1413.60,485.06,1092,361,1467,506,2560,1440
train\train_260.jpg,crops\train\train_260.jpg,1,0,0.978388,1040.98,363.10,1325.41,475.28,984,341,1382,498,2560,1440
train\train_261.jpg,crops\train\train_261.jpg,1,0,0.718003,972.17,290.08,1270.28,406.13,913,267,1330,429,2560,1440
train\train_262.jpg,crops\train\train_262.jpg,1,0,0.981102,1310.78,365.24,1568.24,630.08,1259,312,1620,683,2560,1440
train\train_263.jpg,crops\train\train_263.jpg,1,0,0.968497,1408.46,306.65,1706.75,608.02,1349,246,1766,668,2560,1440
train\train_264.jpg,crops\train\train_264.jpg,1,0,0.973880,1288.81,353.70,1578.70,560.81,1231,312,1637,602,2560,1440
train\train_265.jpg,crops\train\train_265.jpg,1,0,0.937709,1090.22,375.27,1378.62,587.39,1033,333,1436,630,2560,1440
train\train_266.jpg,crops\train\train_266.jpg,1,0,0.977789,1040.97,449.01,1332.13,671.61,983,404,1390,716,2560,1440
train\train_267.jpg,crops\train\train_267.jpg,1,0,0.968707,1021.54,455.06,1316.53,678.55,963,410,1376,723,2560,1440
train\train_268.jpg,crops\train\train_268.jpg,1,0,0.951492,1004.79,449.25,1307.27,679.89,944,403,1368,726,2560,1440
train\train_269.jpg,crops\train\train_269.jpg,1,0,0.888473,1129.68,457.30,1425.31,575.90,1071,434,1484,600,2560,1440
train\train_270.jpg,crops\train\train_270.jpg,1,0,0.975967,1071.91,432.86,1380.33,556.68,1010,408,1442,581,2560,1440
train\train_271.jpg,crops\train\train_271.jpg,1,0,0.981853,1182.04,343.08,1461.91,640.05,1126,284,1518,699,2560,1440
train\train_272.jpg,crops\train\train_272.jpg,1,0,0.960878,1147.48,346.22,1479.41,680.52,1081,279,1546,747,2560,1440
train\train_273.jpg,crops\train\train_273.jpg,1,0,0.962952,1158.94,217.41,1468.64,424.18,1097,176,1531,466,2560,1440
train\train_274.jpg,crops\train\train_274.jpg,1,0,0.972961,1081.97,193.05,1401.40,407.55,1018,150,1465,450,2560,1440
train\train_275.jpg,crops\train\train_275.jpg,1,0,0.843398,999.36,178.46,1323.47,394.33,935,135,1388,438,2560,1440
train\train_276.jpg,crops\train\train_276.jpg,1,0,0.810205,955.49,230.11,1282.74,457.51,890,185,1348,503,2560,1440
train\train_277.jpg,crops\train\train_277.jpg,1,0,0.199980,1126.88,251.29,1432.68,458.59,1066,210,1494,500,2560,1440
train\train_278.jpg,crops\train\train_278.jpg,1,0,0.963102,953.86,394.94,1264.99,518.27,892,370,1327,543,2560,1440
train\train_279.jpg,crops\train\train_279.jpg,1,0,0.943597,930.85,420.24,1250.52,546.91,867,395,1314,572,2560,1440
train\train_280.jpg,crops\train\train_280.jpg,1,0,0.801262,934.50,464.41,1242.86,587.85,873,440,1305,613,2560,1440
train\train_281.jpg,crops\train\train_281.jpg,1,0,0.942106,1236.34,249.34,1534.89,556.25,1177,188,1595,618,2560,1440
train\train_282.jpg,crops\train\train_282.jpg,1,0,0.965951,1100.85,300.48,1393.82,601.13,1042,240,1452,661,2560,1440
train\train_283.jpg,crops\train\train_283.jpg,1,0,0.953288,1078.03,231.19,1373.94,428.89,1019,192,1433,468,2560,1440
train\train_284.jpg,crops\train\train_284.jpg,1,0,0.980381,1020.03,194.75,1324.08,401.39,959,153,1385,443,2560,1440
train\train_285.jpg,crops\train\train_285.jpg,1,0,0.975555,994.92,171.43,1298.07,374.76,934,131,1359,415,2560,1440
train\train_286.jpg,crops\train\train_286.jpg,1,0,0.971924,1297.50,389.28,1598.82,595.17,1237,348,1659,636,2560,1440
train\train_287.jpg,crops\train\train_287.jpg,1,0,0.866212,1203.27,460.49,1497.09,659.37,1145,421,1556,699,2560,1440
train\train_288.jpg,crops\train\train_288.jpg,1,0,0.550630,1052.29,431.12,1359.75,554.77,991,406,1421,580,2560,1440
train\train_289.jpg,crops\train\train_289.jpg,1,0,0.959996,1059.31,320.01,1395.67,450.68,992,294,1463,477,2560,1440
train\train_290.jpg,crops\train\train_290.jpg,1,0,0.925667,1042.50,322.33,1383.40,454.44,974,296,1452,481,2560,1440
train\train_291.jpg,crops\train\train_291.jpg,1,0,0.968055,1131.28,289.90,1590.73,751.49,1039,198,1683,844,2560,1440
train\train_292.jpg,crops\train\train_292.jpg,1,0,0.985049,1213.54,328.17,1682.10,787.03,1120,236,1776,879,2560,1440
train\train_293.jpg,crops\train\train_293.jpg,1,0,0.939614,977.78,153.06,1450.67,586.52,883,66,1545,673,2560,1440
train\train_294.jpg,crops\train\train_294.jpg,1,0,0.960112,788.06,169.47,1262.73,602.91,693,83,1358,690,2560,1440
train\train_295.jpg,crops\train\train_295.jpg,1,0,0.958696,828.09,100.95,1316.09,548.03,730,12,1414,637,2560,1440
train\train_296.jpg,crops\train\train_296.jpg,1,0,0.976409,791.50,106.66,1278.81,552.77,694,17,1376,642,2560,1440
train\train_297.jpg,crops\train\train_297.jpg,1,0,0.710333,888.63,182.44,1356.84,616.55,795,96,1450,703,2560,1440
train\train_298.jpg,crops\train\train_298.jpg,1,0,0.981188,920.00,290.20,1410.42,631.40,822,222,1509,700,2560,1440
train\train_299.jpg,crops\train\train_299.jpg,1,0,0.944113,957.09,252.42,1450.77,603.52,858,182,1550,674,2560,1440
train\train_300.jpg,crops\train\train_300.jpg,1,0,0.800667,911.04,236.87,1420.53,592.90,809,166,1522,664,2560,1440
train\train_301.jpg,crops\train\train_301.jpg,1,0,0.986304,1018.15,378.03,1351.99,719.38,951,310,1419,788,2560,1440
train\train_302.jpg,crops\train\train_302.jpg,1,0,0.442812,1129.03,241.89,1470.79,595.11,1061,171,1539,666,2560,1440
train\train_303.jpg,crops\train\train_303.jpg,1,0,0.961006,1138.24,292.95,1449.96,478.01,1076,256,1512,515,2560,1440
train\train_304.jpg,crops\train\train_304.jpg,1,0,0.977962,1029.48,424.91,1346.01,626.97,966,384,1409,667,2560,1440
train\train_305.jpg,crops\train\train_305.jpg,1,0,0.978054,1018.97,380.42,1347.59,590.53,953,338,1413,633,2560,1440
train\train_306.jpg,crops\train\train_306.jpg,1,0,0.832844,1047.26,383.39,1371.54,589.28,982,342,1436,630,2560,1440
train\train_307.jpg,crops\train\train_307.jpg,1,0,0.957718,965.95,327.68,1297.10,537.46,900,286,1363,579,2560,1440
train\train_308.jpg,crops\train\train_308.jpg,1,0,0.980124,1103.59,435.67,1399.62,549.63,1044,413,1459,572,2560,1440
train\train_309.jpg,crops\train\train_309.jpg,1,0,0.544590,1106.29,421.25,1409.36,542.11,1046,397,1470,566,2560,1440
train\train_310.jpg,crops\train\train_310.jpg,1,0,0.951405,1085.25,395.25,1390.27,518.34,1024,371,1451,543,2560,1440
train\train_311.jpg,crops\train\train_311.jpg,1,0,0.971968,1384.09,382.68,1660.35,657.81,1329,328,1716,713,2560,1440
train\train_312.jpg,crops\train\train_312.jpg,1,0,0.981200,1440.00,361.87,1812.64,734.97,1365,287,1887,810,2560,1440
train\train_313.jpg,crops\train\train_313.jpg,1,0,0.873791,1281.75,347.15,1612.90,510.56,1216,314,1679,543,2560,1440
train\train_314.jpg,crops\train\train_314.jpg,1,0,0.963343,1256.72,252.33,1604.29,417.15,1187,219,1674,450,2560,1440
train\train_315.jpg,crops\train\train_315.jpg,1,0,0.963141,1128.41,280.74,1480.16,456.20,1058,246,1551,491,2560,1440
train\train_316.jpg,crops\train\train_316.jpg,1,0,0.956096,1011.34,212.75,1371.76,394.64,939,176,1444,431,2560,1440
train\train_317.jpg,crops\train\train_317.jpg,1,0,0.945269,981.87,188.80,1343.42,368.73,910,153,1416,405,2560,1440
train\train_318.jpg,crops\train\train_318.jpg,1,0,0.893360,963.94,415.00,1309.97,532.24,895,392,1379,556,2560,1440
train\train_319.jpg,crops\train\train_319.jpg,1,0,0.961024,931.16,376.62,1286.39,506.15,860,351,1357,532,2560,1440
train\train_320.jpg,crops\train\train_320.jpg,1,0,0.940836,916.08,360.27,1278.48,486.94,844,335,1351,512,2560,1440
train\train_321.jpg,crops\train\train_321.jpg,1,0,0.976478,1083.35,365.15,1379.76,665.27,1024,305,1439,725,2560,1440
train\train_322.jpg,crops\train\train_322.jpg,1,0,0.969746,1117.71,287.79,1425.64,607.29,1056,224,1487,671,2560,1440
train\train_323.jpg,crops\train\train_323.jpg,1,0,0.966162,1221.35,195.71,1544.77,416.05,1157,152,1609,460,2560,1440
train\train_324.jpg,crops\train\train_324.jpg,1,0,0.952425,1119.92,347.95,1454.02,563.79,1053,305,1521,607,2560,1440
train\train_325.jpg,crops\train\train_325.jpg,1,0,0.959789,1007.22,264.46,1347.53,486.96,939,220,1416,531,2560,1440
train\train_326.jpg,crops\train\train_326.jpg,1,0,0.962558,1024.25,257.88,1360.73,476.76,957,214,1428,521,2560,1440
train\train_327.jpg,crops\train\train_327.jpg,1,0,0.969789,979.59,254.74,1317.55,477.14,912,210,1385,522,2560,1440
train\train_328.jpg,crops\train\train_328.jpg,1,0,0.960399,941.08,458.47,1277.26,584.85,874,433,1344,610,2560,1440
train\train_329.jpg,crops\train\train_329.jpg,1,0,0.796225,969.49,407.32,1308.97,534.40,902,382,1377,560,2560,1440
train\train_330.jpg,crops\train\train_330.jpg,1,0,0.958173,937.90,406.59,1276.50,533.56,870,381,1344,559,2560,1440
train\train_331.jpg,crops\train\train_331.jpg,1,0,0.977060,1270.64,368.12,1552.69,654.98,1214,311,1609,712,2560,1440
train\train_332.jpg,crops\train\train_332.jpg,1,0,0.972452,1162.30,243.77,1483.78,582.08,1098,176,1548,650,2560,1440
train\train_333.jpg,crops\train\train_333.jpg,1,0,0.974973,1227.90,304.02,1544.16,514.34,1165,262,1607,556,2560,1440
train\train_334.jpg,crops\train\train_334.jpg,1,0,0.975691,1244.88,432.44,1564.32,642.73,1181,390,1628,685,2560,1440
train\train_335.jpg,crops\train\train_335.jpg,1,0,0.958866,1172.45,387.32,1504.01,610.62,1106,343,1570,655,2560,1440
train\train_336.jpg,crops\train\train_336.jpg,1,0,0.947969,1102.61,423.21,1446.34,668.94,1034,374,1515,718,2560,1440
train\train_337.jpg,crops\train\train_337.jpg,1,0,0.764461,1047.53,418.40,1399.30,666.02,977,369,1470,716,2560,1440
train\train_338.jpg,crops\train\train_338.jpg,1,0,0.969462,1065.80,505.83,1399.98,645.70,999,478,1467,674,2560,1440
train\train_339.jpg,crops\train\train_339.jpg,1,0,0.963329,1144.53,465.05,1472.44,598.82,1079,438,1538,626,2560,1440
train\train_340.jpg,crops\train\train_340.jpg,1,0,0.446813,1121.20,474.20,1448.49,608.10,1056,447,1514,635,2560,1440
train\train_341.jpg,crops\train\train_341.jpg,1,0,0.971033,1080.86,440.42,1408.70,575.86,1015,413,1474,603,2560,1440
train\train_342.jpg,crops\train\train_342.jpg,1,0,0.984421,1381.84,405.13,1710.12,737.63,1316,339,1776,804,2560,1440
train\train_343.jpg,crops\train\train_343.jpg,1,0,0.968663,1308.43,259.47,1634.23,598.20,1243,192,1699,666,2560,1440
train\train_344.jpg,crops\train\train_344.jpg,1,0,0.976654,1280.20,351.06,1600.55,568.71,1216,308,1665,612,2560,1440
train\train_345.jpg,crops\train\train_345.jpg,1,0,0.971602,1085.36,371.51,1413.47,601.45,1020,326,1479,647,2560,1440
train\train_346.jpg,crops\train\train_346.jpg,1,0,0.970538,1045.00,375.84,1378.45,604.68,978,330,1445,650,2560,1440
train\train_347.jpg,crops\train\train_347.jpg,1,0,0.969174,1137.74,383.23,1454.96,601.68,1074,340,1518,645,2560,1440
train\train_348.jpg,crops\train\train_348.jpg,1,0,0.949301,1230.92,339.65,1549.49,550.57,1167,297,1613,593,2560,1440
train\train_349.jpg,crops\train\train_349.jpg,1,0,0.968120,1091.11,662.40,1410.76,778.75,1027,639,1475,802,2560,1440
train\train_350.jpg,crops\train\train_350.jpg,1,0,0.970360,1069.94,682.26,1385.90,804.34,1007,658,1449,829,2560,1440
train\train_351.jpg,crops\train\train_351.jpg,1,0,0.468189,1062.29,674.23,1375.29,794.85,1000,650,1438,819,2560,1440
train\train_352.jpg,crops\train\train_352.jpg,1,0,0.977826,1126.87,397.67,1380.21,653.78,1076,346,1431,705,2560,1440
train\train_353.jpg,crops\train\train_353.jpg,1,0,0.696243,1313.51,315.92,1626.96,641.61,1251,251,1690,707,2560,1440
train\train_354.jpg,crops\train\train_354.jpg,1,0,0.966811,1297.00,299.37,1610.63,483.41,1234,263,1673,520,2560,1440
train\train_355.jpg,crops\train\train_355.jpg,1,0,0.968500,1204.05,345.69,1512.56,538.70,1142,307,1574,577,2560,1440
train\train_356.jpg,crops\train\train_356.jpg,1,0,0.932906,1259.00,387.73,1574.20,586.78,1196,348,1637,627,2560,1440
train\train_357.jpg,crops\train\train_357.jpg,1,0,0.874046,1060.97,357.22,1390.52,572.35,995,314,1456,615,2560,1440
train\train_358.jpg,crops\train\train_358.jpg,1,0,0.979144,1011.21,371.57,1345.42,591.82,944,328,1412,636,2560,1440
train\train_359.jpg,crops\train\train_359.jpg,1,0,0.966610,1017.21,337.02,1348.92,449.68,951,314,1415,472,2560,1440
train\train_360.jpg,crops\train\train_360.jpg,1,0,0.954205,965.85,337.42,1291.13,448.01,901,315,1356,470,2560,1440
train\train_361.jpg,crops\train\train_361.jpg,1,0,0.934120,894.45,334.44,1234.91,450.17,826,311,1303,473,2560,1440
train\train_362.jpg,crops\train\train_362.jpg,1,0,0.885188,1003.35,279.37,1363.71,651.95,931,205,1436,726,2560,1440
train\train_363.jpg,crops\train\train_363.jpg,1,0,0.788661,1052.53,168.77,1429.00,554.23,977,92,1504,631,2560,1440
train\train_364.jpg,crops\train\train_364.jpg,1,0,0.965201,1305.74,390.99,1605.55,597.69,1246,350,1666,639,2560,1440
train\train_365.jpg,crops\train\train_365.jpg,1,0,0.978644,1110.25,419.11,1411.36,628.31,1050,377,1472,670,2560,1440
train\train_366.jpg,crops\train\train_366.jpg,1,0,0.980821,1063.51,423.42,1368.55,635.90,1003,381,1430,678,2560,1440
train\train_367.jpg,crops\train\train_367.jpg,1,0,0.974820,966.44,481.59,1266.65,697.56,906,438,1327,741,2560,1440
train\train_368.jpg,crops\train\train_368.jpg,1,0,0.980746,1083.11,499.63,1394.27,719.06,1021,456,1457,763,2560,1440
train\train_369.jpg,crops\train\train_369.jpg,1,0,0.915294,994.08,527.41,1316.26,656.94,930,502,1381,683,2560,1440
train\train_370.jpg,crops\train\train_370.jpg,1,0,0.887297,987.44,485.90,1305.45,618.10,924,459,1369,645,2560,1440
train\train_371.jpg,crops\train\train_371.jpg,1,0,0.977729,1120.67,413.53,1415.66,719.21,1062,352,1475,780,2560,1440
train\train_372.jpg,crops\train\train_372.jpg,1,0,0.977487,1175.75,372.85,1523.06,724.82,1106,302,1593,795,2560,1440
train\train_373.jpg,crops\train\train_373.jpg,1,0,0.978714,1202.15,280.69,1550.78,548.79,1132,227,1621,602,2560,1440
train\train_374.jpg,crops\train\train_374.jpg,1,0,0.966126,1141.73,385.65,1481.63,648.30,1074,333,1550,701,2560,1440
train\train_375.jpg,crops\train\train_375.jpg,1,0,0.839863,1116.57,406.01,1471.79,685.21,1046,350,1543,741,2560,1440
train\train_376.jpg,crops\train\train_376.jpg,1,0,0.954094,1164.12,412.69,1521.15,703.59,1093,355,1593,762,2560,1440
train\train_377.jpg,crops\train\train_377.jpg,1,0,0.978858,1117.06,404.97,1488.95,704.67,1043,345,1563,765,2560,1440
train\train_378.jpg,crops\train\train_378.jpg,1,0,0.964956,1143.28,299.95,1471.04,426.00,1078,275,1537,451,2560,1440
train\train_379.jpg,crops\train\train_379.jpg,1,0,0.939046,1207.39,342.29,1550.08,478.45,1139,315,1619,506,2560,1440
train\train_380.jpg,crops\train\train_380.jpg,1,0,0.930914,1227.85,282.78,1555.70,414.22,1162,256,1621,441,2560,1440
train\train_381.jpg,crops\train\train_381.jpg,1,0,0.978709,1335.31,387.73,1676.05,730.98,1267,319,1744,800,2560,1440
train\train_382.jpg,crops\train\train_382.jpg,1,0,0.284465,1329.02,346.21,1702.74,722.31,1254,271,1777,798,2560,1440
train\train_383.jpg,crops\train\train_383.jpg,1,0,0.946583,1287.13,402.15,1620.92,619.57,1220,359,1688,663,2560,1440
train\train_384.jpg,crops\train\train_384.jpg,1,0,0.444936,1119.33,364.44,1459.18,595.00,1051,318,1527,641,2560,1440
train\train_385.jpg,crops\train\train_385.jpg,1,0,0.969291,1129.09,451.27,1480.37,694.89,1059,403,1551,744,2560,1440
train\train_386.jpg,crops\train\train_386.jpg,1,0,0.964163,1155.90,503.31,1498.57,738.99,1087,456,1567,786,2560,1440
train\train_387.jpg,crops\train\train_387.jpg,1,0,0.977008,1080.87,435.77,1414.20,660.70,1014,391,1481,706,2560,1440
train\train_388.jpg,crops\train\train_388.jpg,1,0,0.962608,1215.72,330.83,1533.46,456.88,1152,306,1597,482,2560,1440
train\train_389.jpg,crops\train\train_389.jpg,1,0,0.530868,1174.84,279.29,1496.49,404.01,1111,254,1561,429,2560,1440
train\train_390.jpg,crops\train\train_390.jpg,1,0,0.728819,1173.68,301.63,1490.37,432.96,1110,275,1554,459,2560,1440
train\train_391.jpg,crops\train\train_391.jpg,1,0,0.971572,1150.96,466.33,1491.29,816.35,1083,396,1559,886,2560,1440
train\train_392.jpg,crops\train\train_392.jpg,1,0,0.970450,1049.24,438.41,1481.19,865.26,963,353,1568,951,2560,1440
train\train_393.jpg,crops\train\train_393.jpg,1,0,0.927274,1112.68,357.06,1453.52,594.26,1045,310,1522,642,2560,1440
train\train_394.jpg,crops\train\train_394.jpg,1,0,0.962965,1033.35,453.97,1372.46,701.69,966,404,1440,751,2560,1440
train\train_395.jpg,crops\train\train_395.jpg,1,0,0.965270,1040.89,399.36,1382.23,639.33,973,351,1450,687,2560,1440
train\train_396.jpg,crops\train\train_396.jpg,1,0,0.949921,1010.27,343.91,1366.20,601.02,939,292,1437,652,2560,1440
train\train_397.jpg,crops\train\train_397.jpg,1,0,0.980348,1010.59,357.07,1356.35,597.06,941,309,1426,645,2560,1440
train\train_398.jpg,crops\train\train_398.jpg,1,0,0.944719,1139.26,405.69,1445.88,519.02,1078,383,1507,542,2560,1440
train\train_399.jpg,crops\train\train_399.jpg,1,0,0.803718,1082.69,414.57,1389.47,527.08,1021,392,1451,550,2560,1440
train\train_400.jpg,crops\train\train_400.jpg,1,0,0.916757,1037.11,393.32,1360.79,518.30,972,368,1426,543,2560,1440
train\train_401.jpg,crops\train\train_401.jpg,1,0,0.332186,1192.21,326.49,1679.16,803.11,1095,231,1777,898,2560,1440
train\train_402.jpg,crops\train\train_402.jpg,1,0,0.844380,1070.46,279.10,1541.67,747.01,976,186,1636,841,2560,1440
train\train_403.jpg,crops\train\train_403.jpg,1,0,0.930933,1163.60,250.12,1641.56,649.44,1068,170,1737,729,2560,1440
train\train_404.jpg,crops\train\train_404.jpg,1,0,0.983687,1244.04,319.47,1738.57,731.38,1145,237,1837,814,2560,1440
train\train_405.jpg,crops\train\train_405.jpg,1,0,0.949936,1188.19,248.09,1698.14,665.51,1086,165,1800,749,2560,1440
train\train_406.jpg,crops\train\train_406.jpg,1,0,0.527129,1118.98,265.42,1594.96,709.21,1024,177,1690,798,2560,1440
train\train_407.jpg,crops\train\train_407.jpg,1,0,0.941492,1024.75,372.40,1504.37,810.36,929,285,1600,898,2560,1440
train\train_408.jpg,crops\train\train_408.jpg,1,0,0.945829,1163.25,293.41,1642.69,624.86,1067,227,1739,691,2560,1440
train\train_409.jpg,crops\train\train_409.jpg,1,0,0.961710,1208.91,266.56,1699.09,609.08,1111,198,1797,678,2560,1440
train\train_410.jpg,crops\train\train_410.jpg,1,0,0.947967,1010.47,261.72,1509.45,568.65,911,200,1609,630,2560,1440
train\train_411.jpg,crops\train\train_411.jpg,1,0,0.953346,1301.30,316.47,1640.89,664.71,1233,247,1709,734,2560,1440
train\train_412.jpg,crops\train\train_412.jpg,1,0,0.963669,1324.44,272.99,1693.26,646.07,1251,198,1767,721,2560,1440
train\train_413.jpg,crops\train\train_413.jpg,1,0,0.968189,1073.86,508.00,1413.02,767.64,1006,456,1481,820,2560,1440
train\train_414.jpg,crops\train\train_414.jpg,1,0,0.976279,1182.58,435.84,1490.13,641.20,1121,395,1552,682,2560,1440
train\train_415.jpg,crops\train\train_415.jpg,1,0,0.980041,1236.43,431.26,1544.86,634.31,1175,391,1607,675,2560,1440
train\train_416.jpg,crops\train\train_416.jpg,1,0,0.968090,1154.96,412.19,1466.57,620.32,1093,371,1529,662,2560,1440
train\train_417.jpg,crops\train\train_417.jpg,1,0,0.973207,1089.95,418.55,1396.44,630.40,1029,376,1458,673,2560,1440
train\train_418.jpg,crops\train\train_418.jpg,1,0,0.980282,1204.91,453.03,1493.92,567.90,1147,430,1552,591,2560,1440
train\train_419.jpg,crops\train\train_419.jpg,1,0,0.966527,1172.77,459.37,1466.80,578.86,1114,435,1526,603,2560,1440
train\train_420.jpg,crops\train\train_420.jpg,1,0,0.880404,1204.09,469.59,1505.51,586.66,1144,446,1566,610,2560,1440
train\train_421.jpg,crops\train\train_421.jpg,1,0,0.968074,1245.02,414.86,1553.32,730.31,1183,352,1615,793,2560,1440
train\train_422.jpg,crops\train\train_422.jpg,1,0,0.972773,1232.84,310.89,1596.54,681.06,1160,237,1669,755,2560,1440
train\train_423.jpg,crops\train\train_423.jpg,1,0,0.872396,1318.49,230.66,1633.21,496.36,1256,178,1696,549,2560,1440
train\train_424.jpg,crops\train\train_424.jpg,1,0,0.984967,1230.05,447.46,1510.78,659.89,1174,405,1567,702,2560,1440
train\train_425.jpg,crops\train\train_425.jpg,1,0,0.966924,1155.26,336.92,1446.75,553.68,1097,294,1505,597,2560,1440
train\train_426.jpg,crops\train\train_426.jpg,1,0,0.663669,1268.84,382.85,1562.92,601.23,1210,339,1622,645,2560,1440
train\train_427.jpg,crops\train\train_427.jpg,1,0,0.984714,1119.98,423.42,1411.26,641.63,1062,380,1470,685,2560,1440
train\train_428.jpg,crops\train\train_428.jpg,1,0,0.846036,1143.87,451.99,1406.18,564.88,1091,429,1459,587,2560,1440
train\train_429.jpg,crops\train\train_429.jpg,1,0,0.930371,1166.00,473.13,1441.28,581.47,1111,451,1496,603,2560,1440
train\train_430.jpg,crops\train\train_430.jpg,1,0,0.976908,1193.89,498.19,1465.46,606.76,1140,476,1520,628,2560,1440
train\train_431.jpg,crops\train\train_431.jpg,1,0,0.860098,1204.31,402.82,1528.60,729.01,1139,338,1593,794,2560,1440
train\train_432.jpg,crops\train\train_432.jpg,1,0,0.968974,1294.98,278.42,1672.92,657.38,1219,203,1749,733,2560,1440
train\train_433.jpg,crops\train\train_433.jpg,1,0,0.968754,1305.95,465.80,1609.08,701.56,1245,419,1670,749,2560,1440
train\train_434.jpg,crops\train\train_434.jpg,1,0,0.963719,1093.55,312.60,1435.54,551.72,1025,265,1504,600,2560,1440
train\train_435.jpg,crops\train\train_435.jpg,1,0,0.960263,1220.71,458.03,1546.41,688.14,1156,412,1612,734,2560,1440
train\train_436.jpg,crops\train\train_436.jpg,1,0,0.960892,1148.76,485.63,1471.62,716.94,1084,439,1536,763,2560,1440
train\train_437.jpg,crops\train\train_437.jpg,1,0,0.967286,1121.37,532.49,1441.14,762.42,1057,487,1505,808,2560,1440
train\train_438.jpg,crops\train\train_438.jpg,1,0,0.951732,1186.62,517.25,1521.56,664.16,1120,488,1589,694,2560,1440
train\train_439.jpg,crops\train\train_439.jpg,1,0,0.949041,1090.97,542.76,1421.83,685.37,1025,514,1488,714,2560,1440
train\train_440.jpg,crops\train\train_440.jpg,1,0,0.966827,1066.06,503.78,1407.55,650.63,998,474,1476,680,2560,1440
train\train_441.jpg,crops\train\train_441.jpg,1,0,0.961721,1243.90,368.69,1573.05,705.43,1178,301,1639,773,2560,1440
train\train_442.jpg,crops\train\train_442.jpg,1,0,0.978250,1220.16,315.37,1606.53,709.51,1143,237,1684,788,2560,1440
train\train_443.jpg,crops\train\train_443.jpg,1,0,0.880823,1128.66,443.59,1467.89,709.66,1061,390,1536,763,2560,1440
train\train_444.jpg,crops\train\train_444.jpg,1,0,0.965667,949.61,324.57,1311.08,587.61,877,272,1383,640,2560,1440
train\train_445.jpg,crops\train\train_445.jpg,1,0,0.537985,1045.99,304.00,1407.71,562.87,974,252,1480,615,2560,1440
train\train_446.jpg,crops\train\train_446.jpg,1,0,0.964615,1091.74,295.04,1463.41,566.43,1017,241,1538,621,2560,1440
train\train_447.jpg,crops\train\train_447.jpg,1,0,0.912004,1057.26,222.93,1417.42,478.84,985,172,1489,530,2560,1440
train\train_448.jpg,crops\train\train_448.jpg,1,0,0.952032,873.00,502.84,1219.00,639.58,804,475,1288,667,2560,1440
train\train_449.jpg,crops\train\train_449.jpg,1,0,0.970501,862.28,373.11,1214.05,507.39,792,346,1284,534,2560,1440
train\train_450.jpg,crops\train\train_450.jpg,1,0,0.892095,703.75,321.29,1058.45,448.44,633,296,1129,474,2560,1440
train\train_451.jpg,crops\train\train_451.jpg,1,0,0.979969,1199.79,317.02,1457.80,585.17,1148,263,1509,639,2560,1440
train\train_452.jpg,crops\train\train_452.jpg,1,0,0.971503,1089.00,388.05,1375.06,677.36,1032,330,1432,735,2560,1440
train\train_453.jpg,crops\train\train_453.jpg,1,0,0.969121,1088.54,357.59,1449.22,618.70,1016,305,1521,671,2560,1440
train\train_454.jpg,crops\train\train_454.jpg,1,0,0.959179,1005.82,276.88,1393.06,553.75,928,222,1471,609,2560,1440
train\train_455.jpg,crops\train\train_455.jpg,1,0,0.853159,989.55,394.73,1348.39,652.16,918,343,1420,704,2560,1440
train\train_456.jpg,crops\train\train_456.jpg,1,0,0.953094,962.51,368.75,1330.63,636.89,889,315,1404,691,2560,1440
train\train_457.jpg,crops\train\train_457.jpg,1,0,0.964980,1026.63,362.44,1395.55,629.20,953,309,1469,683,2560,1440
train\train_458.jpg,crops\train\train_458.jpg,1,0,0.963289,1064.17,534.93,1409.01,656.06,995,511,1478,680,2560,1440
train\train_459.jpg,crops\train\train_459.jpg,1,0,0.667780,1029.40,508.33,1370.36,639.23,961,482,1439,665,2560,1440
train\train_460.jpg,crops\train\train_460.jpg,1,0,0.307984,1003.59,484.82,1352.80,613.08,934,459,1423,639,2560,1440
train\train_461.jpg,crops\train\train_461.jpg,1,0,0.952536,1211.85,446.30,1531.59,775.91,1148,380,1596,842,2560,1440
train\train_462.jpg,crops\train\train_462.jpg,1,0,0.984216,1121.04,439.20,1478.33,805.88,1050,366,1550,879,2560,1440
train\train_463.jpg,crops\train\train_463.jpg,1,0,0.959584,1229.16,551.88,1594.12,843.68,1156,494,1667,902,2560,1440
train\train_464.jpg,crops\train\train_464.jpg,1,0,0.985843,1059.77,404.26,1442.55,701.33,983,345,1519,761,2560,1440
train\train_465.jpg,crops\train\train_465.jpg,1,0,0.929996,1093.22,328.80,1498.66,632.75,1012,268,1580,694,2560,1440
train\train_466.jpg,crops\train\train_466.jpg,1,0,0.930153,1144.95,334.90,1536.59,627.28,1067,276,1615,686,2560,1440
train\train_467.jpg,crops\train\train_467.jpg,1,0,0.633857,1222.73,474.56,1601.80,748.57,1147,420,1678,803,2560,1440
train\train_468.jpg,crops\train\train_468.jpg,1,0,0.966668,1065.15,507.80,1402.48,648.56,998,480,1470,677,2560,1440
train\train_469.jpg,crops\train\train_469.jpg,1,0,0.829931,1150.69,478.07,1472.17,614.67,1086,451,1536,642,2560,1440
train\train_470.jpg,crops\train\train_470.jpg,1,0,0.950665,1084.49,449.14,1422.61,594.71,1017,420,1490,624,2560,1440
train\train_471.jpg,crops\train\train_471.jpg,1,0,0.968892,1235.85,353.92,1526.37,653.34,1178,294,1584,713,2560,1440
train\train_472.jpg,crops\train\train_472.jpg,1,0,0.971823,1208.24,359.82,1508.53,666.84,1148,298,1569,728,2560,1440
train\train_473.jpg,crops\train\train_473.jpg,1,0,0.837792,1222.02,355.89,1511.11,577.55,1164,312,1569,622,2560,1440
train\train_474.jpg,crops\train\train_474.jpg,1,0,0.959283,1203.20,429.22,1513.42,594.75,1141,396,1575,628,2560,1440
train\train_475.jpg,crops\train\train_475.jpg,1,0,0.918504,1191.69,438.13,1498.04,604.82,1130,405,1559,638,2560,1440
train\train_476.jpg,crops\train\train_476.jpg,1,0,0.898456,1134.02,594.71,1439.58,779.13,1073,558,1501,816,2560,1440
train\train_477.jpg,crops\train\train_477.jpg,1,0,0.969065,1096.40,572.07,1405.29,757.67,1035,535,1467,795,2560,1440
train\train_478.jpg,crops\train\train_478.jpg,1,0,0.971709,1037.97,450.42,1338.96,561.83,978,428,1399,584,2560,1440
train\train_479.jpg,crops\train\train_479.jpg,1,0,0.954045,1002.09,398.25,1313.08,513.99,940,375,1375,537,2560,1440
train\train_480.jpg,crops\train\train_480.jpg,1,0,0.331767,880.95,284.86,1192.75,395.64,819,263,1255,418,2560,1440
train\train_481.jpg,crops\train\train_481.jpg,1,0,0.971717,1056.08,269.73,1355.98,582.33,996,207,1416,645,2560,1440
train\train_482.jpg,crops\train\train_482.jpg,1,0,0.770882,1040.90,379.69,1348.03,691.85,979,317,1409,754,2560,1440
train\train_483.jpg,crops\train\train_483.jpg,1,0,0.455205,1052.11,487.00,1396.03,749.46,983,435,1465,802,2560,1440
train\train_484.jpg,crops\train\train_484.jpg,1,0,0.966380,1005.91,382.73,1362.54,642.01,935,331,1434,694,2560,1440
train\train_485.jpg,crops\train\train_485.jpg,1,0,0.967077,941.75,321.55,1314.36,589.42,867,268,1389,643,2560,1440
train\train_486.jpg,crops\train\train_486.jpg,1,0,0.964723,926.35,306.20,1296.29,569.80,852,253,1370,623,2560,1440
train\train_487.jpg,crops\train\train_487.jpg,1,0,0.960095,929.30,262.46,1290.58,519.99,857,211,1363,572,2560,1440
train\train_488.jpg,crops\train\train_488.jpg,1,0,0.986588,917.69,276.56,1206.55,571.92,860,217,1264,631,2560,1440
train\train_489.jpg,crops\train\train_489.jpg,1,0,0.985185,989.49,403.52,1266.03,686.79,934,347,1321,743,2560,1440
train\train_490.jpg,crops\train\train_490.jpg,1,0,0.960066,1083.07,594.24,1436.91,854.41,1012,542,1508,906,2560,1440
train\train_491.jpg,crops\train\train_491.jpg,1,0,0.888539,1164.69,543.48,1538.04,822.46,1090,488,1613,878,2560,1440
train\train_492.jpg,crops\train\train_492.jpg,1,0,0.966310,1195.12,512.17,1570.73,779.92,1120,459,1646,833,2560,1440
train\train_493.jpg,crops\train\train_493.jpg,1,0,0.424622,1171.77,479.88,1541.81,738.33,1098,428,1616,790,2560,1440
train\train_494.jpg,crops\train\train_494.jpg,1,0,0.976450,1162.56,542.90,1518.90,785.13,1091,494,1590,834,2560,1440
train\train_495.jpg,crops\train\train_495.jpg,1,0,0.686556,1231.31,571.82,1576.26,725.99,1162,541,1645,757,2560,1440
train\train_496.jpg,crops\train\train_496.jpg,1,0,0.958042,1249.49,529.33,1598.13,677.82,1180,500,1668,708,2560,1440
val\val_001.jpg,crops\val\val_001.jpg,1,0,0.953852,1154.11,366.87,1545.04,756.27,1076,289,1623,834,2560,1440
val\val_002.jpg,crops\val\val_002.jpg,1,0,0.966917,1092.15,341.23,1483.88,708.28,1014,268,1562,782,2560,1440
val\val_003.jpg,crops\val\val_003.jpg,1,0,0.968110,962.72,405.64,1353.92,776.05,884,332,1432,850,2560,1440
val\val_004.jpg,crops\val\val_004.jpg,1,0,0.957633,981.60,418.90,1426.22,675.16,893,368,1515,726,2560,1440
val\val_005.jpg,crops\val\val_005.jpg,1,0,0.971280,1191.65,549.40,1493.38,858.85,1131,488,1554,921,2560,1440
val\val_006.jpg,crops\val\val_006.jpg,1,0,0.966889,1286.38,343.61,1605.20,646.02,1223,283,1669,707,2560,1440
val\val_007.jpg,crops\val\val_007.jpg,1,0,0.685822,1148.77,246.70,1483.00,568.65,1082,182,1550,633,2560,1440
val\val_008.jpg,crops\val\val_008.jpg,1,0,0.905878,1236.34,380.61,1648.16,661.65,1154,324,1731,718,2560,1440
val\val_009.jpg,crops\val\val_009.jpg,1,0,0.980602,1210.58,495.85,1520.50,808.38,1149,433,1582,871,2560,1440
val\val_010.jpg,crops\val\val_010.jpg,1,0,0.806203,1289.20,366.15,1649.84,712.30,1217,297,1722,782,2560,1440
val\val_011.jpg,crops\val\val_011.jpg,1,0,0.946482,1226.83,331.13,1589.09,680.37,1154,261,1662,750,2560,1440
val\val_012.jpg,crops\val\val_012.jpg,1,0,0.941407,1064.93,433.40,1471.30,724.00,984,375,1553,782,2560,1440
val\val_013.jpg,crops\val\val_013.jpg,1,0,0.979169,1260.65,555.75,1496.95,801.36,1213,507,1544,850,2560,1440
val\val_014.jpg,crops\val\val_014.jpg,1,0,0.982775,1290.58,339.65,1577.40,529.12,1233,302,1635,567,2560,1440
val\val_015.jpg,crops\val\val_015.jpg,1,0,0.984253,1235.97,370.00,1528.81,566.59,1177,331,1587,606,2560,1440
val\val_016.jpg,crops\val\val_016.jpg,1,0,0.793643,1004.85,376.56,1283.05,469.45,949,358,1339,488,2560,1440
val\val_017.jpg,crops\val\val_017.jpg,1,0,0.907893,1319.16,412.73,1542.60,642.44,1274,367,1587,688,2560,1440
val\val_018.jpg,crops\val\val_018.jpg,1,0,0.981469,1107.74,325.84,1358.50,518.51,1058,287,1409,557,2560,1440
val\val_019.jpg,crops\val\val_019.jpg,1,0,0.802369,1002.94,253.03,1264.69,450.18,951,214,1317,490,2560,1440
val\val_020.jpg,crops\val\val_020.jpg,1,0,0.916340,1035.46,251.69,1323.90,344.91,978,233,1382,364,2560,1440
val\val_021.jpg,crops\val\val_021.jpg,1,0,0.927187,1188.00,539.84,1404.35,766.52,1145,495,1448,812,2560,1440
val\val_022.jpg,crops\val\val_022.jpg,1,0,0.970554,1044.17,349.54,1292.27,543.51,995,311,1342,582,2560,1440
val\val_023.jpg,crops\val\val_023.jpg,1,0,0.930989,1039.44,244.91,1307.46,455.88,986,203,1361,498,2560,1440
val\val_024.jpg,crops\val\val_024.jpg,1,0,0.903168,1146.60,402.26,1424.37,502.96,1091,382,1480,523,2560,1440
val\val_025.jpg,crops\val\val_025.jpg,1,0,0.979842,1219.95,443.57,1447.07,676.36,1175,397,1492,723,2560,1440
val\val_026.jpg,crops\val\val_026.jpg,1,0,0.982655,1076.92,351.87,1317.07,533.30,1029,316,1365,570,2560,1440
val\val_027.jpg,crops\val\val_027.jpg,1,0,0.981240,1197.65,424.21,1443.58,611.01,1148,387,1493,648,2560,1440
val\val_028.jpg,crops\val\val_028.jpg,1,0,0.959618,1297.16,375.09,1587.25,473.29,1239,355,1645,493,2560,1440
val\val_029.jpg,crops\val\val_029.jpg,1,0,0.966914,1161.19,419.44,1438.33,708.12,1106,362,1494,766,2560,1440
val\val_030.jpg,crops\val\val_030.jpg,1,0,0.964246,1158.50,298.23,1466.85,591.07,1097,240,1529,650,2560,1440
val\val_031.jpg,crops\val\val_031.jpg,1,0,0.965372,1089.28,215.62,1426.62,543.26,1022,150,1494,609,2560,1440
val\val_032.jpg,crops\val\val_032.jpg,1,0,0.975061,1109.11,406.42,1525.70,691.88,1026,349,1609,749,2560,1440
val\val_033.jpg,crops\val\val_033.jpg,1,0,0.967590,1262.35,540.49,1460.58,742.18,1223,500,1500,783,2560,1440
val\val_034.jpg,crops\val\val_034.jpg,1,0,0.643586,1177.08,378.25,1408.33,562.29,1131,341,1455,599,2560,1440
val\val_035.jpg,crops\val\val_035.jpg,1,0,0.972149,1054.77,368.22,1293.46,561.50,1007,330,1341,600,2560,1440
val\val_036.jpg,crops\val\val_036.jpg,1,0,0.934913,1145.24,343.48,1436.73,442.71,1087,324,1495,463,2560,1440
val\val_037.jpg,crops\val\val_037.jpg,1,0,0.959568,1312.56,541.42,1534.21,777.50,1268,494,1579,825,2560,1440
val\val_038.jpg,crops\val\val_038.jpg,1,0,0.977380,1133.94,411.67,1364.35,584.63,1088,377,1410,619,2560,1440
val\val_039.jpg,crops\val\val_039.jpg,1,0,0.699096,1084.72,333.62,1331.17,509.96,1035,298,1380,545,2560,1440
val\val_040.jpg,crops\val\val_040.jpg,1,0,0.907797,1094.90,413.93,1360.73,501.60,1042,396,1414,519,2560,1440
val\val_041.jpg,crops\val\val_041.jpg,1,0,0.930718,1195.19,519.31,1406.31,742.17,1153,475,1449,787,2560,1440
val\val_042.jpg,crops\val\val_042.jpg,1,0,0.657159,1234.09,375.60,1475.72,567.64,1186,337,1524,606,2560,1440
val\val_043.jpg,crops\val\val_043.jpg,1,0,0.972722,1073.48,280.36,1337.61,492.47,1021,238,1390,535,2560,1440
val\val_044.jpg,crops\val\val_044.jpg,1,0,0.685384,1199.88,363.74,1478.63,467.75,1144,343,1534,489,2560,1440
val\val_045.jpg,crops\val\val_045.jpg,1,0,0.965440,1233.03,475.64,1562.95,812.44,1167,408,1629,880,2560,1440
val\val_046.jpg,crops\val\val_046.jpg,1,0,0.965909,906.78,371.06,1268.86,712.37,834,303,1341,781,2560,1440
val\val_047.jpg,crops\val\val_047.jpg,1,0,0.967614,1108.94,294.48,1473.24,641.58,1036,225,1546,711,2560,1440
val\val_048.jpg,crops\val\val_048.jpg,1,0,0.849405,1039.96,282.68,1421.63,539.92,964,231,1498,591,2560,1440
val\val_049.jpg,crops\val\val_049.jpg,1,0,0.930504,1374.69,508.33,1602.16,739.92,1329,462,1648,786,2560,1440
val\val_050.jpg,crops\val\val_050.jpg,1,0,0.980844,1096.10,308.60,1339.27,482.06,1047,274,1388,517,2560,1440
val\val_051.jpg,crops\val\val_051.jpg,1,0,0.973846,989.54,294.08,1236.86,476.77,940,258,1286,513,2560,1440
val\val_052.jpg,crops\val\val_052.jpg,1,0,0.951563,1074.91,448.27,1321.53,535.59,1026,431,1371,553,2560,1440
val\val_053.jpg,crops\val\val_053.jpg,1,0,0.976064,1158.57,524.87,1375.16,743.41,1115,481,1418,787,2560,1440
val\val_054.jpg,crops\val\val_054.jpg,1,0,0.917565,1164.46,416.27,1410.15,591.51,1115,381,1459,627,2560,1440
val\val_055.jpg,crops\val\val_055.jpg,1,0,0.984197,1014.07,291.96,1267.98,472.00,963,256,1319,508,2560,1440
val\val_056.jpg,crops\val\val_056.jpg,1,0,0.902497,1099.71,365.50,1350.08,457.61,1050,347,1400,476,2560,1440
val\val_057.jpg,crops\val\val_057.jpg,1,0,0.968191,1063.30,535.36,1296.48,776.28,1017,487,1343,824,2560,1440
val\val_058.jpg,crops\val\val_058.jpg,1,0,0.979069,1142.56,356.10,1394.46,522.58,1092,323,1445,556,2560,1440
val\val_059.jpg,crops\val\val_059.jpg,1,0,0.910259,1089.64,403.90,1351.79,505.08,1037,384,1404,525,2560,1440
val\val_060.jpg,crops\val\val_060.jpg,1,0,0.956886,1198.11,549.78,1414.76,768.55,1155,506,1458,812,2560,1440
val\val_061.jpg,crops\val\val_061.jpg,1,0,0.961843,1098.36,301.29,1358.44,486.54,1046,264,1410,524,2560,1440
val\val_062.jpg,crops\val\val_062.jpg,1,0,0.953177,956.75,440.06,1208.62,524.41,906,423,1259,541,2560,1440
val\val_063.jpg,crops\val\val_063.jpg,1,0,0.984446,1012.65,339.27,1263.20,523.53,963,302,1313,560,2560,1440
val\val_064.jpg,crops\val\val_064.jpg,1,0,0.401716,1249.41,519.08,1443.28,715.22,1211,480,1482,754,2560,1440
val\val_065.jpg,crops\val\val_065.jpg,1,0,0.695861,1179.60,429.12,1406.20,589.79,1134,397,1452,622,2560,1440
val\val_066.jpg,crops\val\val_066.jpg,1,0,0.935986,1135.10,402.31,1371.82,577.58,1088,367,1419,613,2560,1440
val\val_067.jpg,crops\val\val_067.jpg,1,0,0.778704,1099.41,423.86,1355.17,512.66,1048,406,1406,530,2560,1440
val\val_068.jpg,crops\val\val_068.jpg,1,0,0.966803,1288.65,523.24,1502.98,746.55,1246,479,1546,791,2560,1440
val\val_069.jpg,crops\val\val_069.jpg,1,0,0.882961,1087.54,291.74,1362.25,495.60,1033,251,1417,536,2560,1440
val\val_070.jpg,crops\val\val_070.jpg,1,0,0.789388,893.62,235.75,1189.11,458.88,835,191,1248,504,2560,1440
val\val_071.jpg,crops\val\val_071.jpg,1,0,0.945790,1035.87,382.12,1304.16,472.26,982,364,1358,490,2560,1440
val\val_072.jpg,crops\val\val_072.jpg,1,0,0.975494,1333.46,470.39,1562.33,697.03,1288,425,1608,742,2560,1440
val\val_073.jpg,crops\val\val_073.jpg,1,0,0.858807,1252.52,393.38,1478.46,543.63,1207,363,1524,574,2560,1440
val\val_074.jpg,crops\val\val_074.jpg,1,0,0.341668,1118.30,397.01,1373.86,567.09,1067,363,1425,601,2560,1440
val\val_075.jpg,crops\val\val_075.jpg,1,0,0.490657,1034.15,479.67,1295.11,570.06,982,462,1347,588,2560,1440
val\val_076.jpg,crops\val\val_076.jpg,1,0,0.977808,1209.11,426.51,1512.52,738.42,1148,364,1573,801,2560,1440
val\val_077.jpg,crops\val\val_077.jpg,1,0,0.978623,1246.96,275.24,1587.32,596.31,1179,211,1655,661,2560,1440
val\val_078.jpg,crops\val\val_078.jpg,1,0,0.959480,1133.66,225.23,1487.74,561.55,1063,158,1559,629,2560,1440
val\val_079.jpg,crops\val\val_079.jpg,1,0,0.960763,1194.40,293.13,1564.58,550.28,1120,242,1639,602,2560,1440
val\val_080.jpg,crops\val\val_080.jpg,1,0,0.962352,1026.47,450.50,1363.85,796.88,959,381,1431,866,2560,1440
val\val_081.jpg,crops\val\val_081.jpg,1,0,0.984708,1143.58,277.40,1474.18,572.01,1077,218,1540,631,2560,1440
val\val_082.jpg,crops\val\val_082.jpg,1,0,0.957018,1096.56,258.48,1441.31,559.45,1028,198,1510,620,2560,1440
val\val_083.jpg,crops\val\val_083.jpg,1,0,0.847648,1105.39,392.78,1462.83,625.31,1034,346,1534,672,2560,1440
val\val_084.jpg,crops\val\val_084.jpg,1,0,0.978652,1072.55,464.70,1312.95,713.53,1024,415,1361,763,2560,1440
val\val_085.jpg,crops\val\val_085.jpg,1,0,0.972099,1195.49,323.07,1427.60,487.14,1149,290,1474,520,2560,1440
val\val_086.jpg,crops\val\val_086.jpg,1,0,0.978356,1241.03,340.02,1477.58,518.15,1194,304,1525,554,2560,1440
val\val_087.jpg,crops\val\val_087.jpg,1,0,0.981608,1157.77,600.73,1384.70,678.58,1112,585,1430,694,2560,1440
val\val_088.jpg,crops\val\val_088.jpg,1,0,0.974960,1161.65,469.35,1374.27,683.75,1119,426,1417,727,2560,1440
val\val_089.jpg,crops\val\val_089.jpg,1,0,0.975046,1240.84,388.34,1463.22,547.08,1196,357,1508,579,2560,1440
val\val_090.jpg,crops\val\val_090.jpg,1,0,0.973919,1161.41,393.18,1389.15,557.33,1116,360,1435,590,2560,1440
val\val_091.jpg,crops\val\val_091.jpg,1,0,0.959222,1092.78,452.69,1334.87,532.13,1044,437,1383,548,2560,1440
val\val_092.jpg,crops\val\val_092.jpg,1,0,0.981372,1341.94,525.54,1577.67,774.10,1295,476,1625,824,2560,1440
val\val_093.jpg,crops\val\val_093.jpg,1,0,0.974420,1172.84,289.66,1420.73,467.73,1123,254,1470,503,2560,1440
val\val_094.jpg,crops\val\val_094.jpg,1,0,0.971074,1088.38,281.43,1342.40,467.45,1038,244,1393,505,2560,1440
val\val_095.jpg,crops\val\val_095.jpg,1,0,0.959109,1190.60,373.25,1432.01,470.39,1142,354,1480,490,2560,1440
val\val_096.jpg,crops\val\val_096.jpg,1,0,0.935324,1152.64,421.52,1516.96,788.76,1080,348,1590,862,2560,1440
val\val_097.jpg,crops\val\val_097.jpg,1,0,0.947264,1291.68,324.38,1654.04,671.52,1219,255,1727,741,2560,1440
val\val_098.jpg,crops\val\val_098.jpg,1,0,0.969812,1256.05,309.12,1639.76,665.83,1179,238,1716,737,2560,1440
val\val_099.jpg,crops\val\val_099.jpg,1,0,0.961306,1100.04,279.96,1467.56,537.89,1027,228,1541,589,2560,1440
val\val_100.jpg,crops\val\val_100.jpg,1,0,0.300976,1174.91,501.62,1407.34,739.82,1128,454,1454,787,2560,1440
val\val_101.jpg,crops\val\val_101.jpg,1,0,0.965988,1088.02,398.11,1347.26,590.94,1036,360,1399,630,2560,1440
val\val_102.jpg,crops\val\val_102.jpg,1,0,0.959502,843.56,372.26,1111.98,563.77,790,334,1166,602,2560,1440
val\val_103.jpg,crops\val\val_103.jpg,1,0,0.963680,1324.98,289.74,1593.03,385.02,1271,271,1647,404,2560,1440
val\val_104.jpg,crops\val\val_104.jpg,1,0,0.531407,1181.26,513.61,1376.25,718.02,1142,473,1415,759,2560,1440
val\val_105.jpg,crops\val\val_105.jpg,1,0,0.982253,1285.34,417.23,1513.05,601.99,1240,380,1559,639,2560,1440
val\val_106.jpg,crops\val\val_106.jpg,1,0,0.973913,1150.33,323.10,1373.76,483.69,1106,291,1418,516,2560,1440
val\val_107.jpg,crops\val\val_107.jpg,1,0,0.940998,1205.02,383.20,1441.46,467.78,1158,366,1489,485,2560,1440
val\val_108.jpg,crops\val\val_108.jpg,1,0,0.977260,1332.10,509.64,1542.88,723.35,1290,467,1585,766,2560,1440
val\val_109.jpg,crops\val\val_109.jpg,1,0,0.990086,1224.59,417.71,1448.07,573.63,1180,387,1493,605,2560,1440
val\val_110.jpg,crops\val\val_110.jpg,1,0,0.941827,1191.20,405.12,1418.17,564.81,1146,373,1464,597,2560,1440
val\val_111.jpg,crops\val\val_111.jpg,1,0,0.903938,1092.11,427.73,1309.47,511.52,1049,411,1353,528,2560,1440
val\val_112.jpg,crops\val\val_112.jpg,1,0,0.598441,1263.03,500.08,1470.54,714.28,1222,457,1512,757,2560,1440
val\val_113.jpg,crops\val\val_113.jpg,1,0,0.959796,1223.63,337.68,1444.96,499.56,1179,305,1489,532,2560,1440
val\val_114.jpg,crops\val\val_114.jpg,1,0,0.981192,1100.35,326.52,1329.36,501.40,1055,292,1375,536,2560,1440
val\val_115.jpg,crops\val\val_115.jpg,1,0,0.959786,1198.70,381.61,1434.68,461.79,1151,366,1482,478,2560,1440
val\val_116.jpg,crops\val\val_116.jpg,1,0,0.963177,1293.44,556.55,1503.36,774.65,1251,513,1545,818,2560,1440
val\val_117.jpg,crops\val\val_117.jpg,1,0,0.965470,1367.49,311.65,1610.07,481.74,1319,278,1659,516,2560,1440
val\val_118.jpg,crops\val\val_118.jpg,1,0,0.959275,1111.72,428.85,1358.45,606.14,1062,393,1408,642,2560,1440
val\val_119.jpg,crops\val\val_119.jpg,1,0,0.909375,1065.61,395.47,1341.40,481.89,1010,378,1397,499,2560,1440
val\val_120.jpg,crops\val\val_120.jpg,1,0,0.909953,1217.27,500.45,1422.79,715.43,1176,457,1464,758,2560,1440
val\val_121.jpg,crops\val\val_121.jpg,1,0,0.974048,1125.75,297.73,1358.82,473.52,1079,263,1405,509,2560,1440
val\val_122.jpg,crops\val\val_122.jpg,1,0,0.976746,1068.84,246.44,1282.15,391.58,1026,217,1325,421,2560,1440
val\val_123.jpg,crops\val\val_123.jpg,1,0,0.939132,1175.35,318.04,1449.88,409.54,1120,300,1505,428,2560,1440
val\val_124.jpg,crops\val\val_124.jpg,1,0,0.974606,1164.15,528.60,1385.90,758.20,1120,483,1430,804,2560,1440
val\val_125.jpg,crops\val\val_125.jpg,1,0,0.980386,1065.62,312.74,1312.23,501.73,1016,275,1362,540,2560,1440
val\val_126.jpg,crops\val\val_126.jpg,1,0,0.408728,1030.28,315.95,1293.42,517.49,978,276,1346,558,2560,1440
val\val_127.jpg,crops\val\val_127.jpg,1,0,0.941720,1093.13,497.08,1328.96,581.13,1046,480,1376,598,2560,1440
val\val_128.jpg,crops\val\val_128.jpg,1,0,0.887074,1202.49,529.85,1405.28,734.17,1162,489,1446,775,2560,1440
val\val_129.jpg,crops\val\val_129.jpg,1,0,0.970368,1183.23,561.38,1418.29,748.18,1136,524,1465,786,2560,1440
val\val_130.jpg,crops\val\val_130.jpg,1,0,0.932979,1033.25,549.44,1288.61,750.04,982,509,1340,790,2560,1440
val\val_131.jpg,crops\val\val_131.jpg,1,0,0.761765,1031.23,516.07,1278.36,604.80,982,498,1328,623,2560,1440
val\val_132.jpg,crops\val\val_132.jpg,1,0,0.702578,1262.37,485.75,1470.94,696.99,1221,443,1513,739,2560,1440
val\val_133.jpg,crops\val\val_133.jpg,1,0,0.984894,1277.13,487.84,1525.83,682.31,1227,449,1576,721,2560,1440
val\val_134.jpg,crops\val\val_134.jpg,1,0,0.985051,1187.62,451.48,1450.44,666.72,1135,408,1503,710,2560,1440
val\val_135.jpg,crops\val\val_135.jpg,1,0,0.848309,1231.99,358.36,1490.82,453.17,1180,339,1543,472,2560,1440
val\val_136.jpg,crops\val\val_136.jpg,1,0,0.561655,1232.95,494.29,1458.90,728.32,1188,447,1504,775,2560,1440
val\val_137.jpg,crops\val\val_137.jpg,1,0,0.981690,1258.58,342.54,1510.90,525.03,1208,306,1561,562,2560,1440
val\val_138.jpg,crops\val\val_138.jpg,1,0,0.280475,968.68,312.62,1238.08,509.32,915,273,1292,549,2560,1440
val\val_139.jpg,crops\val\val_139.jpg,1,0,0.952200,1145.61,384.31,1386.66,468.74,1097,367,1435,486,2560,1440
val\val_140.jpg,crops\val\val_140.jpg,1,0,0.977808,1262.95,501.53,1476.91,720.47,1220,458,1520,764,2560,1440
val\val_141.jpg,crops\val\val_141.jpg,1,0,0.880513,1109.43,461.12,1345.64,650.30,1062,423,1393,688,2560,1440
val\val_142.jpg,crops\val\val_142.jpg,1,0,0.982479,1003.33,415.91,1256.16,612.41,953,377,1307,652,2560,1440
val\val_143.jpg,crops\val\val_143.jpg,1,0,0.947000,1245.64,439.59,1487.32,538.97,1197,420,1536,559,2560,1440
val\val_144.jpg,crops\val\val_144.jpg,1,0,0.976852,1246.83,599.89,1462.44,821.27,1204,556,1506,866,2560,1440
val\val_145.jpg,crops\val\val_145.jpg,1,0,0.978821,1267.25,319.72,1502.60,500.73,1220,284,1550,537,2560,1440
val\val_146.jpg,crops\val\val_146.jpg,1,0,0.596378,1136.99,319.72,1383.93,513.55,1088,281,1433,552,2560,1440
val\val_147.jpg,crops\val\val_147.jpg,1,0,0.897609,1139.48,302.02,1396.80,387.80,1088,285,1448,405,2560,1440
val\val_148.jpg,crops\val\val_148.jpg,1,0,0.825182,1182.84,568.34,1408.47,803.29,1138,521,1454,850,2560,1440
val\val_149.jpg,crops\val\val_149.jpg,1,0,0.972028,1185.95,308.55,1414.28,477.66,1140,275,1460,511,2560,1440
val\val_150.jpg,crops\val\val_150.jpg,1,0,0.784861,1126.92,329.98,1346.34,484.02,1083,299,1390,515,2560,1440
val\val_151.jpg,crops\val\val_151.jpg,1,0,0.920323,1115.48,389.11,1352.06,465.61,1068,374,1399,481,2560,1440
val\val_152.jpg,crops\val\val_152.jpg,1,0,0.973805,1278.70,528.40,1494.33,746.32,1236,485,1537,790,2560,1440
val\val_153.jpg,crops\val\val_153.jpg,1,0,0.981078,1134.46,471.71,1368.68,642.53,1088,438,1416,677,2560,1440
val\val_154.jpg,crops\val\val_154.jpg,1,0,0.979973,937.60,373.38,1182.55,543.92,889,339,1232,578,2560,1440
val\val_155.jpg,crops\val\val_155.jpg,1,0,0.769998,1038.93,389.06,1321.79,477.49,982,371,1378,495,2560,1440
val\val_156.jpg,crops\val\val_156.jpg,1,0,0.571745,1245.17,461.28,1653.67,858.23,1163,382,1735,938,2560,1440
val\val_157.jpg,crops\val\val_157.jpg,1,0,0.965617,962.54,195.02,1389.03,596.25,877,115,1474,676,2560,1440
val\val_158.jpg,crops\val\val_158.jpg,1,0,0.802064,970.14,174.67,1398.88,572.91,884,95,1485,653,2560,1440
val\val_159.jpg,crops\val\val_159.jpg,1,0,0.902205,1130.02,193.98,1564.56,485.41,1043,136,1651,544,2560,1440
val\val_160.jpg,crops\val\val_160.jpg,1,0,0.968100,1153.93,443.68,1489.95,790.92,1087,374,1557,860,2560,1440
val\val_161.jpg,crops\val\val_161.jpg,1,0,0.965405,1024.68,247.42,1389.47,551.27,952,187,1462,612,2560,1440
val\val_162.jpg,crops\val\val_162.jpg,1,0,0.978601,924.73,219.72,1306.07,535.73,848,157,1382,599,2560,1440
val\val_163.jpg,crops\val\val_163.jpg,1,0,0.972876,1015.35,415.25,1417.57,662.71,935,366,1498,712,2560,1440
val\val_164.jpg,crops\val\val_164.jpg,1,0,0.983676,1277.00,540.57,1492.53,760.70,1234,497,1536,805,2560,1440
val\val_165.jpg,crops\val\val_165.jpg,1,0,0.980985,1255.54,279.92,1475.13,442.21,1212,247,1519,475,2560,1440
val\val_166.jpg,crops\val\val_166.jpg,1,0,0.380219,1016.09,202.10,1260.54,383.26,967,166,1309,419,2560,1440
val\val_167.jpg,crops\val\val_167.jpg,1,0,0.900482,1152.10,370.49,1401.60,452.36,1102,354,1452,469,2560,1440
val\val_168.jpg,crops\val\val_168.jpg,1,0,0.203361,1122.82,510.50,1333.91,732.19,1081,466,1376,777,2560,1440
val\val_169.jpg,crops\val\val_169.jpg,1,0,0.975237,1196.73,311.08,1444.52,485.08,1147,276,1494,520,2560,1440
val\val_170.jpg,crops\val\val_170.jpg,1,0,0.773945,928.51,327.22,1188.25,517.62,877,289,1240,556,2560,1440
val\val_171.jpg,crops\val\val_171.jpg,1,0,0.802187,1082.22,401.53,1345.07,484.08,1030,385,1398,501,2560,1440
val\val_172.jpg,crops\val\val_172.jpg,1,0,0.979875,1276.31,501.54,1493.99,728.10,1233,456,1538,773,2560,1440
val\val_173.jpg,crops\val\val_173.jpg,1,0,0.492458,1268.68,452.51,1507.59,646.49,1221,414,1555,685,2560,1440
val\val_174.jpg,crops\val\val_174.jpg,1,0,0.974896,1020.56,382.90,1282.68,591.78,968,341,1335,634,2560,1440
val\val_175.jpg,crops\val\val_175.jpg,1,0,0.968845,1126.14,346.95,1387.04,433.66,1074,330,1439,451,2560,1440
val\val_176.jpg,crops\val\val_176.jpg,1,0,0.981332,1177.65,543.38,1395.07,768.49,1134,498,1439,814,2560,1440
val\val_177.jpg,crops\val\val_177.jpg,1,0,0.359497,1074.57,337.96,1296.13,494.85,1030,307,1340,526,2560,1440
val\val_178.jpg,crops\val\val_178.jpg,1,0,0.778487,1040.64,253.36,1282.12,418.71,992,220,1330,452,2560,1440
val\val_179.jpg,crops\val\val_179.jpg,1,0,0.934462,1068.95,521.72,1313.30,605.77,1020,505,1362,623,2560,1440
val\val_180.jpg,crops\val\val_180.jpg,1,0,0.809157,1075.44,531.93,1264.90,724.42,1038,493,1303,763,2560,1440
val\val_181.jpg,crops\val\val_181.jpg,1,0,0.970155,1200.63,480.63,1422.85,652.60,1156,446,1467,687,2560,1440
val\val_182.jpg,crops\val\val_182.jpg,1,0,0.896109,1089.60,497.50,1335.49,577.86,1040,481,1385,594,2560,1440
val\val_183.jpg,crops\val\val_183.jpg,1,0,0.980029,1172.09,224.79,1402.71,403.63,1126,189,1449,439,2560,1440
val\val_184.jpg,crops\val\val_184.jpg,1,0,0.671737,1444.99,535.39,1662.01,754.00,1402,492,1705,798,2560,1440
val\val_185.jpg,crops\val\val_185.jpg,1,0,0.985013,1341.75,370.16,1582.00,541.35,1294,336,1630,576,2560,1440
val\val_186.jpg,crops\val\val_186.jpg,1,0,0.975864,1243.45,412.65,1486.21,591.06,1195,377,1535,627,2560,1440
val\val_187.jpg,crops\val\val_187.jpg,1,0,0.976180,1194.78,474.35,1437.71,563.87,1146,456,1486,582,2560,1440
val\val_188.jpg,crops\val\val_188.jpg,1,0,0.931539,1197.48,623.91,1412.57,845.05,1154,580,1456,889,2560,1440
val\val_189.jpg,crops\val\val_189.jpg,1,0,0.981490,1079.65,276.08,1327.77,466.25,1030,238,1377,504,2560,1440
val\val_190.jpg,crops\val\val_190.jpg,1,0,0.960765,1240.85,370.33,1486.80,552.17,1192,334,1536,589,2560,1440
val\val_191.jpg,crops\val\val_191.jpg,1,0,0.894405,1261.94,544.19,1507.09,625.46,1213,528,1556,642,2560,1440
val\val_192.jpg,crops\val\val_192.jpg,1,0,0.983257,1249.78,531.15,1442.13,730.49,1211,491,1481,770,2560,1440
val\val_193.jpg,crops\val\val_193.jpg,1,0,0.957609,1232.28,408.28,1447.83,556.72,1189,379,1491,586,2560,1440
val\val_194.jpg,crops\val\val_194.jpg,1,0,0.790483,1236.74,289.54,1472.54,455.36,1190,256,1520,489,2560,1440
val\val_195.jpg,crops\val\val_195.jpg,1,0,0.913323,1140.10,451.76,1391.20,532.76,1090,436,1441,549,2560,1440
val\val_196.jpg,crops\val\val_196.jpg,1,0,0.987410,1309.46,550.28,1523.03,775.10,1267,505,1566,820,2560,1440
val\val_197.jpg,crops\val\val_197.jpg,1,0,0.983714,1189.44,338.50,1444.23,532.87,1138,300,1495,572,2560,1440
val\val_198.jpg,crops\val\val_198.jpg,1,0,0.977868,1054.90,338.71,1318.74,542.07,1002,298,1372,583,2560,1440
val\val_199.jpg,crops\val\val_199.jpg,1,0,0.899584,1162.92,396.78,1428.69,490.21,1110,378,1482,509,2560,1440
