timestamp,utilization_gpu_percent,memory_used_mib,memory_total_mib,temperature_c,power_w
2026/09/13 02:46:05.953, 94, 4421, 8188, 68, 47.79
2026/09/13 02:46:36.097, 97, 4441, 8188, 69, 56.44
2026/09/13 02:47:06.162, 99, 4473, 8188, 71, 54.64
2026/09/13 02:47:36.228, 79, 4473, 8188, 70, 51.12
2026/09/13 02:48:06.308, 95, 4477, 8188, 71, 48.12
2026/09/13 02:48:36.391, 98, 4487, 8188, 71, 54.68
2026/09/13 02:49:06.447, 96, 4487, 8188, 71, 50.72
2026/09/13 02:49:36.509, 96, 4473, 8188, 72, 59.40
2026/09/13 02:50:06.570, 89, 4479, 8188, 72, 50.33
2026/09/13 02:50:36.635, 98, 4473, 8188, 72, 48.67
2026/09/13 02:51:06.700, 98, 4473, 8188, 72, 53.42
2026/09/13 02:51:36.759, 98, 4487, 8188, 72, 54.78
2026/09/13 02:52:06.830, 100, 4465, 8188, 72, 52.95
2026/09/13 02:52:36.898, 98, 4465, 8188, 72, 41.90
2026/09/13 02:53:06.954, 98, 4473, 8188, 73, 54.77
2026/09/13 02:53:37.043, 98, 4475, 8188, 73, 53.04
2026/09/13 02:54:07.126, 98, 4477, 8188, 73, 57.37
2026/09/13 02:54:37.225, 86, 4479, 8188, 73, 54.94
2026/09/13 02:55:07.292, 96, 4471, 8188, 73, 62.68
2026/09/13 02:55:37.364, 70, 4479, 8188, 71, 66.48
2026/09/13 02:56:07.423, 98, 4479, 8188, 72, 52.91
2026/09/13 02:56:37.481, 99, 4479, 8188, 72, 55.65
2026/09/13 02:57:07.540, 98, 4473, 8188, 73, 54.16
2026/09/13 02:57:37.605, 97, 4475, 8188, 73, 53.70
2026/09/13 02:58:07.663, 89, 4473, 8188, 73, 53.37
2026/09/13 02:58:37.722, 96, 4479, 8188, 73, 53.76
2026/09/13 02:59:07.784, 68, 2357, 8188, 71, 26.57
2026/09/13 02:59:37.846, 95, 4475, 8188, 73, 56.19
2026/09/13 03:00:07.924, 83, 4487, 8188, 72, 53.69
2026/09/13 03:00:38.006, 97, 4467, 8188, 72, 57.49
2026/09/13 03:01:08.065, 73, 4467, 8188, 73, 49.40
2026/09/13 03:01:38.136, 98, 4475, 8188, 71, 57.14
2026/09/13 03:02:08.190, 97, 4487, 8188, 72, 51.87
2026/09/13 03:02:38.272, 97, 4487, 8188, 73, 56.56
2026/09/13 03:03:08.335, 96, 4475, 8188, 73, 57.07
2026/09/13 03:03:38.419, 98, 4453, 8188, 73, 53.67
2026/09/13 03:04:08.479, 97, 4473, 8188, 71, 49.51
2026/09/13 03:04:38.532, 98, 4473, 8188, 73, 55.80
2026/09/13 03:05:08.596, 98, 4479, 8188, 72, 56.14
2026/09/13 03:05:38.662, 96, 4475, 8188, 73, 57.48
2026/09/13 03:06:08.721, 99, 4475, 8188, 73, 50.31
2026/09/13 03:06:38.774, 77, 4471, 8188, 72, 50.26
2026/09/13 03:07:08.834, 97, 4487, 8188, 72, 62.50
2026/09/13 03:07:38.891, 97, 4487, 8188, 72, 59.28
2026/09/13 03:08:08.950, 98, 4475, 8188, 73, 52.89
2026/09/13 03:08:39.019, 87, 4479, 8188, 72, 55.74
2026/09/13 03:09:09.080, 97, 4465, 8188, 73, 57.32
2026/09/13 03:09:39.151, 96, 4465, 8188, 72, 51.94
2026/09/13 03:10:09.212, 0, 273, 8188, 63, 2.03
2026/09/13 03:10:39.275, 0, 273, 8188, 57, 1.55
2026/09/13 03:11:09.334, 97, 3115, 8188, 66, 55.29
2026/09/13 03:11:39.387, 95, 3861, 8188, 68, 53.00
2026/09/13 03:12:09.470, 71, 3861, 8188, 69, 52.41
2026/09/13 03:12:39.550, 99, 3861, 8188, 70, 50.61
2026/09/13 03:13:09.624, 97, 3861, 8188, 70, 53.63
2026/09/13 03:13:39.699, 0, 3861, 8188, 64, 9.01
2026/09/13 03:14:09.766, 62, 3861, 8188, 68, 30.03
2026/09/13 03:14:39.843, 0, 3861, 8188, 64, 9.15
2026/09/13 03:15:09.902, 0, 3861, 8188, 53, 1.45
2026/09/13 03:15:39.967, 97, 3861, 8188, 66, 57.59
2026/09/13 03:16:10.036, 95, 3863, 8188, 67, 51.89
2026/09/13 03:16:40.098, 98, 3863, 8188, 69, 57.47
2026/09/13 03:17:10.162, 72, 3863, 8188, 70, 46.91
2026/09/13 03:17:40.221, 95, 3863, 8188, 70, 51.73
2026/09/13 03:18:10.299, 96, 3863, 8188, 70, 51.13
2026/09/13 03:18:40.351, 98, 3863, 8188, 71, 51.10
2026/09/13 03:19:10.405, 95, 3863, 8188, 71, 48.16
2026/09/13 03:19:40.474, 95, 3863, 8188, 71, 49.68
2026/09/13 03:20:10.546, 95, 3863, 8188, 71, 49.70
2026/09/13 03:20:40.615, 94, 3863, 8188, 72, 52.20
2026/09/13 03:21:10.681, 88, 3863, 8188, 72, 59.60
2026/09/13 03:21:40.740, 94, 3863, 8188, 72, 52.99
2026/09/13 03:22:10.805, 99, 3863, 8188, 72, 50.08
2026/09/13 03:22:40.868, 96, 3863, 8188, 71, 50.52
2026/09/13 03:23:10.935, 93, 3863, 8188, 72, 43.83
2026/09/13 03:23:41.000, 74, 3863, 8188, 71, 68.42
2026/09/13 03:24:11.083, 96, 3863, 8188, 72, 54.34
2026/09/13 03:24:41.136, 93, 3863, 8188, 72, 53.77
2026/09/13 03:25:11.200, 99, 3863, 8188, 72, 50.64
2026/09/13 03:25:41.281, 95, 3863, 8188, 72, 51.52
2026/09/13 03:26:11.350, 97, 3863, 8188, 71, 47.50
2026/09/13 03:26:41.406, 95, 3863, 8188, 71, 51.94
2026/09/13 03:27:11.467, 13, 3863, 8188, 68, 21.64
2026/09/13 03:27:41.530, 0, 273, 8188, 60, 1.56
2026/09/13 03:28:11.585, 0, 273, 8188, 55, 1.41
2026/09/13 03:28:41.637, 98, 4697, 8188, 66, 54.52
2026/09/13 03:29:11.690, 96, 4475, 8188, 68, 53.13
2026/09/13 03:29:41.746, 96, 4487, 8188, 70, 59.76
2026/09/13 03:30:11.821, 97, 4487, 8188, 70, 46.84
2026/09/13 03:30:41.885, 97, 4477, 8188, 71, 56.48
2026/09/13 03:31:11.974, 98, 4469, 8188, 71, 51.60
2026/09/13 03:31:42.042, 95, 4471, 8188, 72, 55.64
2026/09/13 03:32:12.110, 96, 4475, 8188, 72, 65.58
2026/09/13 03:32:42.193, 98, 4455, 8188, 72, 53.69
2026/09/13 03:33:12.264, 98, 4473, 8188, 72, 53.51
2026/09/13 03:33:42.333, 98, 4473, 8188, 73, 55.45
2026/09/13 03:34:12.416, 0, 2303, 8188, 57, 1.45
2026/09/13 03:34:42.514, 95, 4457, 8188, 67, 57.60
2026/09/13 03:35:12.574, 96, 4421, 8188, 69, 55.19
2026/09/13 03:35:42.637, 99, 4477, 8188, 69, 52.15
2026/09/13 03:36:12.700, 75, 4479, 8188, 70, 47.54
2026/09/13 03:36:42.754, 97, 4485, 8188, 71, 52.03
2026/09/13 03:37:12.821, 97, 4469, 8188, 72, 54.92
2026/09/13 03:37:42.873, 96, 4471, 8188, 71, 52.57
2026/09/13 03:38:12.926, 98, 4467, 8188, 72, 54.57
2026/09/13 03:38:42.982, 96, 4485, 8188, 72, 55.17
2026/09/13 03:39:13.041, 97, 4457, 8188, 72, 45.17
2026/09/13 03:39:43.103, 80, 4459, 8188, 72, 53.88
2026/09/13 03:40:13.173, 96, 4485, 8188, 72, 58.54
2026/09/13 03:40:43.228, 95, 4461, 8188, 72, 60.17
2026/09/13 03:41:13.296, 97, 4463, 8188, 72, 54.07
2026/09/13 03:41:43.356, 96, 4421, 8188, 72, 56.67
2026/09/13 03:42:13.427, 98, 4473, 8188, 72, 54.45
2026/09/13 03:42:43.488, 97, 4469, 8188, 73, 55.47
2026/09/13 03:43:13.551, 98, 4471, 8188, 73, 56.21
2026/09/13 03:43:43.622, 96, 4467, 8188, 72, 57.51
2026/09/13 03:44:13.693, 98, 4485, 8188, 73, 56.59
2026/09/13 03:44:43.746, 96, 4485, 8188, 72, 55.92
2026/09/13 03:45:13.811, 80, 4487, 8188, 72, 54.34
2026/09/13 03:45:43.865, 100, 4473, 8188, 72, 54.72
2026/09/13 03:46:13.921, 94, 4487, 8188, 73, 62.99
2026/09/13 03:46:43.997, 96, 4487, 8188, 71, 44.88
2026/09/13 03:47:14.059, 88, 4489, 8188, 72, 57.13
2026/09/13 03:47:44.135, 98, 4459, 8188, 72, 52.52
2026/09/13 03:48:14.196, 63, 2301, 8188, 70, 27.39
2026/09/13 03:48:44.260, 98, 4473, 8188, 72, 51.05
2026/09/13 03:49:14.312, 96, 4473, 8188, 72, 53.85
2026/09/13 03:49:44.376, 98, 4467, 8188, 73, 64.24
2026/09/13 03:50:14.436, 89, 4469, 8188, 72, 54.51
2026/09/13 03:50:44.489, 98, 4455, 8188, 72, 55.98
2026/09/13 03:51:14.545, 98, 4469, 8188, 72, 54.24
2026/09/13 03:51:44.613, 99, 4453, 8188, 71, 49.25
2026/09/13 03:52:14.671, 96, 4463, 8188, 73, 56.75
2026/09/13 03:52:44.725, 99, 4491, 8188, 72, 58.38
2026/09/13 03:53:14.801, 0, 493, 8188, 66, 9.07
2026/09/13 03:53:44.873, 0, 273, 8188, 59, 1.52
2026/09/13 03:54:14.952, 76, 3127, 8188, 61, 50.56
2026/09/13 03:54:45.009, 72, 3879, 8188, 65, 50.85
2026/09/13 03:55:15.077, 97, 3879, 8188, 68, 50.01
2026/09/13 03:55:45.147, 96, 3879, 8188, 69, 46.67
2026/09/13 03:56:15.210, 97, 3879, 8188, 70, 47.85
2026/09/13 03:56:45.286, 95, 3879, 8188, 70, 49.85
2026/09/13 03:57:15.367, 97, 3879, 8188, 70, 43.34
2026/09/13 03:57:45.425, 95, 3879, 8188, 71, 51.10
2026/09/13 03:58:15.487, 96, 3879, 8188, 71, 49.53
2026/09/13 03:58:45.552, 95, 3879, 8188, 70, 36.02
2026/09/13 03:59:15.636, 61, 3879, 8188, 71, 49.03
2026/09/13 03:59:45.699, 96, 3879, 8188, 72, 54.51
2026/09/13 04:00:15.781, 95, 3879, 8188, 71, 50.79
2026/09/13 04:00:45.850, 96, 3879, 8188, 72, 48.20
2026/09/13 04:01:15.912, 96, 3879, 8188, 71, 52.48
2026/09/13 04:01:45.980, 73, 3879, 8188, 72, 57.99
2026/09/13 04:02:16.043, 96, 3879, 8188, 72, 63.43
2026/09/13 04:02:46.096, 99, 3879, 8188, 72, 52.54
2026/09/13 04:03:16.158, 97, 3879, 8188, 72, 41.81
2026/09/13 04:03:46.226, 95, 3879, 8188, 71, 46.74
2026/09/13 04:04:16.288, 95, 3879, 8188, 72, 47.29
2026/09/13 04:04:46.344, 98, 3879, 8188, 72, 48.27
2026/09/13 04:05:16.408, 98, 3879, 8188, 72, 49.72
2026/09/13 04:05:46.462, 95, 3879, 8188, 72, 54.30
2026/09/13 04:06:16.537, 95, 3879, 8188, 72, 46.62
2026/09/13 04:06:46.605, 96, 3879, 8188, 72, 51.80
2026/09/13 04:07:16.662, 98, 3879, 8188, 72, 51.32
2026/09/13 04:07:46.710, 94, 3879, 8188, 72, 51.03
2026/09/13 04:08:16.762, 77, 3879, 8188, 72, 47.02
2026/09/13 04:08:46.833, 71, 3879, 8188, 72, 44.72
2026/09/13 04:09:16.886, 99, 3879, 8188, 72, 49.01
2026/09/13 04:09:46.952, 94, 3879, 8188, 73, 56.43
2026/09/13 04:10:17.016, 24, 565, 8188, 67, 5.05
2026/09/13 04:10:47.076, 0, 273, 8188, 58, 1.86
2026/09/13 04:11:17.134, 0, 273, 8188, 54, 1.43
2026/09/13 04:11:47.193, 71, 4699, 8188, 66, 50.87
2026/09/13 04:12:17.246, 97, 4401, 8188, 69, 53.53
2026/09/13 04:12:47.308, 74, 4429, 8188, 70, 42.17
2026/09/13 04:13:17.370, 75, 4431, 8188, 69, 51.64
2026/09/13 04:13:47.446, 98, 4453, 8188, 71, 53.90
2026/09/13 04:14:17.519, 98, 4437, 8188, 71, 51.66
2026/09/13 04:14:47.582, 96, 4437, 8188, 71, 55.36
2026/09/13 04:15:17.645, 95, 4459, 8188, 72, 55.52
2026/09/13 04:15:47.700, 98, 4433, 8188, 72, 54.42
2026/09/13 04:16:17.754, 96, 1633, 8188, 71, 56.18
2026/09/13 04:16:47.812, 98, 4439, 8188, 72, 52.89
2026/09/13 04:17:17.907, 95, 4453, 8188, 72, 55.63
2026/09/13 04:17:47.961, 96, 4459, 8188, 72, 55.51
2026/09/13 04:18:18.025, 99, 4459, 8188, 72, 52.84
2026/09/13 04:18:48.114, 98, 4445, 8188, 72, 48.75
2026/09/13 04:19:18.177, 95, 4453, 8188, 72, 64.59
2026/09/13 04:19:48.251, 77, 4453, 8188, 72, 48.85
2026/09/13 04:20:18.304, 97, 4437, 8188, 72, 47.82
2026/09/13 04:20:48.362, 98, 4439, 8188, 73, 52.61
2026/09/13 04:21:18.457, 98, 4431, 8188, 71, 46.91
2026/09/13 04:21:48.534, 96, 4433, 8188, 73, 54.22
2026/09/13 04:22:18.597, 98, 4439, 8188, 73, 57.52
2026/09/13 04:22:48.658, 97, 4439, 8188, 71, 56.05
2026/09/13 04:23:18.723, 98, 4441, 8188, 73, 56.04
2026/09/13 04:23:48.776, 97, 4455, 8188, 73, 54.36
2026/09/13 04:24:18.834, 98, 4431, 8188, 73, 51.97
2026/09/13 04:24:48.899, 97, 4433, 8188, 71, 57.79
2026/09/13 04:25:18.958, 94, 4439, 8188, 73, 53.41
2026/09/13 04:25:49.022, 96, 4435, 8188, 72, 40.29
2026/09/13 04:26:19.089, 96, 4459, 8188, 73, 56.00
2026/09/13 04:26:49.146, 95, 4459, 8188, 73, 59.13
2026/09/13 04:27:19.206, 98, 4427, 8188, 73, 54.81
2026/09/13 04:27:49.270, 98, 4435, 8188, 73, 57.25
2026/09/13 04:28:19.330, 99, 4435, 8188, 73, 64.70
2026/09/13 04:28:49.383, 96, 4459, 8188, 72, 54.40
2026/09/13 04:29:19.442, 97, 4435, 8188, 72, 56.79
2026/09/13 04:29:49.515, 95, 4437, 8188, 72, 50.24
2026/09/13 04:30:19.571, 76, 4439, 8188, 72, 46.94
2026/09/13 04:30:49.624, 96, 4453, 8188, 72, 56.23
2026/09/13 04:31:19.687, 85, 4439, 8188, 72, 54.77
2026/09/13 04:31:49.752, 97, 4441, 8188, 73, 53.14
2026/09/13 04:32:19.831, 98, 4435, 8188, 73, 60.78
2026/09/13 04:32:49.890, 97, 4431, 8188, 73, 48.47
2026/09/13 04:33:19.943, 7, 2355, 8188, 70, 25.69
2026/09/13 04:33:50.002, 99, 4459, 8188, 73, 55.72
2026/09/13 04:34:20.059, 100, 4435, 8188, 73, 52.40
2026/09/13 04:34:50.115, 97, 4439, 8188, 73, 58.25
2026/09/13 04:35:20.182, 96, 4439, 8188, 72, 54.99
2026/09/13 04:35:50.247, 97, 4445, 8188, 71, 56.06
2026/09/13 04:36:20.333, 0, 245, 8188, 66, 14.18
2026/09/13 04:36:50.398, 0, 273, 8188, 58, 1.48
2026/09/13 04:37:20.450, 95, 3113, 8188, 63, 50.26
2026/09/13 04:37:50.510, 80, 3859, 8188, 66, 21.70
2026/09/13 04:38:20.568, 95, 3859, 8188, 69, 46.85
2026/09/13 04:38:50.633, 94, 3859, 8188, 70, 49.08
2026/09/13 04:39:20.699, 99, 3859, 8188, 70, 49.61
2026/09/13 04:39:50.775, 95, 3859, 8188, 70, 50.44
2026/09/13 04:40:20.845, 90, 3859, 8188, 70, 53.52
2026/09/13 04:40:50.947, 98, 3859, 8188, 70, 52.16
2026/09/13 04:41:21.010, 96, 3859, 8188, 70, 36.63
2026/09/13 04:41:51.108, 77, 3861, 8188, 71, 47.49
2026/09/13 04:42:21.176, 96, 3861, 8188, 72, 49.94
2026/09/13 04:42:51.238, 96, 3861, 8188, 72, 51.28
2026/09/13 04:43:21.306, 99, 3861, 8188, 72, 50.84
2026/09/13 04:43:51.373, 75, 3861, 8188, 72, 49.27
2026/09/13 04:44:21.457, 95, 3861, 8188, 72, 56.89
2026/09/13 04:44:51.528, 95, 3861, 8188, 72, 50.34
2026/09/13 04:45:21.611, 73, 3861, 8188, 74, 50.22
2026/09/13 04:45:51.688, 98, 3861, 8188, 72, 49.18
2026/09/13 04:46:21.741, 98, 3861, 8188, 72, 55.53
2026/09/13 04:46:51.802, 99, 3861, 8188, 72, 49.02
2026/09/13 04:47:21.881, 97, 3861, 8188, 72, 52.80
2026/09/13 04:47:51.948, 72, 3861, 8188, 72, 48.06
2026/09/13 04:48:22.006, 73, 3861, 8188, 72, 51.05
2026/09/13 04:48:52.060, 94, 3861, 8188, 72, 49.44
2026/09/13 04:49:22.120, 98, 3861, 8188, 72, 57.21
2026/09/13 04:49:52.201, 93, 3861, 8188, 72, 48.44
2026/09/13 04:50:22.250, 97, 3861, 8188, 73, 54.79
2026/09/13 04:50:52.319, 94, 3861, 8188, 72, 48.30
2026/09/13 04:51:22.384, 96, 3861, 8188, 73, 59.30
2026/09/13 04:51:52.437, 97, 3861, 8188, 72, 56.64
2026/09/13 04:52:22.513, 98, 3861, 8188, 72, 54.24
2026/09/13 04:52:52.580, 91, 3861, 8188, 71, 53.40
2026/09/13 04:53:22.632, 0, 273, 8188, 60, 1.52
2026/09/13 04:53:52.685, 0, 273, 8188, 55, 1.61
2026/09/13 04:54:22.745, 94, 4687, 8188, 66, 55.30
2026/09/13 04:54:52.809, 96, 4435, 8188, 66, 56.86
2026/09/13 04:55:22.867, 71, 4435, 8188, 69, 49.74
2026/09/13 04:55:52.926, 97, 4459, 8188, 70, 55.37
2026/09/13 04:56:22.991, 82, 4437, 8188, 71, 50.67
2026/09/13 04:56:53.056, 97, 4429, 8188, 71, 54.49
2026/09/13 04:57:23.125, 100, 4431, 8188, 71, 34.89
2026/09/13 04:57:53.206, 76, 4435, 8188, 71, 47.29
2026/09/13 04:58:23.275, 97, 4439, 8188, 72, 52.99
2026/09/13 04:58:53.352, 97, 3823, 8188, 72, 57.18
2026/09/13 04:59:23.415, 100, 4433, 8188, 71, 53.43
2026/09/13 04:59:53.490, 98, 4441, 8188, 72, 50.43
2026/09/13 05:00:23.566, 99, 4401, 8188, 72, 46.81
2026/09/13 05:00:53.636, 97, 4401, 8188, 71, 54.86
2026/09/13 05:01:23.705, 96, 4439, 8188, 72, 55.88
2026/09/13 05:01:53.767, 97, 4453, 8188, 73, 57.19
2026/09/13 05:02:23.834, 0, 1213, 8188, 69, 25.26
2026/09/13 05:02:53.923, 96, 4451, 8188, 72, 54.51
2026/09/13 05:03:23.992, 97, 4447, 8188, 72, 56.09
2026/09/13 05:03:54.044, 99, 4453, 8188, 71, 52.81
2026/09/13 05:04:24.109, 97, 4453, 8188, 72, 54.75
2026/09/13 05:04:54.180, 96, 4441, 8188, 72, 55.98
2026/09/13 05:05:24.240, 96, 4453, 8188, 72, 55.64
2026/09/13 05:05:54.304, 0, 963, 8188, 70, 46.26
2026/09/13 05:06:24.363, 97, 4427, 8188, 73, 54.39
2026/09/13 05:06:54.434, 98, 4401, 8188, 71, 55.87
2026/09/13 05:07:24.505, 96, 4433, 8188, 72, 56.07
2026/09/13 05:07:54.558, 98, 4435, 8188, 72, 51.42
2026/09/13 05:08:24.617, 97, 4429, 8188, 72, 57.90
2026/09/13 05:08:54.694, 96, 4447, 8188, 72, 54.49
2026/09/13 05:09:24.766, 81, 2307, 8188, 72, 46.24
2026/09/13 05:09:54.817, 96, 4453, 8188, 72, 42.94
2026/09/13 05:10:24.876, 100, 4455, 8188, 72, 55.37
2026/09/13 05:10:54.947, 98, 4431, 8188, 72, 50.64
2026/09/13 05:11:25.000, 99, 4433, 8188, 72, 50.32
2026/09/13 05:11:55.065, 96, 4459, 8188, 72, 56.12
2026/09/13 05:12:25.142, 75, 4461, 8188, 72, 41.93
2026/09/13 05:12:55.211, 96, 4441, 8188, 71, 50.06
2026/09/13 05:13:25.280, 96, 4443, 8188, 72, 59.88
2026/09/13 05:13:55.342, 97, 4433, 8188, 73, 54.79
2026/09/13 05:14:25.402, 88, 4433, 8188, 71, 52.89
2026/09/13 05:14:55.473, 99, 4435, 8188, 72, 50.56
2026/09/13 05:15:25.528, 97, 4447, 8188, 72, 53.63
2026/09/13 05:15:55.590, 97, 4439, 8188, 72, 56.78
2026/09/13 05:16:25.653, 97, 4429, 8188, 72, 52.32
2026/09/13 05:16:55.733, 98, 4429, 8188, 72, 59.45
2026/09/13 05:17:25.781, 96, 4427, 8188, 73, 56.70
2026/09/13 05:17:55.837, 73, 4463, 8188, 70, 52.34
2026/09/13 05:18:25.892, 95, 4463, 8188, 72, 53.55
2026/09/13 05:18:55.944, 0, 273, 8188, 61, 1.62
2026/09/13 05:19:26.003, 0, 273, 8188, 56, 1.63
2026/09/13 05:19:56.074, 97, 3135, 8188, 66, 56.73
2026/09/13 05:20:26.132, 99, 3879, 8188, 67, 45.02
2026/09/13 05:20:56.232, 95, 3879, 8188, 69, 51.34
2026/09/13 05:21:26.309, 83, 3879, 8188, 69, 47.88
2026/09/13 05:21:56.399, 96, 3879, 8188, 70, 51.82
2026/09/13 05:22:26.460, 0, 3879, 8188, 60, 1.52
2026/09/13 05:22:56.530, 100, 3879, 8188, 68, 49.44
2026/09/13 05:23:26.606, 70, 3879, 8188, 70, 51.24
2026/09/13 05:23:56.660, 70, 3879, 8188, 70, 48.42
2026/09/13 05:24:26.725, 80, 3879, 8188, 71, 51.62
2026/09/13 05:24:56.793, 95, 3879, 8188, 70, 48.37
2026/09/13 05:25:26.857, 95, 3879, 8188, 71, 51.46
2026/09/13 05:25:56.932, 98, 3879, 8188, 71, 53.66
2026/09/13 05:26:27.003, 72, 3879, 8188, 71, 49.98
2026/09/13 05:26:57.090, 49, 3879, 8188, 71, 47.38
2026/09/13 05:27:27.154, 95, 3879, 8188, 71, 47.96
2026/09/13 05:27:57.213, 95, 3879, 8188, 72, 56.51
2026/09/13 05:28:27.320, 95, 3879, 8188, 71, 51.48
2026/09/13 05:28:57.407, 99, 3879, 8188, 72, 50.78
2026/09/13 05:29:27.463, 85, 3879, 8188, 72, 48.27
2026/09/13 05:29:57.527, 99, 3879, 8188, 72, 52.35
2026/09/13 05:30:27.580, 86, 3879, 8188, 71, 50.51
2026/09/13 05:30:57.632, 97, 3879, 8188, 72, 53.00
2026/09/13 05:31:27.701, 88, 3879, 8188, 72, 41.97
2026/09/13 05:31:57.756, 98, 3879, 8188, 71, 52.97
2026/09/13 05:32:27.814, 96, 3879, 8188, 71, 46.04
2026/09/13 05:32:57.870, 93, 3879, 8188, 71, 51.21
2026/09/13 05:33:27.936, 95, 3879, 8188, 72, 51.17
2026/09/13 05:33:58.018, 97, 3879, 8188, 72, 53.36
2026/09/13 05:34:28.086, 95, 3879, 8188, 72, 59.76
2026/09/13 05:34:58.152, 83, 3879, 8188, 72, 49.20
2026/09/13 05:35:28.211, 99, 3879, 8188, 71, 52.45
2026/09/13 05:35:58.275, 0, 273, 8188, 61, 1.56
2026/09/13 05:36:28.341, 0, 273, 8188, 55, 1.53
2026/09/13 05:36:58.398, 96, 4701, 8188, 66, 58.38
2026/09/13 05:37:28.463, 95, 4383, 8188, 68, 55.40
2026/09/13 05:37:58.521, 96, 4383, 8188, 70, 56.57
2026/09/13 05:38:28.613, 98, 4431, 8188, 70, 52.46
2026/09/13 05:38:58.678, 95, 4455, 8188, 70, 54.06
2026/09/13 05:39:28.753, 85, 4417, 8188, 71, 55.01
2026/09/13 05:39:58.814, 81, 4417, 8188, 70, 49.41
2026/09/13 05:40:28.867, 99, 4441, 8188, 71, 48.74
2026/09/13 05:40:58.924, 75, 4413, 8188, 70, 37.58
2026/09/13 05:41:29.006, 97, 4413, 8188, 72, 56.86
2026/09/13 05:41:59.067, 98, 4421, 8188, 72, 52.26
2026/09/13 05:42:29.133, 76, 4455, 8188, 72, 55.40
2026/09/13 05:42:59.197, 6, 2353, 8188, 69, 26.23
2026/09/13 05:43:29.262, 97, 4441, 8188, 72, 56.54
2026/09/13 05:43:59.323, 82, 4447, 8188, 71, 53.93
2026/09/13 05:44:29.381, 96, 4455, 8188, 72, 52.90
2026/09/13 05:44:59.446, 95, 4455, 8188, 72, 55.73
2026/09/13 05:45:29.499, 77, 4417, 8188, 72, 48.32
2026/09/13 05:45:59.557, 98, 4421, 8188, 72, 54.00
2026/09/13 05:46:29.634, 73, 4421, 8188, 73, 48.82
2026/09/13 05:46:59.700, 96, 4413, 8188, 71, 49.27
2026/09/13 05:47:29.760, 98, 4421, 8188, 72, 57.97
2026/09/13 05:47:59.822, 98, 4421, 8188, 72, 54.66
2026/09/13 05:48:29.875, 96, 4421, 8188, 72, 55.76
2026/09/13 05:48:59.940, 96, 4455, 8188, 73, 52.99
2026/09/13 05:49:30.023, 96, 4413, 8188, 72, 53.42
2026/09/13 05:50:00.094, 97, 4413, 8188, 72, 58.13
2026/09/13 05:50:30.154, 98, 4421, 8188, 72, 55.66
2026/09/13 05:51:00.217, 96, 4417, 8188, 72, 54.98
2026/09/13 05:51:30.277, 58, 2355, 8188, 70, 35.76
2026/09/13 05:52:00.341, 98, 4441, 8188, 72, 54.43
2026/09/13 05:52:30.431, 97, 4429, 8188, 73, 53.29
2026/09/13 05:53:00.484, 98, 4417, 8188, 72, 53.05
2026/09/13 05:53:30.546, 98, 4417, 8188, 72, 54.01
2026/09/13 05:54:00.614, 97, 4441, 8188, 71, 58.28
2026/09/13 05:54:30.667, 96, 4417, 8188, 71, 54.37
2026/09/13 05:55:00.720, 99, 4417, 8188, 72, 52.99
2026/09/13 05:55:30.780, 98, 4419, 8188, 72, 51.61
2026/09/13 05:56:00.842, 97, 4455, 8188, 72, 54.48
2026/09/13 05:56:30.911, 98, 4421, 8188, 72, 55.09
2026/09/13 05:57:00.971, 97, 4421, 8188, 73, 58.39
2026/09/13 05:57:31.026, 97, 4417, 8188, 72, 51.07
2026/09/13 05:58:01.091, 97, 4413, 8188, 72, 56.89
2026/09/13 05:58:31.150, 92, 4413, 8188, 72, 53.77
2026/09/13 05:59:01.207, 97, 4441, 8188, 71, 50.49
2026/09/13 05:59:31.274, 97, 4417, 8188, 72, 54.25
2026/09/13 06:00:01.333, 96, 4421, 8188, 72, 54.35
2026/09/13 06:00:31.386, 77, 4421, 8188, 70, 52.71
2026/09/13 06:01:01.440, 75, 4447, 8188, 70, 45.88
2026/09/13 06:01:31.545, 0, 611, 8188, 66, 7.97
2026/09/13 06:02:01.605, 0, 273, 8188, 58, 1.53
2026/09/13 06:02:31.669, 82, 3107, 8188, 61, 51.25
2026/09/13 06:03:01.735, 89, 3859, 8188, 66, 48.44
2026/09/13 06:03:31.806, 96, 3859, 8188, 67, 41.90
2026/09/13 06:04:01.875, 99, 3859, 8188, 69, 50.70
2026/09/13 06:04:31.945, 98, 3859, 8188, 70, 45.32
2026/09/13 06:05:02.015, 98, 3859, 8188, 70, 52.37
2026/09/13 06:05:32.089, 94, 3859, 8188, 67, 51.38
2026/09/13 06:06:02.171, 71, 3859, 8188, 69, 49.52
2026/09/13 06:06:32.238, 97, 3859, 8188, 70, 53.53
2026/09/13 06:07:02.303, 98, 3859, 8188, 70, 45.68
2026/09/13 06:07:32.378, 96, 3859, 8188, 70, 53.43
2026/09/13 06:08:02.445, 96, 3859, 8188, 71, 50.50
2026/09/13 06:08:32.516, 94, 3859, 8188, 71, 51.69
2026/09/13 06:09:02.586, 97, 3859, 8188, 71, 53.38
2026/09/13 06:09:32.652, 98, 3859, 8188, 71, 51.99
2026/09/13 06:10:02.729, 71, 3859, 8188, 71, 49.34
2026/09/13 06:10:32.797, 72, 3859, 8188, 72, 50.58
2026/09/13 06:11:02.880, 95, 3859, 8188, 71, 55.11
2026/09/13 06:11:32.956, 75, 3859, 8188, 71, 40.60
2026/09/13 06:12:03.013, 72, 3859, 8188, 71, 48.91
2026/09/13 06:12:33.084, 94, 3859, 8188, 71, 49.21
2026/09/13 06:13:03.143, 97, 3859, 8188, 72, 56.62
2026/09/13 06:13:33.205, 95, 3859, 8188, 72, 51.61
2026/09/13 06:14:03.260, 100, 3859, 8188, 71, 51.48
2026/09/13 06:14:33.328, 83, 3859, 8188, 71, 44.90
2026/09/13 06:15:03.384, 96, 3859, 8188, 72, 48.12
2026/09/13 06:15:33.444, 99, 3859, 8188, 71, 48.06
2026/09/13 06:16:03.505, 77, 3859, 8188, 71, 52.54
2026/09/13 06:16:33.567, 99, 3859, 8188, 72, 51.63
2026/09/13 06:17:03.629, 95, 3859, 8188, 72, 53.25
2026/09/13 06:17:33.697, 97, 3859, 8188, 72, 53.34
2026/09/13 06:18:03.774, 92, 3859, 8188, 72, 44.43
2026/09/13 06:18:33.840, 0, 273, 8188, 62, 1.75
2026/09/13 06:19:03.898, 0, 273, 8188, 56, 1.62
2026/09/13 06:19:33.957, 96, 4689, 8188, 65, 56.33
2026/09/13 06:20:04.020, 69, 4417, 8188, 68, 55.48
2026/09/13 06:20:34.093, 95, 4417, 8188, 69, 58.81
2026/09/13 06:21:04.164, 94, 4441, 8188, 70, 55.40
2026/09/13 06:21:34.223, 99, 4417, 8188, 70, 57.99
2026/09/13 06:22:04.310, 98, 4431, 8188, 69, 53.53
2026/09/13 06:22:34.377, 98, 4431, 8188, 71, 53.74
2026/09/13 06:23:04.442, 97, 4415, 8188, 71, 54.40
2026/09/13 06:23:34.525, 98, 4421, 8188, 72, 56.51
2026/09/13 06:24:04.581, 97, 4421, 8188, 72, 56.69
2026/09/13 06:24:34.655, 98, 4415, 8188, 72, 54.09
2026/09/13 06:25:04.738, 98, 4421, 8188, 71, 56.57
2026/09/13 06:25:34.799, 96, 4381, 8188, 71, 55.06
2026/09/13 06:26:04.868, 97, 4381, 8188, 72, 54.10
2026/09/13 06:26:34.927, 99, 4419, 8188, 72, 50.17
2026/09/13 06:27:04.998, 96, 4435, 8188, 72, 54.31
2026/09/13 06:27:35.067, 95, 4435, 8188, 72, 55.71
2026/09/13 06:28:05.121, 76, 4451, 8188, 72, 42.66
2026/09/13 06:28:35.199, 95, 4449, 8188, 72, 55.60
2026/09/13 06:29:05.282, 97, 4435, 8188, 73, 50.08
2026/09/13 06:29:35.334, 96, 4435, 8188, 73, 55.75
2026/09/13 06:30:05.392, 72, 4423, 8188, 73, 47.33
2026/09/13 06:30:35.459, 96, 4435, 8188, 72, 53.14
2026/09/13 06:31:05.551, 78, 2249, 8188, 72, 33.97
2026/09/13 06:31:35.606, 80, 4427, 8188, 72, 46.74
2026/09/13 06:32:05.667, 97, 4383, 8188, 72, 58.26
2026/09/13 06:32:35.728, 97, 4415, 8188, 73, 57.92
2026/09/13 06:33:05.789, 97, 4415, 8188, 72, 58.25
2026/09/13 06:33:35.851, 97, 4431, 8188, 72, 44.77
2026/09/13 06:34:05.913, 97, 4449, 8188, 73, 53.66
2026/09/13 06:34:35.984, 75, 4435, 8188, 71, 38.53
2026/09/13 06:35:06.043, 96, 4435, 8188, 72, 56.25
2026/09/13 06:35:36.100, 98, 4437, 8188, 73, 53.98
2026/09/13 06:36:06.162, 75, 4433, 8188, 71, 51.24
2026/09/13 06:36:36.232, 95, 4433, 8188, 72, 56.58
2026/09/13 06:37:06.302, 98, 4441, 8188, 73, 57.05
2026/09/13 06:37:36.371, 97, 4443, 8188, 72, 57.67
2026/09/13 06:38:06.428, 97, 4423, 8188, 73, 54.46
2026/09/13 06:38:36.485, 95, 4423, 8188, 72, 53.64
2026/09/13 06:39:06.544, 100, 4415, 8188, 72, 52.10
2026/09/13 06:39:36.609, 98, 4415, 8188, 73, 70.80
2026/09/13 06:40:06.680, 96, 4415, 8188, 72, 58.03
2026/09/13 06:40:36.780, 99, 4449, 8188, 72, 56.27
2026/09/13 06:41:06.850, 98, 4421, 8188, 73, 54.24
2026/09/13 06:41:36.911, 99, 4431, 8188, 72, 53.32
2026/09/13 06:42:06.970, 98, 4431, 8188, 72, 52.97
2026/09/13 06:42:37.023, 96, 4427, 8188, 71, 47.78
2026/09/13 06:43:07.082, 97, 4443, 8188, 72, 60.78
2026/09/13 06:43:37.141, 67, 2271, 8188, 72, 40.88
2026/09/13 06:44:07.193, 0, 271, 8188, 60, 1.55
2026/09/13 06:44:37.246, 0, 1465, 8188, 56, 1.40
2026/09/13 06:45:07.317, 68, 1897, 8188, 65, 36.56
2026/09/13 06:45:37.401, 97, 1897, 8188, 68, 43.98
2026/09/13 06:46:07.460, 0, 273, 8188, 65, 9.21
2026/09/13 06:46:37.518, 0, 1471, 8188, 58, 8.86
2026/09/13 06:47:07.584, 78, 1903, 8188, 62, 35.42
2026/09/13 06:47:37.656, 0, 1903, 8188, 65, 23.13
2026/09/13 06:48:07.723, 0, 273, 8188, 59, 1.62
2026/09/13 06:48:37.772, 0, 1331, 8188, 55, 1.89
2026/09/13 06:49:07.850, 99, 1715, 8188, 65, 46.81
2026/09/13 06:49:37.921, 99, 1715, 8188, 66, 37.69
2026/09/13 06:50:07.997, 42, 419, 8188, 70, 35.84
2026/09/13 06:50:38.074, 97, 1319, 8188, 64, 48.88
2026/09/13 06:51:08.133, 0, 1703, 8188, 58, 23.41
2026/09/13 06:51:38.197, 90, 1703, 8188, 67, 38.82
2026/09/13 06:52:08.257, 91, 1703, 8188, 69, 45.07
2026/09/13 06:52:38.319, 95, 1703, 8188, 70, 44.90
2026/09/13 06:53:08.387, 0, 243, 8188, 65, 2.51
2026/09/13 06:53:38.443, 0, 3695, 8188, 61, 21.40
2026/09/13 06:54:08.505, 96, 4553, 8188, 59, 44.50
2026/09/13 06:54:38.558, 97, 4553, 8188, 65, 45.66
2026/09/13 06:55:08.615, 95, 4553, 8188, 68, 45.90
2026/09/13 06:55:38.675, 0, 241, 8188, 65, 15.11
2026/09/13 06:56:08.739, 0, 3699, 8188, 58, 6.30
2026/09/13 06:56:38.802, 95, 4347, 8188, 61, 50.75
2026/09/13 06:57:08.876, 0, 4347, 8188, 64, 23.70
2026/09/13 06:57:38.954, 99, 4347, 8188, 69, 47.76
2026/09/13 06:58:09.024, 0, 241, 8188, 60, 1.50
2026/09/13 06:58:39.083, 0, 3855, 8188, 56, 1.48
2026/09/13 06:59:09.153, 90, 4143, 8188, 61, 44.30
2026/09/13 06:59:39.207, 38, 4143, 8188, 66, 38.58
2026/09/13 07:00:09.260, 94, 4143, 8188, 68, 44.62
2026/09/13 07:00:39.343, 74, 4143, 8188, 69, 39.35
2026/09/13 07:01:09.414, 0, 239, 8188, 63, 1.73
2026/09/13 07:01:39.467, 0, 3827, 8188, 58, 1.62
2026/09/13 07:02:09.532, 92, 4115, 8188, 61, 59.63
2026/09/13 07:02:39.590, 95, 4115, 8188, 66, 46.32
2026/09/13 07:03:09.647, 95, 4115, 8188, 68, 44.49
2026/09/13 07:03:39.711, 53, 4115, 8188, 67, 36.57
2026/09/13 07:04:09.785, 97, 4115, 8188, 70, 47.69
2026/09/13 07:04:39.845, 0, 265, 8188, 65, 4.68
2026/09/13 07:05:09.938, 0, 867, 8188, 58, 3.67
2026/09/13 07:05:40.002, 96, 1155, 8188, 68, 43.69
2026/09/13 07:06:10.060, 0, 275, 8188, 64, 6.03
2026/09/13 07:06:40.122, 0, 275, 8188, 57, 1.62
2026/09/13 07:07:10.195, 86, 1143, 8188, 66, 43.93
2026/09/13 07:07:40.252, 25, 263, 8188, 63, 8.25
2026/09/13 07:08:10.309, 0, 275, 8188, 56, 2.60
2026/09/13 07:08:40.364, 95, 1045, 8188, 65, 43.97
2026/09/13 07:09:10.423, 72, 1045, 8188, 68, 38.74
2026/09/13 07:09:40.480, 92, 1047, 8188, 71, 39.58
2026/09/13 07:10:10.534, 0, 1047, 8188, 60, 2.19
2026/09/13 07:10:40.604, 19, 1047, 8188, 68, 42.29
2026/09/13 07:11:10.664, 0, 275, 8188, 63, 5.48
2026/09/13 07:11:40.728, 0, 275, 8188, 56, 1.47
2026/09/13 07:12:10.811, 96, 1007, 8188, 65, 44.19
2026/09/13 07:12:40.865, 96, 1007, 8188, 70, 39.18
2026/09/13 07:13:10.935, 96, 1007, 8188, 72, 43.84
2026/09/13 07:13:41.010, 0, 1007, 8188, 59, 3.31
2026/09/13 07:14:11.066, 96, 1007, 8188, 69, 39.37
2026/09/13 07:14:41.124, 0, 281, 8188, 59, 1.64
2026/09/13 07:15:11.196, 0, 281, 8188, 54, 1.42
2026/09/13 07:15:41.256, 86, 4723, 8188, 65, 56.96
2026/09/13 07:16:11.346, 97, 4429, 8188, 68, 53.00
2026/09/13 07:16:41.409, 96, 4429, 8188, 69, 55.25
2026/09/13 07:17:11.473, 99, 4449, 8188, 70, 53.79
2026/09/13 07:17:41.526, 98, 4481, 8188, 71, 55.91
2026/09/13 07:18:11.590, 90, 2361, 8188, 72, 54.39
2026/09/13 07:18:41.692, 97, 4485, 8188, 71, 51.35
2026/09/13 07:19:11.763, 86, 4495, 8188, 70, 53.87
2026/09/13 07:19:41.874, 98, 4479, 8188, 72, 51.69
2026/09/13 07:20:11.942, 99, 4481, 8188, 71, 51.94
2026/09/13 07:20:41.995, 98, 4487, 8188, 72, 60.86
2026/09/13 07:21:12.052, 97, 4481, 8188, 72, 53.89
2026/09/13 07:21:42.120, 95, 4483, 8188, 72, 55.26
2026/09/13 07:22:12.190, 95, 4495, 8188, 72, 56.63
2026/09/13 07:22:42.269, 76, 4473, 8188, 71, 52.22
2026/09/13 07:23:12.342, 97, 4481, 8188, 71, 52.26
2026/09/13 07:23:42.403, 97, 4481, 8188, 72, 51.61
2026/09/13 07:24:12.468, 97, 4483, 8188, 72, 54.71
2026/09/13 07:24:42.540, 95, 4487, 8188, 71, 66.29
2026/09/13 07:25:12.597, 98, 4487, 8188, 72, 61.08
2026/09/13 07:25:42.656, 99, 4481, 8188, 72, 55.09
2026/09/13 07:26:12.748, 98, 4487, 8188, 72, 55.29
2026/09/13 07:26:42.816, 93, 619, 8188, 73, 73.92
2026/09/13 07:27:12.900, 76, 4489, 8188, 72, 47.82
2026/09/13 07:27:42.953, 96, 4483, 8188, 72, 55.05
2026/09/13 07:28:13.017, 99, 4479, 8188, 72, 48.95
2026/09/13 07:28:43.092, 72, 4481, 8188, 72, 42.62
2026/09/13 07:29:13.161, 97, 4487, 8188, 71, 55.68
2026/09/13 07:29:43.218, 96, 4483, 8188, 72, 55.18
2026/09/13 07:30:13.293, 96, 4483, 8188, 72, 54.98
2026/09/13 07:30:43.348, 97, 4495, 8188, 72, 55.74
2026/09/13 07:31:13.425, 77, 4475, 8188, 72, 50.54
2026/09/13 07:31:43.484, 96, 4483, 8188, 72, 49.56
2026/09/13 07:32:13.551, 98, 4483, 8188, 73, 55.67
2026/09/13 07:32:43.630, 98, 4495, 8188, 72, 58.46
2026/09/13 07:33:13.685, 98, 4483, 8188, 72, 52.68
2026/09/13 07:33:43.741, 95, 4483, 8188, 72, 46.18
2026/09/13 07:34:13.815, 99, 4463, 8188, 73, 57.74
2026/09/13 07:34:43.869, 95, 4481, 8188, 72, 52.51
2026/09/13 07:35:13.940, 75, 4487, 8188, 71, 40.40
2026/09/13 07:35:43.992, 97, 4489, 8188, 73, 54.00
2026/09/13 07:36:14.063, 97, 4483, 8188, 72, 56.57
2026/09/13 07:36:44.132, 98, 4479, 8188, 72, 52.37
2026/09/13 07:37:14.192, 98, 4479, 8188, 71, 57.80
2026/09/13 07:37:44.255, 76, 4495, 8188, 72, 49.06
2026/09/13 07:38:14.341, 98, 4483, 8188, 72, 57.90
2026/09/13 07:38:44.405, 93, 3531, 8188, 73, 58.26
2026/09/13 07:39:14.468, 96, 4487, 8188, 72, 54.48
2026/09/13 07:39:44.529, 96, 4473, 8188, 73, 58.07
2026/09/13 07:40:14.602, 99, 4495, 8188, 72, 55.14
2026/09/13 07:40:44.660, 98, 4497, 8188, 72, 71.13
2026/09/13 07:41:14.726, 98, 4497, 8188, 72, 67.05
2026/09/13 07:41:44.799, 98, 4469, 8188, 72, 54.56
2026/09/13 07:42:14.876, 84, 4469, 8188, 71, 52.23
2026/09/13 07:42:44.949, 99, 4491, 8188, 72, 54.59
2026/09/13 07:43:15.007, 95, 4487, 8188, 73, 59.10
2026/09/13 07:43:45.067, 98, 4481, 8188, 72, 53.98
2026/09/13 07:44:15.115, 95, 4481, 8188, 72, 51.88
2026/09/13 07:44:45.178, 98, 4487, 8188, 72, 56.96
2026/09/13 07:45:15.260, 99, 4491, 8188, 72, 55.71
2026/09/13 07:45:45.342, 74, 4493, 8188, 72, 53.57
2026/09/13 07:46:15.405, 78, 4487, 8188, 71, 51.60
2026/09/13 07:46:45.468, 74, 4427, 8188, 72, 46.22
2026/09/13 07:47:15.534, 91, 4469, 8188, 71, 38.37
2026/09/13 07:47:45.599, 97, 4469, 8188, 71, 56.07
2026/09/13 07:48:15.659, 76, 4473, 8188, 72, 54.66
2026/09/13 07:48:45.723, 75, 4467, 8188, 72, 47.18
2026/09/13 07:49:15.796, 98, 4469, 8188, 72, 57.61
2026/09/13 07:49:45.865, 98, 4495, 8188, 72, 56.15
2026/09/13 07:50:15.936, 96, 4483, 8188, 72, 58.36
2026/09/13 07:50:46.007, 93, 4199, 8188, 71, 32.43
2026/09/13 07:51:16.059, 97, 4475, 8188, 73, 53.48
2026/09/13 07:51:46.130, 96, 4469, 8188, 72, 54.75
2026/09/13 07:52:16.195, 97, 4483, 8188, 72, 56.65
2026/09/13 07:52:46.279, 91, 4483, 8188, 73, 52.19
2026/09/13 07:53:16.335, 98, 4487, 8188, 73, 55.72
2026/09/13 07:53:46.402, 97, 4479, 8188, 72, 53.19
2026/09/13 07:54:16.464, 73, 2361, 8188, 70, 51.02
2026/09/13 07:54:46.523, 98, 4469, 8188, 73, 56.81
2026/09/13 07:55:16.590, 97, 4471, 8188, 72, 54.99
2026/09/13 07:55:46.656, 95, 4487, 8188, 72, 56.23
2026/09/13 07:56:16.719, 98, 4487, 8188, 73, 55.35
2026/09/13 07:56:46.780, 98, 4461, 8188, 72, 57.00
2026/09/13 07:57:16.851, 99, 4495, 8188, 72, 57.04
2026/09/13 07:57:46.916, 95, 1629, 8188, 72, 51.02
2026/09/13 07:58:16.987, 97, 4469, 8188, 72, 54.59
2026/09/13 07:58:47.052, 97, 4487, 8188, 72, 56.94
2026/09/13 07:59:17.117, 97, 4475, 8188, 72, 59.21
2026/09/13 07:59:47.175, 96, 4477, 8188, 72, 55.52
2026/09/13 08:00:17.235, 99, 4469, 8188, 72, 57.71
2026/09/13 08:00:47.306, 98, 4483, 8188, 72, 53.46
2026/09/13 08:01:17.365, 75, 4483, 8188, 72, 50.57
2026/09/13 08:01:47.427, 86, 4483, 8188, 72, 52.85
2026/09/13 08:02:17.488, 98, 4475, 8188, 72, 55.73
2026/09/13 08:02:47.548, 89, 4495, 8188, 72, 50.43
2026/09/13 08:03:17.600, 97, 4495, 8188, 73, 55.99
2026/09/13 08:03:47.683, 97, 4495, 8188, 73, 53.85
2026/09/13 08:04:17.752, 98, 4483, 8188, 72, 53.05
2026/09/13 08:04:47.807, 94, 4485, 8188, 72, 57.58
2026/09/13 08:05:17.867, 97, 4479, 8188, 71, 58.68
2026/09/13 08:05:47.931, 79, 4467, 8188, 72, 46.33
2026/09/13 08:06:17.991, 98, 4469, 8188, 72, 52.16
2026/09/13 08:06:48.055, 96, 4471, 8188, 73, 60.75
2026/09/13 08:07:18.114, 97, 4481, 8188, 73, 51.23
2026/09/13 08:07:48.177, 98, 4491, 8188, 73, 57.09
2026/09/13 08:08:18.238, 76, 4491, 8188, 72, 51.44
2026/09/13 08:08:48.300, 83, 4481, 8188, 72, 52.45
2026/09/13 08:09:18.361, 98, 4483, 8188, 72, 56.21
2026/09/13 08:09:48.432, 98, 4469, 8188, 71, 31.03
2026/09/13 08:10:18.493, 98, 4469, 8188, 73, 52.10
2026/09/13 08:10:48.562, 97, 4479, 8188, 73, 49.65
2026/09/13 08:11:18.615, 98, 4495, 8188, 73, 54.97
2026/09/13 08:11:48.680, 98, 4495, 8188, 73, 54.41
2026/09/13 08:12:18.739, 100, 4469, 8188, 72, 56.97
2026/09/13 08:12:48.810, 99, 4481, 8188, 72, 45.63
2026/09/13 08:13:18.871, 98, 4481, 8188, 73, 52.40
2026/09/13 08:13:48.934, 88, 4479, 8188, 73, 52.32
2026/09/13 08:14:19.010, 97, 4471, 8188, 73, 54.03
2026/09/13 08:14:49.092, 97, 4469, 8188, 73, 59.24
2026/09/13 08:15:19.175, 96, 4469, 8188, 72, 56.47
2026/09/13 08:15:49.243, 96, 4487, 8188, 72, 52.60
2026/09/13 08:16:19.307, 99, 4475, 8188, 73, 55.65
2026/09/13 08:16:49.360, 97, 4477, 8188, 73, 54.40
2026/09/13 08:17:19.443, 96, 4427, 8188, 72, 53.84
2026/09/13 08:17:49.514, 96, 4487, 8188, 72, 54.80
2026/09/13 08:18:19.574, 98, 4487, 8188, 72, 51.60
2026/09/13 08:18:49.644, 98, 4487, 8188, 72, 54.75
2026/09/13 08:19:19.697, 96, 4473, 8188, 72, 54.18
2026/09/13 08:19:49.768, 98, 4469, 8188, 72, 59.40
2026/09/13 08:20:19.820, 98, 4469, 8188, 73, 61.01
2026/09/13 08:20:49.883, 97, 4487, 8188, 73, 51.70
2026/09/13 08:21:19.966, 99, 4469, 8188, 72, 52.46
2026/09/13 08:21:50.022, 96, 4461, 8188, 71, 53.03
2026/09/13 08:22:20.099, 96, 4461, 8188, 72, 55.74
2026/09/13 08:22:50.165, 98, 4469, 8188, 73, 56.09
2026/09/13 08:23:20.222, 99, 4487, 8188, 72, 54.50
2026/09/13 08:23:50.275, 95, 4487, 8188, 72, 56.04
2026/09/13 08:24:20.329, 98, 4481, 8188, 71, 56.47
2026/09/13 08:24:50.405, 77, 4473, 8188, 72, 46.44
2026/09/13 08:25:20.482, 0, 2363, 8188, 68, 22.30
2026/09/13 08:25:50.547, 0, 281, 8188, 60, 1.58
2026/09/13 08:26:20.612, 0, 289, 8188, 55, 1.68
2026/09/13 08:26:50.671, 0, 289, 8188, 52, 1.46
2026/09/13 08:27:20.736, 94, 3851, 8188, 64, 44.45
2026/09/13 08:27:50.865, 74, 3851, 8188, 67, 49.21
2026/09/13 08:28:20.959, 98, 3851, 8188, 69, 53.00
2026/09/13 08:28:51.037, 95, 3851, 8188, 70, 55.30
2026/09/13 08:29:21.107, 98, 3851, 8188, 71, 52.57
2026/09/13 08:29:51.181, 69, 3851, 8188, 70, 60.07
2026/09/13 08:30:21.250, 83, 3851, 8188, 71, 51.08
2026/09/13 08:30:51.326, 93, 3851, 8188, 71, 49.57
2026/09/13 08:31:21.397, 100, 3851, 8188, 71, 51.84
2026/09/13 08:31:51.466, 99, 3851, 8188, 71, 39.69
2026/09/13 08:32:21.539, 95, 3851, 8188, 72, 51.74
2026/09/13 08:32:51.597, 86, 3851, 8188, 71, 53.43
2026/09/13 08:33:21.657, 72, 3851, 8188, 72, 66.23
2026/09/13 08:33:51.746, 98, 3851, 8188, 71, 51.95
2026/09/13 08:34:21.810, 100, 3851, 8188, 72, 51.79
2026/09/13 08:34:51.970, 79, 3851, 8188, 72, 48.96
2026/09/13 08:35:22.035, 95, 3851, 8188, 72, 51.88
2026/09/13 08:35:52.114, 73, 3851, 8188, 70, 50.92
2026/09/13 08:36:22.173, 99, 3851, 8188, 72, 52.19
2026/09/13 08:36:52.232, 96, 3851, 8188, 72, 50.03
2026/09/13 08:37:22.292, 82, 3851, 8188, 72, 53.92
2026/09/13 08:37:52.359, 87, 3851, 8188, 71, 52.50
2026/09/13 08:38:22.415, 96, 3851, 8188, 72, 52.79
2026/09/13 08:38:52.474, 75, 3851, 8188, 72, 48.29
2026/09/13 08:39:22.545, 99, 3851, 8188, 72, 52.08
2026/09/13 08:39:52.604, 2, 3851, 8188, 69, 24.60
2026/09/13 08:40:22.662, 81, 3851, 8188, 71, 42.81
2026/09/13 08:40:52.734, 69, 3851, 8188, 72, 26.52
2026/09/13 08:41:22.810, 100, 3851, 8188, 72, 53.53
2026/09/13 08:41:52.864, 72, 3851, 8188, 71, 52.41
2026/09/13 08:42:22.926, 96, 3851, 8188, 71, 50.27
2026/09/13 08:42:52.994, 100, 3851, 8188, 72, 52.91
2026/09/13 08:43:23.057, 73, 3851, 8188, 72, 67.86
2026/09/13 08:43:53.123, 2, 3851, 8188, 68, 27.25
2026/09/13 08:44:23.181, 97, 3851, 8188, 72, 55.06
2026/09/13 08:44:53.269, 95, 3851, 8188, 72, 55.31
2026/09/13 08:45:23.347, 97, 3851, 8188, 72, 51.14
2026/09/13 08:45:53.407, 74, 3851, 8188, 72, 51.19
2026/09/13 08:46:23.484, 97, 3851, 8188, 72, 51.83
2026/09/13 08:46:53.553, 71, 3851, 8188, 72, 48.65
2026/09/13 08:47:23.614, 98, 3851, 8188, 72, 52.40
2026/09/13 08:47:53.677, 95, 3851, 8188, 71, 47.69
2026/09/13 08:48:23.760, 86, 3851, 8188, 72, 75.49
2026/09/13 08:48:53.822, 96, 3851, 8188, 72, 52.29
2026/09/13 08:49:23.876, 98, 3851, 8188, 72, 55.65
2026/09/13 08:49:53.935, 100, 3851, 8188, 72, 47.90
2026/09/13 08:50:23.998, 91, 3851, 8188, 71, 52.60
2026/09/13 08:50:54.051, 93, 3851, 8188, 72, 53.00
2026/09/13 08:51:24.115, 92, 3851, 8188, 71, 50.67
2026/09/13 08:51:54.170, 99, 3851, 8188, 72, 52.85
2026/09/13 08:52:24.227, 71, 3851, 8188, 72, 51.28
2026/09/13 08:52:54.287, 94, 3851, 8188, 72, 56.30
2026/09/13 08:53:24.351, 88, 3851, 8188, 71, 52.91
2026/09/13 08:53:54.405, 95, 3851, 8188, 72, 55.90
2026/09/13 08:54:24.478, 98, 3851, 8188, 72, 43.78
2026/09/13 08:54:54.541, 95, 3851, 8188, 72, 54.60
2026/09/13 08:55:24.596, 59, 3851, 8188, 72, 50.55
2026/09/13 08:55:54.664, 95, 3851, 8188, 71, 47.73
2026/09/13 08:56:24.735, 99, 3851, 8188, 72, 51.61
2026/09/13 08:56:54.803, 97, 3851, 8188, 71, 51.19
2026/09/13 08:57:24.871, 93, 3851, 8188, 72, 51.18
2026/09/13 08:57:54.936, 96, 3851, 8188, 72, 47.94
2026/09/13 08:58:24.994, 72, 3851, 8188, 71, 52.50
2026/09/13 08:58:55.057, 95, 3851, 8188, 72, 50.19
2026/09/13 08:59:25.124, 61, 3851, 8188, 71, 35.97
2026/09/13 08:59:55.185, 83, 3851, 8188, 72, 51.01
2026/09/13 09:00:25.243, 78, 3851, 8188, 72, 39.11
2026/09/13 09:00:55.304, 100, 3851, 8188, 72, 52.42
2026/09/13 09:01:25.366, 95, 3851, 8188, 72, 53.22
2026/09/13 09:01:55.437, 71, 3851, 8188, 72, 51.02
2026/09/13 09:02:25.496, 96, 3851, 8188, 72, 52.35
2026/09/13 09:02:55.575, 71, 3851, 8188, 72, 42.48
2026/09/13 09:03:25.636, 97, 3851, 8188, 71, 53.45
2026/09/13 09:03:55.697, 89, 3851, 8188, 72, 51.96
2026/09/13 09:04:25.751, 98, 3851, 8188, 72, 53.00
2026/09/13 09:04:55.807, 98, 3851, 8188, 72, 59.96
2026/09/13 09:05:25.868, 95, 3851, 8188, 72, 49.28
2026/09/13 09:05:55.933, 98, 3851, 8188, 72, 51.78
2026/09/13 09:06:26.009, 99, 3851, 8188, 71, 46.42
2026/09/13 09:06:56.080, 76, 3851, 8188, 71, 48.63
2026/09/13 09:07:26.145, 94, 3851, 8188, 72, 51.06
2026/09/13 09:07:56.198, 95, 3851, 8188, 71, 52.28
2026/09/13 09:08:26.281, 98, 3851, 8188, 72, 52.85
2026/09/13 09:08:56.345, 93, 3851, 8188, 72, 52.40
2026/09/13 09:09:26.401, 70, 3851, 8188, 72, 74.58
2026/09/13 09:09:56.471, 98, 3851, 8188, 72, 56.37
2026/09/13 09:10:26.541, 99, 3851, 8188, 72, 49.28
2026/09/13 09:10:56.605, 99, 3851, 8188, 72, 50.77
2026/09/13 09:11:26.701, 0, 487, 8188, 66, 9.34
2026/09/13 09:11:56.765, 0, 281, 8188, 59, 1.65
2026/09/13 09:12:26.825, 0, 285, 8188, 54, 1.66
2026/09/13 09:12:56.884, 71, 3091, 8188, 60, 40.43
2026/09/13 09:13:26.967, 94, 3843, 8188, 66, 50.27
2026/09/13 09:13:57.043, 99, 3843, 8188, 68, 51.87
2026/09/13 09:14:27.109, 98, 3843, 8188, 68, 57.32
2026/09/13 09:14:57.192, 96, 3843, 8188, 69, 59.97
2026/09/13 09:15:27.269, 97, 3843, 8188, 70, 54.89
2026/09/13 09:15:57.396, 98, 3843, 8188, 70, 61.72
2026/09/13 09:16:27.462, 71, 3843, 8188, 71, 51.49
2026/09/13 09:16:57.562, 2, 3843, 8188, 68, 25.08
2026/09/13 09:17:27.637, 94, 3843, 8188, 71, 48.15
2026/09/13 09:17:57.702, 73, 3843, 8188, 70, 49.56
2026/09/13 09:18:27.774, 94, 3843, 8188, 70, 47.46
2026/09/13 09:18:57.853, 100, 3843, 8188, 71, 50.52
2026/09/13 09:19:27.941, 95, 3843, 8188, 71, 50.51
2026/09/13 09:19:58.008, 73, 3843, 8188, 72, 50.88
2026/09/13 09:20:28.077, 69, 3843, 8188, 72, 51.96
2026/09/13 09:20:58.147, 94, 3843, 8188, 71, 52.88
2026/09/13 09:21:28.227, 66, 3843, 8188, 70, 59.11
2026/09/13 09:21:58.295, 73, 3843, 8188, 72, 25.57
2026/09/13 09:22:28.354, 86, 3843, 8188, 71, 43.71
2026/09/13 09:22:58.416, 97, 3843, 8188, 72, 53.21
2026/09/13 09:23:28.483, 96, 3843, 8188, 72, 53.07
2026/09/13 09:23:58.547, 96, 3843, 8188, 72, 59.34
2026/09/13 09:24:28.608, 68, 3843, 8188, 71, 51.47
2026/09/13 09:24:58.672, 97, 3843, 8188, 72, 53.34
2026/09/13 09:25:28.737, 98, 3843, 8188, 72, 50.90
2026/09/13 09:25:58.814, 96, 3843, 8188, 72, 56.72
2026/09/13 09:26:28.877, 99, 3843, 8188, 72, 52.06
2026/09/13 09:26:58.933, 74, 3843, 8188, 72, 53.45
2026/09/13 09:27:29.001, 96, 3843, 8188, 72, 54.88
2026/09/13 09:27:59.056, 100, 3843, 8188, 72, 53.16
2026/09/13 09:28:29.113, 72, 3843, 8188, 72, 50.21
2026/09/13 09:28:59.175, 18, 3843, 8188, 69, 26.30
2026/09/13 09:29:29.233, 79, 3843, 8188, 71, 51.21
2026/09/13 09:29:59.292, 97, 3843, 8188, 72, 56.61
2026/09/13 09:30:29.356, 95, 3843, 8188, 72, 56.92
2026/09/13 09:30:59.440, 100, 3843, 8188, 71, 50.20
2026/09/13 09:31:29.492, 71, 3843, 8188, 72, 50.99
2026/09/13 09:31:59.566, 98, 3843, 8188, 72, 52.91
2026/09/13 09:32:29.628, 76, 3843, 8188, 72, 44.13
2026/09/13 09:32:59.699, 18, 3843, 8188, 71, 27.63
2026/09/13 09:33:29.774, 98, 3843, 8188, 72, 57.05
2026/09/13 09:33:59.866, 98, 3843, 8188, 72, 52.54
2026/09/13 09:34:29.934, 97, 3843, 8188, 72, 47.31
2026/09/13 09:34:59.998, 94, 3843, 8188, 73, 52.21
2026/09/13 09:35:30.056, 98, 3843, 8188, 72, 66.96
2026/09/13 09:36:00.131, 94, 3843, 8188, 72, 51.84
2026/09/13 09:36:30.203, 85, 3843, 8188, 72, 50.64
2026/09/13 09:37:00.262, 99, 3843, 8188, 72, 52.13
2026/09/13 09:37:30.319, 96, 3843, 8188, 72, 52.84
2026/09/13 09:38:00.379, 98, 3843, 8188, 72, 53.61
2026/09/13 09:38:30.444, 97, 3843, 8188, 71, 46.87
2026/09/13 09:39:00.510, 69, 3843, 8188, 72, 46.58
2026/09/13 09:39:30.586, 99, 3843, 8188, 72, 54.08
2026/09/13 09:40:00.641, 95, 3843, 8188, 72, 50.94
2026/09/13 09:40:30.704, 18, 3843, 8188, 69, 27.32
2026/09/13 09:41:00.757, 98, 3843, 8188, 72, 54.66
2026/09/13 09:41:30.828, 98, 3843, 8188, 72, 56.35
2026/09/13 09:42:00.894, 93, 3843, 8188, 72, 54.43
2026/09/13 09:42:30.952, 95, 3843, 8188, 72, 41.35
2026/09/13 09:43:01.010, 100, 3843, 8188, 72, 53.25
2026/09/13 09:43:31.068, 71, 3843, 8188, 72, 51.00
2026/09/13 09:44:01.129, 73, 3843, 8188, 71, 48.89
2026/09/13 09:44:31.181, 100, 3843, 8188, 71, 48.78
2026/09/13 09:45:01.235, 94, 3843, 8188, 71, 50.51
2026/09/13 09:45:31.294, 99, 3843, 8188, 72, 54.22
2026/09/13 09:46:01.358, 95, 3843, 8188, 72, 52.26
2026/09/13 09:46:31.411, 100, 3843, 8188, 72, 50.20
2026/09/13 09:47:01.472, 93, 3843, 8188, 72, 53.47
2026/09/13 09:47:31.534, 71, 3843, 8188, 72, 49.92
2026/09/13 09:48:01.624, 69, 3843, 8188, 71, 49.77
2026/09/13 09:48:31.687, 95, 3843, 8188, 72, 50.08
2026/09/13 09:49:01.747, 99, 3843, 8188, 72, 49.94
2026/09/13 09:49:31.818, 70, 3843, 8188, 72, 50.95
2026/09/13 09:50:01.886, 99, 3843, 8188, 72, 53.71
2026/09/13 09:50:31.977, 70, 3843, 8188, 72, 45.55
2026/09/13 09:51:02.044, 97, 3843, 8188, 72, 54.62
2026/09/13 09:51:32.121, 97, 3843, 8188, 72, 55.96
2026/09/13 09:52:02.192, 97, 3843, 8188, 71, 38.74
2026/09/13 09:52:32.275, 78, 3843, 8188, 72, 51.56
2026/09/13 09:53:02.332, 95, 3843, 8188, 72, 50.93
2026/09/13 09:53:32.392, 75, 3843, 8188, 72, 51.92
2026/09/13 09:54:02.447, 99, 3843, 8188, 72, 51.61
2026/09/13 09:54:32.505, 95, 3843, 8188, 72, 50.87
2026/09/13 09:55:02.570, 66, 3843, 8188, 72, 76.69
2026/09/13 09:55:32.622, 98, 3843, 8188, 72, 52.04
2026/09/13 09:56:02.677, 0, 281, 8188, 61, 1.61
2026/09/13 09:56:32.745, 0, 281, 8188, 57, 1.47
2026/09/13 09:57:02.811, 0, 281, 8188, 54, 1.48
2026/09/13 09:57:32.869, 0, 3839, 8188, 54, 1.49
2026/09/13 09:58:02.916, 96, 4127, 8188, 63, 49.94
2026/09/13 09:58:32.975, 97, 4127, 8188, 67, 44.28
2026/09/13 09:59:03.052, 95, 4127, 8188, 68, 45.37
2026/09/13 09:59:33.116, 93, 4127, 8188, 70, 56.60
2026/09/13 10:00:03.181, 94, 4127, 8188, 70, 44.76
2026/09/13 10:00:33.246, 66, 4127, 8188, 72, 53.03
2026/09/13 10:01:03.306, 97, 4127, 8188, 71, 44.78
2026/09/13 10:01:33.370, 94, 4127, 8188, 72, 44.53
2026/09/13 10:02:03.445, 72, 4127, 8188, 73, 52.96
2026/09/13 10:02:33.523, 44, 531, 8188, 72, 34.18
2026/09/13 10:03:03.597, 0, 271, 8188, 62, 1.71
2026/09/13 10:03:33.672, 97, 1889, 8188, 63, 44.43
2026/09/13 10:04:03.756, 97, 1889, 8188, 68, 44.18
2026/09/13 10:04:33.839, 26, 1889, 8188, 69, 31.80
2026/09/13 10:05:03.906, 99, 1889, 8188, 72, 50.29
2026/09/13 10:05:33.977, 0, 249, 8188, 62, 1.76
2026/09/13 10:06:04.040, 0, 3829, 8188, 58, 1.53
2026/09/13 10:06:34.113, 99, 4117, 8188, 65, 47.83
2026/09/13 10:07:04.176, 95, 4117, 8188, 69, 44.66
2026/09/13 10:07:34.241, 94, 4117, 8188, 70, 43.22
2026/09/13 10:08:04.306, 94, 4117, 8188, 71, 48.99
2026/09/13 10:08:34.389, 95, 4117, 8188, 71, 44.90
2026/09/13 10:09:04.454, 95, 4117, 8188, 73, 50.20
2026/09/13 10:09:34.513, 96, 4117, 8188, 72, 44.70
2026/09/13 10:10:04.596, 15, 4117, 8188, 72, 34.94
2026/09/13 10:10:34.655, 97, 4117, 8188, 73, 44.53
2026/09/13 10:11:05.271, 0, 0, 8188, 68, 15.07
2026/09/13 10:11:35.342, 0, 221, 8188, 62, 13.44
2026/09/13 10:12:05.392, 0, 221, 8188, 57, 1.49
2026/09/13 10:12:35.461, 96, 4491, 8188, 67, 49.71
2026/09/13 10:13:05.526, 95, 4491, 8188, 70, 48.82
2026/09/13 10:13:35.614, 94, 4201, 8188, 70, 47.51
2026/09/13 10:14:05.672, 99, 4203, 8188, 72, 54.60
2026/09/13 10:14:35.733, 95, 4203, 8188, 73, 58.65
2026/09/13 10:15:05.789, 97, 4235, 8188, 72, 56.64
2026/09/13 10:15:35.845, 98, 4235, 8188, 73, 55.24
2026/09/13 10:16:05.919, 98, 4245, 8188, 73, 55.65
2026/09/13 10:16:35.975, 99, 4247, 8188, 73, 53.30
2026/09/13 10:17:06.044, 83, 4247, 8188, 72, 51.51
2026/09/13 10:17:36.096, 96, 4201, 8188, 73, 54.47
2026/09/13 10:18:06.158, 94, 4201, 8188, 73, 54.55
2026/09/13 10:18:36.220, 95, 4267, 8188, 71, 56.66
2026/09/13 10:19:06.275, 99, 4267, 8188, 73, 54.89
2026/09/13 10:19:36.334, 96, 4267, 8188, 72, 56.52
2026/09/13 10:20:06.391, 98, 4201, 8188, 73, 54.26
2026/09/13 10:20:36.446, 95, 4201, 8188, 73, 57.08
2026/09/13 10:21:06.500, 97, 4259, 8188, 73, 46.81
2026/09/13 10:21:36.566, 77, 4259, 8188, 72, 52.14
2026/09/13 10:22:06.640, 83, 1055, 8188, 72, 53.74
2026/09/13 10:22:36.701, 96, 4245, 8188, 71, 44.06
2026/09/13 10:23:06.772, 97, 4247, 8188, 73, 54.67
2026/09/13 10:23:36.843, 87, 4265, 8188, 73, 54.82
2026/09/13 10:24:06.916, 98, 4267, 8188, 74, 55.12
2026/09/13 10:24:36.973, 93, 4245, 8188, 73, 50.43
2026/09/13 10:25:07.038, 99, 4247, 8188, 73, 47.85
2026/09/13 10:25:37.096, 96, 4247, 8188, 73, 57.71
2026/09/13 10:26:07.150, 75, 4247, 8188, 72, 47.92
2026/09/13 10:26:37.220, 97, 4247, 8188, 73, 53.72
2026/09/13 10:27:07.273, 99, 4253, 8188, 73, 52.96
2026/09/13 10:27:37.334, 96, 4253, 8188, 72, 55.92
2026/09/13 10:28:07.389, 97, 4255, 8188, 74, 54.28
2026/09/13 10:28:37.450, 96, 4259, 8188, 73, 49.93
2026/09/13 10:29:07.513, 98, 4259, 8188, 73, 55.22
2026/09/13 10:29:37.574, 100, 4257, 8188, 73, 55.01
2026/09/13 10:30:07.621, 97, 4259, 8188, 73, 55.36
2026/09/13 10:30:37.683, 80, 4259, 8188, 73, 52.19
2026/09/13 10:31:07.768, 76, 4253, 8188, 73, 48.53
2026/09/13 10:31:37.833, 97, 4255, 8188, 73, 52.58
2026/09/13 10:32:07.898, 97, 4257, 8188, 73, 54.60
2026/09/13 10:32:37.974, 78, 4257, 8188, 73, 54.43
2026/09/13 10:33:08.034, 97, 4259, 8188, 73, 50.99
2026/09/13 10:33:38.105, 76, 4261, 8188, 72, 51.80
2026/09/13 10:34:08.173, 92, 4261, 8188, 73, 55.63
2026/09/13 10:34:38.247, 96, 4261, 8188, 72, 56.12
2026/09/13 10:35:08.304, 76, 4261, 8188, 73, 52.28
2026/09/13 10:35:38.366, 97, 4261, 8188, 73, 55.27
2026/09/13 10:36:08.419, 97, 4255, 8188, 73, 56.98
2026/09/13 10:36:38.483, 87, 4255, 8188, 73, 52.22
2026/09/13 10:37:08.536, 95, 4199, 8188, 73, 57.23
2026/09/13 10:37:38.598, 100, 4201, 8188, 73, 53.18
2026/09/13 10:38:08.667, 94, 4201, 8188, 73, 57.03
2026/09/13 10:38:38.737, 95, 4267, 8188, 73, 54.75
2026/09/13 10:39:08.802, 83, 4267, 8188, 73, 53.42
2026/09/13 10:39:38.873, 98, 4257, 8188, 73, 57.41
2026/09/13 10:40:08.932, 98, 4257, 8188, 74, 52.14
2026/09/13 10:40:38.984, 74, 4257, 8188, 73, 53.16
2026/09/13 10:41:09.047, 97, 4253, 8188, 73, 51.36
2026/09/13 10:41:39.115, 97, 4255, 8188, 73, 56.42
2026/09/13 10:42:09.195, 97, 4259, 8188, 73, 57.17
2026/09/13 10:42:39.250, 97, 4259, 8188, 73, 54.58
2026/09/13 10:43:09.317, 19, 1245, 8188, 70, 24.80
2026/09/13 10:43:39.390, 95, 4259, 8188, 72, 49.27
2026/09/13 10:44:09.460, 96, 4259, 8188, 73, 67.24
2026/09/13 10:44:39.514, 98, 4233, 8188, 74, 49.42
2026/09/13 10:45:09.581, 97, 4235, 8188, 73, 43.09
2026/09/13 10:45:39.638, 8, 2603, 8188, 70, 26.10
2026/09/13 10:46:09.723, 98, 4261, 8188, 73, 52.33
2026/09/13 10:46:39.782, 95, 4261, 8188, 73, 60.64
2026/09/13 10:47:09.862, 99, 4257, 8188, 73, 47.06
2026/09/13 10:47:39.919, 96, 4259, 8188, 72, 59.78
2026/09/13 10:48:09.983, 75, 4199, 8188, 72, 46.96
2026/09/13 10:48:40.043, 94, 4201, 8188, 73, 56.79
2026/09/13 10:49:10.101, 92, 4201, 8188, 73, 55.02
2026/09/13 10:49:40.159, 79, 4261, 8188, 72, 50.09
2026/09/13 10:50:10.223, 97, 4261, 8188, 73, 46.02
2026/09/13 10:50:40.290, 95, 4265, 8188, 73, 58.98
2026/09/13 10:51:10.348, 100, 4267, 8188, 72, 52.95
2026/09/13 10:51:40.407, 94, 4267, 8188, 73, 56.15
2026/09/13 10:52:10.478, 96, 4201, 8188, 73, 56.20
2026/09/13 10:52:40.537, 76, 4201, 8188, 73, 60.53
2026/09/13 10:53:10.609, 88, 4257, 8188, 72, 47.88
2026/09/13 10:53:40.675, 86, 4257, 8188, 73, 49.94
2026/09/13 10:54:10.732, 97, 4257, 8188, 73, 52.62
2026/09/13 10:54:40.785, 98, 4247, 8188, 73, 51.00
2026/09/13 10:55:10.848, 97, 4247, 8188, 73, 49.90
2026/09/13 10:55:40.915, 97, 4265, 8188, 73, 52.21
2026/09/13 10:56:10.970, 99, 4267, 8188, 73, 55.28
2026/09/13 10:56:41.020, 96, 4267, 8188, 73, 57.77
2026/09/13 10:57:11.080, 98, 4259, 8188, 73, 55.81
2026/09/13 10:57:41.143, 75, 4259, 8188, 73, 42.64
2026/09/13 10:58:11.225, 77, 4201, 8188, 72, 51.34
2026/09/13 10:58:41.304, 80, 4201, 8188, 73, 49.29
2026/09/13 10:59:11.357, 98, 4201, 8188, 73, 58.40
2026/09/13 10:59:41.417, 98, 4267, 8188, 73, 50.21
2026/09/13 11:00:11.481, 95, 4267, 8188, 73, 55.08
2026/09/13 11:00:41.540, 97, 4255, 8188, 73, 55.52
2026/09/13 11:01:11.597, 99, 4255, 8188, 73, 53.16
2026/09/13 11:01:41.661, 97, 4255, 8188, 73, 53.15
2026/09/13 11:02:11.729, 98, 4255, 8188, 73, 55.88
2026/09/13 11:02:41.797, 97, 4255, 8188, 72, 52.01
2026/09/13 11:03:11.871, 94, 4253, 8188, 73, 56.52
2026/09/13 11:03:41.935, 97, 4253, 8188, 73, 57.58
2026/09/13 11:04:12.017, 96, 4253, 8188, 73, 53.84
2026/09/13 11:04:42.084, 96, 4267, 8188, 72, 55.08
2026/09/13 11:05:12.143, 97, 4267, 8188, 74, 54.73
2026/09/13 11:05:42.208, 97, 4199, 8188, 73, 51.69
2026/09/13 11:06:12.272, 97, 4201, 8188, 73, 55.18
2026/09/13 11:06:42.344, 98, 4201, 8188, 73, 52.45
2026/09/13 11:07:12.408, 97, 4199, 8188, 74, 53.51
2026/09/13 11:07:42.471, 97, 4201, 8188, 73, 53.22
2026/09/13 11:08:12.532, 97, 4233, 8188, 73, 55.59
2026/09/13 11:08:42.597, 97, 4235, 8188, 72, 55.47
2026/09/13 11:09:12.656, 83, 2627, 8188, 72, 53.04
2026/09/13 11:09:42.726, 87, 4255, 8188, 73, 46.83
2026/09/13 11:10:12.793, 98, 4255, 8188, 73, 50.79
2026/09/13 11:10:42.850, 97, 4259, 8188, 73, 51.36
2026/09/13 11:11:12.916, 99, 4261, 8188, 72, 49.75
2026/09/13 11:11:42.973, 98, 4241, 8188, 72, 53.61
2026/09/13 11:12:13.048, 96, 4241, 8188, 72, 58.19
2026/09/13 11:12:43.105, 96, 4241, 8188, 73, 56.62
2026/09/13 11:13:13.171, 85, 4253, 8188, 72, 55.15
2026/09/13 11:13:43.235, 96, 4255, 8188, 73, 55.17
2026/09/13 11:14:13.287, 85, 4247, 8188, 72, 49.92
2026/09/13 11:14:43.352, 97, 4247, 8188, 73, 53.62
2026/09/13 11:15:13.402, 99, 4247, 8188, 73, 55.71
2026/09/13 11:15:43.473, 96, 4259, 8188, 71, 55.28
2026/09/13 11:16:13.542, 87, 4259, 8188, 73, 49.74
2026/09/13 11:16:43.606, 97, 4199, 8188, 73, 55.57
2026/09/13 11:17:13.659, 95, 4199, 8188, 73, 53.78
2026/09/13 11:17:43.723, 95, 4201, 8188, 73, 55.35
2026/09/13 11:18:13.783, 98, 4257, 8188, 73, 55.68
2026/09/13 11:18:43.854, 97, 4257, 8188, 71, 55.13
2026/09/13 11:19:13.907, 85, 4255, 8188, 73, 47.49
2026/09/13 11:19:43.961, 95, 4255, 8188, 74, 57.39
2026/09/13 11:20:14.024, 99, 4255, 8188, 72, 51.96
2026/09/13 11:20:44.077, 95, 4253, 8188, 73, 53.42
2026/09/13 11:21:14.149, 87, 4255, 8188, 73, 47.76
2026/09/13 11:21:44.217, 98, 4199, 8188, 74, 57.30
2026/09/13 11:22:14.274, 98, 4201, 8188, 74, 54.05
2026/09/13 11:22:44.348, 95, 4201, 8188, 74, 59.85
2026/09/13 11:23:14.415, 99, 4255, 8188, 74, 46.85
2026/09/13 11:23:44.473, 94, 4255, 8188, 73, 63.05
2026/09/13 11:24:14.538, 77, 4201, 8188, 73, 30.07
2026/09/13 11:24:44.604, 97, 4201, 8188, 74, 53.68
2026/09/13 11:25:14.692, 96, 4201, 8188, 73, 53.90
2026/09/13 11:25:44.751, 100, 4257, 8188, 74, 48.69
2026/09/13 11:26:14.816, 96, 4259, 8188, 74, 52.17
2026/09/13 11:26:44.869, 97, 4233, 8188, 73, 47.44
2026/09/13 11:27:14.940, 95, 4235, 8188, 73, 70.39
2026/09/13 11:27:45.000, 98, 4235, 8188, 74, 52.13
2026/09/13 11:28:15.055, 97, 4257, 8188, 73, 59.06
2026/09/13 11:28:45.124, 93, 4259, 8188, 73, 53.30
2026/09/13 11:29:15.199, 96, 4253, 8188, 73, 57.79
2026/09/13 11:29:45.264, 96, 4255, 8188, 73, 55.19
2026/09/13 11:30:15.352, 59, 2599, 8188, 72, 44.30
2026/09/13 11:30:45.412, 87, 4235, 8188, 72, 56.39
2026/09/13 11:31:15.476, 97, 4235, 8188, 73, 53.53
2026/09/13 11:31:45.537, 99, 4253, 8188, 74, 52.55
2026/09/13 11:32:15.607, 97, 4253, 8188, 73, 54.25
2026/09/13 11:32:45.660, 76, 4253, 8188, 73, 40.61
2026/09/13 11:33:15.725, 98, 4253, 8188, 74, 54.37
2026/09/13 11:33:45.790, 97, 4255, 8188, 73, 53.52
2026/09/13 11:34:15.873, 96, 4253, 8188, 73, 54.73
2026/09/13 11:34:45.944, 95, 4253, 8188, 73, 54.18
2026/09/13 11:35:15.997, 71, 4253, 8188, 73, 42.14
2026/09/13 11:35:46.062, 80, 4255, 8188, 73, 46.94
2026/09/13 11:36:16.137, 97, 4255, 8188, 73, 53.19
2026/09/13 11:36:46.192, 96, 4267, 8188, 73, 55.02
2026/09/13 11:37:16.248, 96, 4267, 8188, 73, 57.51
2026/09/13 11:37:46.309, 95, 4253, 8188, 73, 55.75
2026/09/13 11:38:16.392, 98, 4255, 8188, 73, 54.30
2026/09/13 11:38:46.458, 95, 4255, 8188, 73, 53.38
2026/09/13 11:39:16.511, 75, 4257, 8188, 73, 52.24
2026/09/13 11:39:46.576, 97, 4257, 8188, 73, 44.72
2026/09/13 11:40:16.642, 98, 4259, 8188, 73, 55.81
2026/09/13 11:40:46.700, 99, 4259, 8188, 73, 48.49
2026/09/13 11:41:16.753, 84, 4259, 8188, 73, 55.25
2026/09/13 11:41:46.818, 74, 4261, 8188, 71, 53.96
2026/09/13 11:42:16.894, 98, 4261, 8188, 73, 54.35
2026/09/13 11:42:46.953, 88, 4253, 8188, 72, 47.37
2026/09/13 11:43:17.012, 97, 4255, 8188, 74, 53.13
2026/09/13 11:43:47.099, 96, 4255, 8188, 73, 57.88
2026/09/13 11:44:17.166, 100, 4269, 8188, 73, 53.00
2026/09/13 11:44:47.231, 94, 4269, 8188, 72, 56.03
2026/09/13 11:45:17.302, 88, 4259, 8188, 73, 48.61
2026/09/13 11:45:47.355, 99, 4259, 8188, 74, 54.56
2026/09/13 11:46:17.411, 95, 4261, 8188, 73, 56.24
2026/09/13 11:46:47.470, 99, 4247, 8188, 73, 57.12
2026/09/13 11:47:17.526, 96, 4247, 8188, 72, 55.45
2026/09/13 11:47:47.600, 97, 4233, 8188, 74, 56.45
2026/09/13 11:48:17.661, 96, 4233, 8188, 73, 51.85
2026/09/13 11:48:47.725, 98, 4315, 8188, 73, 55.08
2026/09/13 11:49:17.785, 98, 4199, 8188, 74, 52.85
2026/09/13 11:49:47.850, 97, 4199, 8188, 74, 56.11
2026/09/13 11:50:17.903, 95, 4257, 8188, 73, 53.27
2026/09/13 11:50:47.980, 97, 4259, 8188, 73, 65.33
2026/09/13 11:51:18.033, 7, 2603, 8188, 70, 36.19
2026/09/13 11:51:48.097, 97, 4261, 8188, 74, 47.58
2026/09/13 11:52:18.151, 99, 4261, 8188, 74, 46.42
2026/09/13 11:52:48.204, 95, 4245, 8188, 73, 55.18
2026/09/13 11:53:18.269, 86, 4247, 8188, 73, 52.82
2026/09/13 11:53:48.334, 98, 4265, 8188, 73, 51.08
2026/09/13 11:54:18.399, 83, 4265, 8188, 72, 52.04
2026/09/13 11:54:48.464, 98, 4265, 8188, 75, 59.21
2026/09/13 11:55:18.514, 96, 4235, 8188, 74, 56.94
2026/09/13 11:55:48.575, 95, 4235, 8188, 73, 58.97
2026/09/13 11:56:18.646, 99, 4265, 8188, 73, 45.24
2026/09/13 11:56:48.723, 74, 4267, 8188, 74, 43.56
2026/09/13 11:57:18.782, 97, 4267, 8188, 73, 51.97
2026/09/13 11:57:48.835, 99, 4241, 8188, 73, 51.41
2026/09/13 11:58:18.900, 92, 4241, 8188, 73, 53.62
2026/09/13 11:58:48.953, 95, 4261, 8188, 73, 54.68
2026/09/13 11:59:19.024, 95, 4261, 8188, 73, 53.06
2026/09/13 11:59:49.074, 97, 4261, 8188, 72, 59.33
2026/09/13 12:00:19.147, 98, 4199, 8188, 74, 50.42
2026/09/13 12:00:49.214, 97, 4201, 8188, 74, 55.08
2026/09/13 12:01:19.283, 98, 4257, 8188, 73, 55.74
2026/09/13 12:01:49.344, 96, 4259, 8188, 74, 54.53
2026/09/13 12:02:19.407, 98, 4259, 8188, 73, 56.13
2026/09/13 12:02:49.478, 96, 4257, 8188, 74, 60.88
2026/09/13 12:03:19.554, 99, 4257, 8188, 73, 54.15
2026/09/13 12:03:49.608, 97, 4233, 8188, 73, 55.76
2026/09/13 12:04:19.669, 75, 4233, 8188, 73, 53.04
2026/09/13 12:04:49.732, 97, 4233, 8188, 73, 54.00
2026/09/13 12:05:19.791, 97, 4233, 8188, 73, 53.44
2026/09/13 12:05:49.847, 95, 4235, 8188, 74, 53.21
2026/09/13 12:06:19.909, 95, 4257, 8188, 73, 55.01
2026/09/13 12:06:49.971, 98, 4257, 8188, 73, 56.10
2026/09/13 12:07:20.020, 95, 4259, 8188, 74, 56.73
2026/09/13 12:07:50.081, 76, 4235, 8188, 73, 53.10
2026/09/13 12:08:20.141, 97, 4235, 8188, 74, 62.66
2026/09/13 12:08:50.210, 98, 4235, 8188, 74, 54.90
2026/09/13 12:09:20.265, 97, 4235, 8188, 72, 55.23
2026/09/13 12:09:50.327, 52, 1767, 8188, 73, 57.72
2026/09/13 12:10:20.398, 99, 4235, 8188, 74, 55.14
2026/09/13 12:10:50.458, 96, 4235, 8188, 73, 55.50
2026/09/13 12:11:20.522, 77, 4257, 8188, 73, 53.70
2026/09/13 12:11:50.582, 97, 4257, 8188, 74, 52.78
2026/09/13 12:12:20.676, 97, 4197, 8188, 73, 46.08
2026/09/13 12:12:50.738, 98, 4199, 8188, 73, 53.74
2026/09/13 12:13:20.795, 86, 4199, 8188, 73, 54.92
2026/09/13 12:13:50.859, 96, 4247, 8188, 74, 55.56
2026/09/13 12:14:20.919, 97, 4247, 8188, 74, 54.93
2026/09/13 12:14:50.995, 98, 4245, 8188, 73, 52.42
2026/09/13 12:15:21.053, 96, 4245, 8188, 73, 54.68
2026/09/13 12:15:51.112, 77, 4245, 8188, 74, 53.78
2026/09/13 12:16:21.175, 0, 273, 8188, 64, 1.61
2026/09/13 12:16:51.230, 0, 273, 8188, 58, 1.64
2026/09/13 12:17:21.283, 94, 2927, 8188, 67, 52.11
2026/09/13 12:17:51.342, 99, 3775, 8188, 69, 49.89
2026/09/13 12:18:21.401, 100, 3775, 8188, 70, 43.14
2026/09/13 12:18:51.472, 90, 3775, 8188, 72, 54.06
2026/09/13 12:19:21.574, 86, 3775, 8188, 73, 52.67
2026/09/13 12:19:51.643, 71, 3775, 8188, 72, 73.39
2026/09/13 12:20:21.710, 96, 3775, 8188, 72, 54.67
2026/09/13 12:20:51.765, 95, 3775, 8188, 72, 49.27
2026/09/13 12:21:21.833, 93, 3775, 8188, 73, 51.19
2026/09/13 12:21:51.890, 97, 3775, 8188, 73, 37.66
2026/09/13 12:22:21.981, 96, 3775, 8188, 73, 51.35
2026/09/13 12:22:52.034, 95, 3775, 8188, 74, 53.94
2026/09/13 12:23:22.099, 46, 3775, 8188, 72, 45.79
2026/09/13 12:23:52.182, 73, 3775, 8188, 74, 43.47
2026/09/13 12:24:22.249, 93, 3775, 8188, 73, 45.28
2026/09/13 12:24:52.312, 95, 3775, 8188, 73, 49.03
2026/09/13 12:25:22.383, 97, 3775, 8188, 73, 52.26
2026/09/13 12:25:52.454, 69, 3775, 8188, 73, 47.58
2026/09/13 12:26:22.515, 98, 3775, 8188, 73, 48.82
2026/09/13 12:26:52.602, 71, 3775, 8188, 73, 48.19
2026/09/13 12:27:22.655, 71, 3775, 8188, 73, 48.83
2026/09/13 12:27:52.726, 95, 3775, 8188, 74, 65.60
2026/09/13 12:28:22.785, 71, 3775, 8188, 73, 62.35
2026/09/13 12:28:52.850, 94, 3775, 8188, 73, 49.30
2026/09/13 12:29:22.920, 96, 3775, 8188, 73, 52.03
2026/09/13 12:29:52.992, 99, 3775, 8188, 72, 36.77
2026/09/13 12:30:23.050, 95, 3775, 8188, 74, 52.02
2026/09/13 12:30:53.121, 94, 3775, 8188, 74, 51.45
2026/09/13 12:31:23.199, 80, 3775, 8188, 73, 57.13
2026/09/13 12:31:53.270, 95, 3775, 8188, 73, 46.55
2026/09/13 12:32:23.326, 93, 3775, 8188, 74, 51.78
2026/09/13 12:32:53.411, 43, 3775, 8188, 73, 48.81
2026/09/13 12:33:23.471, 94, 3775, 8188, 74, 66.13
2026/09/13 12:33:53.556, 45, 3775, 8188, 74, 51.39
2026/09/13 12:34:23.623, 95, 3775, 8188, 73, 53.74
2026/09/13 12:34:53.686, 98, 3775, 8188, 73, 59.45
2026/09/13 12:35:23.755, 96, 3775, 8188, 72, 57.62
2026/09/13 12:35:53.837, 87, 3775, 8188, 72, 51.72
2026/09/13 12:36:23.918, 23, 3775, 8188, 70, 37.59
2026/09/13 12:36:53.980, 86, 3775, 8188, 72, 56.04
2026/09/13 12:37:24.038, 93, 3775, 8188, 72, 59.99
2026/09/13 12:37:54.122, 84, 3775, 8188, 71, 58.63
2026/09/13 12:38:24.177, 94, 3775, 8188, 72, 61.07
2026/09/13 12:38:54.246, 38, 3775, 8188, 70, 42.62
2026/09/13 12:39:24.314, 64, 3775, 8188, 70, 45.36
2026/09/13 12:39:54.386, 93, 3775, 8188, 72, 57.66
2026/09/13 12:40:24.457, 19, 3775, 8188, 71, 34.04
2026/09/13 12:40:54.525, 89, 3775, 8188, 70, 58.89
2026/09/13 12:41:24.592, 92, 3775, 8188, 72, 61.07
2026/09/13 12:41:54.666, 95, 3775, 8188, 72, 60.71
2026/09/13 12:42:24.728, 46, 3775, 8188, 69, 45.65
2026/09/13 12:42:54.801, 94, 3775, 8188, 72, 59.19
2026/09/13 12:43:24.857, 71, 3775, 8188, 70, 58.99
2026/09/13 12:43:54.919, 49, 3775, 8188, 71, 41.18
2026/09/13 12:44:24.980, 98, 3775, 8188, 72, 62.21
2026/09/13 12:44:55.029, 98, 3775, 8188, 71, 63.48
2026/09/13 12:45:25.098, 78, 3775, 8188, 72, 66.94
2026/09/13 12:45:55.158, 97, 3775, 8188, 71, 59.17
2026/09/13 12:46:25.219, 96, 3775, 8188, 71, 63.06
2026/09/13 12:46:55.284, 95, 3775, 8188, 72, 61.33
2026/09/13 12:47:25.366, 98, 3775, 8188, 71, 60.01
2026/09/13 12:47:55.431, 80, 3775, 8188, 72, 62.31
2026/09/13 12:48:25.484, 96, 3775, 8188, 72, 60.98
2026/09/13 12:48:55.543, 84, 3775, 8188, 72, 62.65
2026/09/13 12:49:25.612, 99, 3775, 8188, 71, 56.67
2026/09/13 12:49:55.678, 94, 3775, 8188, 72, 63.35
2026/09/13 12:50:25.746, 75, 3775, 8188, 72, 57.76
2026/09/13 12:50:55.816, 91, 3775, 8188, 71, 59.61
2026/09/13 12:51:25.894, 95, 3775, 8188, 71, 53.83
2026/09/13 12:51:55.955, 92, 3775, 8188, 72, 51.22
2026/09/13 12:52:26.029, 74, 3775, 8188, 70, 49.77
2026/09/13 12:52:56.099, 27, 3775, 8188, 72, 37.84
2026/09/13 12:53:26.165, 2, 3775, 8188, 69, 25.00
2026/09/13 12:53:56.230, 92, 3775, 8188, 73, 60.26
2026/09/13 12:54:26.291, 97, 3775, 8188, 72, 61.70
2026/09/13 12:54:56.360, 94, 3775, 8188, 72, 57.66
2026/09/13 12:55:26.428, 74, 3775, 8188, 73, 59.20
2026/09/13 12:55:56.496, 98, 3775, 8188, 72, 56.89
2026/09/13 12:56:26.597, 35, 3775, 8188, 72, 26.55
2026/09/13 12:56:56.664, 96, 3775, 8188, 72, 61.16
2026/09/13 12:57:26.740, 49, 3775, 8188, 73, 44.76
2026/09/13 12:57:56.817, 93, 3775, 8188, 71, 53.68
2026/09/13 12:58:26.888, 96, 3775, 8188, 72, 58.43
2026/09/13 12:58:56.970, 34, 3775, 8188, 72, 40.28
2026/09/13 12:59:27.024, 39, 3775, 8188, 72, 57.28
2026/09/13 12:59:57.084, 95, 3775, 8188, 72, 62.65
2026/09/13 13:00:27.148, 56, 3775, 8188, 71, 48.58
2026/09/13 13:00:57.212, 98, 3775, 8188, 72, 59.12
2026/09/13 13:01:27.305, 41, 3775, 8188, 72, 55.21
2026/09/13 13:01:57.379, 94, 3775, 8188, 72, 62.55
2026/09/13 13:02:27.438, 95, 3775, 8188, 72, 56.60
2026/09/13 13:02:57.511, 94, 3775, 8188, 71, 56.90
2026/09/13 13:03:27.573, 98, 3775, 8188, 72, 60.12
2026/09/13 13:03:57.657, 93, 3775, 8188, 72, 77.21
2026/09/13 13:04:27.740, 75, 3775, 8188, 72, 59.76
2026/09/13 13:04:57.811, 74, 3775, 8188, 70, 54.31
2026/09/13 13:05:27.872, 91, 3775, 8188, 71, 52.05
2026/09/13 13:05:57.943, 97, 3775, 8188, 72, 60.48
2026/09/13 13:06:28.024, 93, 3775, 8188, 72, 53.05
2026/09/13 13:06:58.083, 51, 3775, 8188, 71, 56.17
2026/09/13 13:07:28.148, 83, 3775, 8188, 72, 55.76
2026/09/13 13:07:58.218, 80, 3775, 8188, 72, 57.43
2026/09/13 13:08:28.284, 95, 3775, 8188, 72, 55.47
2026/09/13 13:08:58.358, 87, 3775, 8188, 72, 57.56
2026/09/13 13:09:28.429, 74, 3775, 8188, 71, 49.76
2026/09/13 13:09:58.485, 95, 3775, 8188, 72, 54.00
2026/09/13 13:10:28.553, 61, 3775, 8188, 72, 53.25
2026/09/13 13:10:58.625, 98, 3775, 8188, 72, 51.73
2026/09/13 13:11:28.706, 94, 3775, 8188, 71, 61.87
2026/09/13 13:11:58.774, 94, 3775, 8188, 73, 69.62
2026/09/13 13:12:28.829, 0, 3775, 8188, 66, 21.58
2026/09/13 13:12:58.899, 0, 273, 8188, 57, 1.47
2026/09/13 13:13:28.957, 0, 273, 8188, 53, 1.48
2026/09/13 13:13:59.031, 99, 2927, 8188, 65, 59.33
2026/09/13 13:14:29.087, 94, 3775, 8188, 68, 60.94
2026/09/13 13:14:59.147, 96, 3775, 8188, 68, 57.08
2026/09/13 13:15:29.216, 98, 3775, 8188, 70, 55.88
2026/09/13 13:15:59.284, 99, 3775, 8188, 70, 57.13
2026/09/13 13:16:29.353, 99, 3775, 8188, 71, 62.94
2026/09/13 13:16:59.436, 97, 3775, 8188, 71, 59.42
2026/09/13 13:17:29.508, 51, 3775, 8188, 71, 43.30
2026/09/13 13:17:59.572, 99, 3775, 8188, 71, 60.80
2026/09/13 13:18:29.645, 44, 3775, 8188, 72, 51.78
2026/09/13 13:18:59.726, 97, 3775, 8188, 72, 61.65
2026/09/13 13:19:29.791, 45, 3775, 8188, 71, 50.46
2026/09/13 13:19:59.856, 100, 3775, 8188, 72, 60.12
2026/09/13 13:20:29.935, 63, 3775, 8188, 69, 53.78
2026/09/13 13:20:59.986, 41, 3775, 8188, 70, 40.01
2026/09/13 13:21:30.039, 64, 3775, 8188, 69, 53.12
2026/09/13 13:22:00.098, 41, 3775, 8188, 71, 50.34
2026/09/13 13:22:30.157, 92, 3775, 8188, 72, 56.22
2026/09/13 13:23:00.222, 99, 3775, 8188, 72, 55.26
2026/09/13 13:23:30.317, 93, 3775, 8188, 70, 55.08
2026/09/13 13:24:00.388, 96, 3775, 8188, 72, 57.59
2026/09/13 13:24:30.449, 98, 3775, 8188, 72, 58.31
2026/09/13 13:25:00.512, 96, 3775, 8188, 72, 59.46
2026/09/13 13:25:30.595, 80, 3775, 8188, 70, 57.46
2026/09/13 13:26:00.670, 93, 3775, 8188, 72, 55.54
2026/09/13 13:26:30.742, 98, 3775, 8188, 72, 55.62
2026/09/13 13:27:00.814, 99, 3775, 8188, 70, 61.02
2026/09/13 13:27:30.878, 96, 3775, 8188, 72, 55.05
2026/09/13 13:28:00.938, 93, 3775, 8188, 71, 59.63
2026/09/13 13:28:31.021, 98, 3775, 8188, 72, 57.69
2026/09/13 13:29:01.075, 74, 3775, 8188, 71, 57.31
2026/09/13 13:29:31.139, 94, 3775, 8188, 72, 55.78
2026/09/13 13:30:01.197, 59, 3775, 8188, 70, 56.07
2026/09/13 13:30:31.262, 77, 3775, 8188, 72, 60.54
2026/09/13 13:31:01.323, 95, 3775, 8188, 71, 56.44
2026/09/13 13:31:31.386, 92, 3775, 8188, 70, 56.72
2026/09/13 13:32:01.452, 73, 3775, 8188, 71, 52.76
2026/09/13 13:32:31.516, 60, 3775, 8188, 69, 67.62
2026/09/13 13:33:01.593, 79, 3775, 8188, 72, 51.87
2026/09/13 13:33:31.652, 98, 3775, 8188, 72, 61.13
2026/09/13 13:34:01.723, 96, 3775, 8188, 72, 60.36
2026/09/13 13:34:31.776, 93, 3775, 8188, 72, 62.20
2026/09/13 13:35:01.835, 98, 3775, 8188, 71, 41.32
2026/09/13 13:35:31.900, 78, 3775, 8188, 72, 58.48
2026/09/13 13:36:01.961, 87, 3775, 8188, 72, 56.08
2026/09/13 13:36:32.030, 94, 3775, 8188, 72, 53.35
2026/09/13 13:37:02.101, 92, 3775, 8188, 71, 62.06
2026/09/13 13:37:32.178, 95, 3775, 8188, 72, 54.36
2026/09/13 13:38:02.252, 93, 3775, 8188, 72, 62.06
2026/09/13 13:38:32.337, 86, 3775, 8188, 70, 56.28
2026/09/13 13:39:02.427, 93, 3775, 8188, 72, 63.32
2026/09/13 13:39:32.507, 57, 3775, 8188, 72, 27.17
2026/09/13 13:40:02.611, 97, 3775, 8188, 72, 60.22
2026/09/13 13:40:32.669, 33, 3775, 8188, 71, 54.47
2026/09/13 13:41:02.735, 95, 3775, 8188, 72, 55.34
2026/09/13 13:41:32.795, 96, 3775, 8188, 72, 59.89
2026/09/13 13:42:02.860, 94, 3775, 8188, 72, 53.50
2026/09/13 13:42:32.921, 85, 3775, 8188, 71, 57.51
2026/09/13 13:43:02.989, 96, 3775, 8188, 71, 61.24
2026/09/13 13:43:33.054, 69, 3775, 8188, 72, 49.89
2026/09/13 13:44:03.149, 25, 3775, 8188, 71, 28.88
2026/09/13 13:44:33.214, 92, 3775, 8188, 71, 60.85
2026/09/13 13:45:03.282, 92, 3775, 8188, 72, 62.68
2026/09/13 13:45:33.337, 92, 3775, 8188, 72, 53.89
2026/09/13 13:46:03.397, 88, 3775, 8188, 71, 53.88
2026/09/13 13:46:33.474, 94, 3775, 8188, 70, 58.38
2026/09/13 13:47:03.537, 92, 3775, 8188, 72, 51.58
2026/09/13 13:47:33.617, 96, 3775, 8188, 72, 56.13
2026/09/13 13:48:03.675, 89, 3775, 8188, 71, 58.07
2026/09/13 13:48:33.753, 98, 3775, 8188, 71, 53.89
2026/09/13 13:49:03.817, 97, 3775, 8188, 71, 64.16
2026/09/13 13:49:33.892, 96, 3775, 8188, 71, 55.74
2026/09/13 13:50:03.971, 46, 3775, 8188, 71, 51.70
2026/09/13 13:50:34.042, 98, 3775, 8188, 72, 56.77
2026/09/13 13:51:04.123, 55, 3775, 8188, 71, 50.18
2026/09/13 13:51:34.208, 98, 3775, 8188, 72, 54.87
2026/09/13 13:52:04.281, 93, 3775, 8188, 72, 62.97
2026/09/13 13:52:34.350, 99, 3775, 8188, 72, 59.14
2026/09/13 13:53:04.403, 95, 3775, 8188, 72, 56.79
2026/09/13 13:53:34.459, 94, 3775, 8188, 72, 55.19
2026/09/13 13:54:04.515, 98, 3775, 8188, 72, 59.30
2026/09/13 13:54:34.576, 96, 3775, 8188, 72, 59.35
2026/09/13 13:55:04.639, 92, 3775, 8188, 72, 58.44
2026/09/13 13:55:34.692, 2, 3775, 8188, 67, 26.02
2026/09/13 13:56:04.756, 61, 3775, 8188, 69, 56.40
2026/09/13 13:56:34.824, 0, 459, 8188, 62, 1.72
2026/09/13 13:57:04.879, 0, 275, 8188, 57, 2.80
2026/09/13 13:57:34.945, 0, 275, 8188, 52, 1.59
2026/09/13 13:58:05.007, 0, 2801, 8188, 53, 21.07
2026/09/13 13:58:35.084, 50, 3117, 8188, 63, 51.90
2026/09/13 13:59:05.168, 28, 3861, 8188, 66, 47.38
2026/09/13 13:59:35.260, 84, 3861, 8188, 68, 49.07
2026/09/13 14:00:05.330, 1, 3861, 8188, 65, 21.63
2026/09/13 14:00:35.414, 57, 3861, 8188, 69, 46.29
2026/09/13 14:01:05.486, 35, 3861, 8188, 70, 38.14
2026/09/13 14:01:35.580, 94, 3861, 8188, 71, 63.01
2026/09/13 14:02:05.644, 94, 3861, 8188, 71, 60.16
2026/09/13 14:02:35.710, 92, 3861, 8188, 71, 54.80
2026/09/13 14:03:05.787, 97, 3861, 8188, 71, 56.98
2026/09/13 14:03:35.857, 96, 3861, 8188, 71, 59.17
2026/09/13 14:04:05.941, 95, 3863, 8188, 70, 56.84
2026/09/13 14:04:36.012, 47, 3863, 8188, 70, 39.95
2026/09/13 14:05:06.071, 95, 3863, 8188, 72, 56.01
2026/09/13 14:05:36.154, 95, 3863, 8188, 72, 57.32
2026/09/13 14:06:06.230, 98, 3863, 8188, 70, 48.80
2026/09/13 14:06:36.308, 99, 3863, 8188, 72, 44.39
2026/09/13 14:07:06.367, 95, 3863, 8188, 73, 52.51
2026/09/13 14:07:36.426, 95, 3863, 8188, 72, 50.53
2026/09/13 14:08:06.479, 95, 3863, 8188, 72, 50.03
2026/09/13 14:08:36.546, 99, 3863, 8188, 73, 49.86
2026/09/13 14:09:06.603, 95, 3863, 8188, 73, 51.61
2026/09/13 14:09:36.678, 96, 3863, 8188, 72, 43.73
2026/09/13 14:10:06.757, 6, 3863, 8188, 71, 27.24
2026/09/13 14:10:36.819, 100, 3863, 8188, 74, 47.38
2026/09/13 14:11:06.881, 94, 3863, 8188, 72, 49.70
2026/09/13 14:11:36.947, 100, 3863, 8188, 73, 48.63
2026/09/13 14:12:07.017, 98, 3863, 8188, 74, 61.01
2026/09/13 14:12:37.090, 54, 3863, 8188, 71, 55.60
2026/09/13 14:13:07.160, 98, 3863, 8188, 72, 47.70
2026/09/13 14:13:37.226, 95, 3863, 8188, 72, 49.03
2026/09/13 14:14:07.292, 99, 3863, 8188, 72, 51.77
2026/09/13 14:14:37.352, 100, 3863, 8188, 73, 51.77
2026/09/13 14:15:07.406, 100, 3863, 8188, 73, 50.04
2026/09/13 14:15:37.459, 95, 3863, 8188, 73, 49.44
2026/09/13 14:16:07.530, 49, 3863, 8188, 73, 56.87
2026/09/13 14:16:37.590, 46, 3863, 8188, 72, 54.57
2026/09/13 14:17:07.647, 94, 3863, 8188, 73, 59.10
2026/09/13 14:17:37.729, 26, 3863, 8188, 71, 53.99
2026/09/13 14:18:07.796, 96, 3863, 8188, 71, 65.33
2026/09/13 14:18:37.867, 54, 3863, 8188, 73, 53.49
2026/09/13 14:19:07.937, 93, 3863, 8188, 72, 51.24
2026/09/13 14:19:38.007, 94, 3863, 8188, 71, 46.53
2026/09/13 14:20:08.062, 100, 3863, 8188, 71, 58.08
2026/09/13 14:20:38.121, 94, 3863, 8188, 72, 55.60
2026/09/13 14:21:08.205, 95, 3863, 8188, 72, 56.04
2026/09/13 14:21:38.273, 97, 3863, 8188, 72, 55.56
2026/09/13 14:22:08.348, 93, 3863, 8188, 72, 51.33
2026/09/13 14:22:38.412, 93, 3863, 8188, 72, 51.47
2026/09/13 14:23:08.500, 99, 3863, 8188, 72, 56.37
2026/09/13 14:23:38.571, 93, 3863, 8188, 71, 60.49
2026/09/13 14:24:08.632, 26, 3863, 8188, 71, 30.59
2026/09/13 14:24:38.695, 92, 3863, 8188, 73, 53.62
2026/09/13 14:25:08.777, 92, 3863, 8188, 73, 55.04
2026/09/13 14:25:38.847, 95, 3863, 8188, 71, 48.13
2026/09/13 14:26:08.913, 98, 3863, 8188, 72, 60.03
2026/09/13 14:26:38.985, 70, 3863, 8188, 73, 52.08
2026/09/13 14:27:09.055, 96, 3863, 8188, 72, 60.81
2026/09/13 14:27:39.121, 80, 3863, 8188, 70, 57.66
2026/09/13 14:28:09.180, 59, 3863, 8188, 71, 56.08
2026/09/13 14:28:39.245, 94, 3863, 8188, 72, 64.75
2026/09/13 14:29:09.297, 99, 3863, 8188, 71, 50.69
2026/09/13 14:29:39.354, 94, 3863, 8188, 73, 45.39
2026/09/13 14:30:09.409, 99, 3863, 8188, 72, 48.82
2026/09/13 14:30:39.478, 70, 3863, 8188, 72, 49.07
2026/09/13 14:31:09.551, 72, 3863, 8188, 73, 51.73
2026/09/13 14:31:39.610, 96, 3863, 8188, 73, 52.81
2026/09/13 14:32:09.670, 88, 3863, 8188, 72, 48.91
2026/09/13 14:32:39.734, 97, 3863, 8188, 73, 53.54
2026/09/13 14:33:09.809, 96, 3863, 8188, 73, 57.41
2026/09/13 14:33:39.883, 98, 3863, 8188, 72, 44.79
2026/09/13 14:34:09.947, 57, 3863, 8188, 72, 47.42
2026/09/13 14:34:40.018, 94, 3863, 8188, 72, 42.99
2026/09/13 14:35:10.094, 43, 3863, 8188, 73, 50.81
2026/09/13 14:35:40.166, 79, 3863, 8188, 74, 56.06
2026/09/13 14:36:10.243, 100, 3863, 8188, 73, 53.23
2026/09/13 14:36:40.307, 97, 3863, 8188, 73, 48.62
2026/09/13 14:37:10.398, 40, 3863, 8188, 73, 40.00
2026/09/13 14:37:40.459, 97, 3863, 8188, 73, 53.87
2026/09/13 14:38:10.534, 93, 3863, 8188, 72, 43.05
2026/09/13 14:38:40.606, 92, 3863, 8188, 73, 51.45
2026/09/13 14:39:10.671, 76, 3863, 8188, 73, 46.45
2026/09/13 14:39:40.755, 96, 3863, 8188, 73, 61.59
2026/09/13 14:40:10.823, 100, 3863, 8188, 72, 62.43
2026/09/13 14:40:40.888, 94, 3863, 8188, 72, 60.10
2026/09/13 14:41:10.940, 99, 3863, 8188, 73, 62.05
2026/09/13 14:41:41.011, 93, 3863, 8188, 72, 58.02
2026/09/13 14:42:11.071, 93, 3863, 8188, 72, 51.49
2026/09/13 14:42:41.130, 95, 3863, 8188, 73, 58.96
2026/09/13 14:43:11.193, 96, 3863, 8188, 70, 44.93
2026/09/13 14:43:41.271, 99, 3968, 8188, 73, 42.97
2026/09/13 14:44:11.356, 59, 4374, 8188, 73, 46.63
2026/09/13 14:44:41.415, 97, 4413, 8188, 73, 44.13
2026/09/13 14:45:11.507, 97, 4418, 8188, 75, 44.22
2026/09/13 14:45:41.585, 97, 4427, 8188, 74, 48.40
2026/09/13 14:46:11.657, 97, 4428, 8188, 75, 54.28
2026/09/13 14:46:41.716, 74, 4429, 8188, 73, 43.49
2026/09/13 14:47:11.809, 98, 4430, 8188, 74, 53.58
2026/09/13 14:47:41.884, 97, 4430, 8188, 74, 47.57
2026/09/13 14:48:11.952, 97, 4419, 8188, 74, 44.62
2026/09/13 14:48:42.013, 98, 4419, 8188, 73, 47.44
2026/09/13 14:49:12.077, 88, 4425, 8188, 74, 52.72
2026/09/13 14:49:42.154, 77, 4425, 8188, 73, 51.71
2026/09/13 14:50:12.224, 97, 4425, 8188, 74, 41.10
2026/09/13 14:50:42.294, 97, 4425, 8188, 74, 58.95
2026/09/13 14:51:12.367, 98, 4425, 8188, 74, 42.40
2026/09/13 14:51:42.424, 99, 4425, 8188, 74, 44.59
2026/09/13 14:52:12.528, 84, 4456, 8188, 76, 43.93
2026/09/13 14:52:42.607, 98, 5121, 8188, 76, 44.94
2026/09/13 14:53:12.687, 65, 5121, 8188, 78, 44.13
2026/09/13 14:53:42.762, 99, 5122, 8188, 78, 44.89
2026/09/13 14:54:12.847, 82, 5123, 8188, 77, 44.33
2026/09/13 14:54:42.919, 92, 5126, 8188, 79, 44.20
2026/09/13 14:55:12.993, 97, 5126, 8188, 78, 44.48
2026/09/13 14:55:43.074, 99, 5126, 8188, 79, 44.80
2026/09/13 14:56:13.150, 94, 5126, 8188, 78, 44.50
2026/09/13 14:56:43.224, 99, 5125, 8188, 78, 44.93
2026/09/13 14:57:13.304, 97, 5125, 8188, 79, 44.53
2026/09/13 14:57:43.384, 99, 5125, 8188, 79, 44.72
2026/09/13 14:58:13.464, 97, 5050, 8188, 80, 39.58
2026/09/13 14:58:43.547, 89, 5126, 8188, 79, 44.08
2026/09/13 14:59:13.622, 94, 5126, 8188, 78, 44.42
2026/09/13 14:59:43.729, 71, 5126, 8188, 80, 43.67
2026/09/13 15:00:13.804, 67, 5137, 8188, 79, 44.33
2026/09/13 15:00:43.892, 96, 5228, 8188, 78, 44.73
2026/09/13 15:01:13.976, 98, 5311, 8188, 79, 44.59
2026/09/13 15:01:44.039, 97, 5312, 8188, 79, 44.40
2026/09/13 15:02:14.123, 97, 5313, 8188, 79, 44.24
2026/09/13 15:02:44.206, 98, 5313, 8188, 79, 44.83
2026/09/13 15:03:14.294, 86, 4803, 8188, 79, 43.83
2026/09/13 15:03:44.375, 98, 4805, 8188, 79, 43.95
2026/09/13 15:04:14.478, 54, 4491, 8188, 79, 43.59
2026/09/13 15:04:44.569, 85, 4994, 8188, 78, 44.27
2026/09/13 15:05:14.651, 99, 5036, 8188, 79, 44.98
2026/09/13 15:05:44.736, 98, 5037, 8188, 80, 45.21
2026/09/13 15:06:14.823, 99, 5088, 8188, 79, 44.23
2026/09/13 15:06:44.913, 96, 5088, 8188, 79, 44.38
2026/09/13 15:07:14.994, 97, 5088, 8188, 79, 44.10
2026/09/13 15:07:45.080, 99, 5088, 8188, 79, 44.74
2026/09/13 15:08:15.172, 59, 5088, 8188, 80, 43.88
2026/09/13 15:08:45.258, 98, 5089, 8188, 79, 44.56
2026/09/13 15:09:15.346, 97, 5089, 8188, 79, 45.09
2026/09/13 15:09:45.406, 99, 4579, 8188, 79, 43.80
2026/09/13 15:10:15.481, 96, 4580, 8188, 79, 45.06
2026/09/13 15:10:45.568, 71, 5089, 8188, 78, 44.61
2026/09/13 15:11:15.656, 43, 1226, 8188, 78, 37.58
2026/09/13 15:11:45.722, 45, 1226, 8188, 77, 37.26
2026/09/13 15:12:15.787, 39, 1387, 8188, 77, 35.58
2026/09/13 15:12:45.876, 45, 1387, 8188, 77, 36.58
2026/09/13 15:13:15.960, 41, 2493, 8188, 77, 36.96
2026/09/13 15:13:46.029, 96, 2877, 8188, 78, 44.99
2026/09/13 15:14:16.129, 83, 2877, 8188, 79, 39.79
2026/09/13 15:14:46.217, 99, 2877, 8188, 78, 44.78
2026/09/13 15:15:16.322, 97, 2367, 8188, 79, 44.88
2026/09/13 15:15:46.414, 99, 2877, 8188, 79, 42.50
2026/09/13 15:16:16.521, 51, 1585, 8188, 79, 41.33
2026/09/13 15:16:46.611, 41, 1429, 8188, 78, 37.24
2026/09/13 15:17:16.690, 43, 4997, 8188, 78, 37.53
2026/09/13 15:17:46.780, 30, 4997, 8188, 77, 32.51
2026/09/13 15:18:16.870, 95, 5287, 8188, 78, 44.66
2026/09/13 15:18:46.958, 97, 5287, 8188, 79, 44.92
2026/09/13 15:19:17.046, 70, 5287, 8188, 79, 41.67
2026/09/13 15:19:47.132, 98, 5288, 8188, 79, 44.94
2026/09/13 15:20:17.213, 96, 5288, 8188, 79, 44.82
2026/09/13 15:20:47.299, 90, 5288, 8188, 80, 44.72
2026/09/13 15:21:17.396, 95, 5288, 8188, 79, 44.80
2026/09/13 15:21:47.502, 55, 5288, 8188, 79, 41.35
2026/09/13 15:22:17.592, 99, 5288, 8188, 79, 44.74
2026/09/13 15:22:47.670, 96, 5288, 8188, 79, 44.71
2026/09/13 15:23:17.752, 40, 1440, 8188, 79, 38.18
2026/09/13 15:23:47.841, 45, 1440, 8188, 79, 37.73
2026/09/13 15:24:17.914, 37, 1440, 8188, 78, 36.55
2026/09/13 15:24:47.992, 98, 2238, 8188, 79, 44.79
2026/09/13 15:25:18.085, 96, 2238, 8188, 80, 44.42
2026/09/13 15:25:48.175, 97, 2238, 8188, 80, 44.60
2026/09/13 15:26:18.269, 97, 2238, 8188, 80, 44.06
2026/09/13 15:26:48.364, 98, 2238, 8188, 80, 44.74
2026/09/13 15:27:18.445, 55, 2238, 8188, 80, 38.16
2026/09/13 15:27:48.529, 37, 1448, 8188, 79, 37.70
2026/09/13 15:28:18.592, 41, 1448, 8188, 78, 36.42
2026/09/13 15:28:48.666, 41, 1448, 8188, 77, 36.25
2026/09/13 15:29:18.758, 97, 5882, 8188, 79, 44.81
2026/09/13 15:29:48.857, 99, 5882, 8188, 79, 44.33
2026/09/13 15:30:18.935, 99, 5624, 8188, 79, 44.63
2026/09/13 15:30:49.036, 96, 5624, 8188, 79, 44.50
2026/09/13 15:31:19.137, 98, 5636, 8188, 79, 44.59
2026/09/13 15:31:49.215, 98, 5636, 8188, 79, 44.75
2026/09/13 15:32:19.291, 97, 5600, 8188, 78, 44.89
2026/09/13 15:32:49.399, 58, 5600, 8188, 78, 43.85
2026/09/13 15:33:19.495, 98, 5604, 8188, 79, 44.36
2026/09/13 15:33:49.572, 98, 5604, 8188, 80, 44.19
2026/09/13 15:34:19.655, 98, 5624, 8188, 79, 45.06
2026/09/13 15:34:49.716, 98, 5624, 8188, 79, 44.49
2026/09/13 15:35:19.795, 98, 5361, 8188, 79, 44.38
2026/09/13 15:35:49.877, 98, 5605, 8188, 79, 44.94
2026/09/13 15:36:19.952, 98, 5605, 8188, 79, 45.05
2026/09/13 15:36:50.036, 98, 5605, 8188, 79, 44.77
2026/09/13 15:37:20.119, 84, 5607, 8188, 78, 44.33
2026/09/13 15:37:50.198, 98, 5615, 8188, 79, 44.24
2026/09/13 15:38:20.290, 95, 5627, 8188, 79, 44.53
2026/09/13 15:38:50.355, 97, 5627, 8188, 79, 44.85
2026/09/13 15:39:20.439, 99, 5621, 8188, 79, 44.59
2026/09/13 15:39:50.511, 12, 2239, 8188, 76, 26.02
2026/09/13 15:40:20.577, 95, 4377, 8188, 78, 55.63
2026/09/13 15:40:50.657, 95, 4371, 8188, 77, 64.23
2026/09/13 15:41:20.724, 95, 4405, 8188, 77, 59.43
2026/09/13 15:41:50.789, 96, 4377, 8188, 76, 56.26
2026/09/13 15:42:20.864, 96, 4371, 8188, 76, 53.01
2026/09/13 15:42:50.925, 81, 4391, 8188, 75, 50.19
2026/09/13 15:43:21.002, 97, 4405, 8188, 75, 55.78
2026/09/13 15:43:51.055, 98, 4367, 8188, 75, 55.35
2026/09/13 15:44:21.117, 86, 2233, 8188, 74, 62.73
2026/09/13 15:44:51.179, 97, 4391, 8188, 75, 52.55
2026/09/13 15:45:21.242, 93, 4405, 8188, 74, 52.81
2026/09/13 15:45:51.310, 96, 4367, 8188, 75, 55.67
2026/09/13 15:46:21.374, 98, 4391, 8188, 75, 58.79
2026/09/13 15:46:51.433, 96, 4391, 8188, 76, 57.45
2026/09/13 15:47:21.504, 97, 4391, 8188, 74, 55.71
2026/09/13 15:47:51.581, 97, 4405, 8188, 75, 56.68
2026/09/13 15:48:21.657, 95, 5405, 8188, 75, 56.24
2026/09/13 15:48:51.738, 98, 5504, 8188, 75, 57.60
2026/09/13 15:49:21.804, 96, 5516, 8188, 75, 59.21
2026/09/13 15:49:51.910, 97, 5507, 8188, 74, 49.48
2026/09/13 15:50:21.988, 98, 5528, 8188, 75, 52.18
2026/09/13 15:50:52.048, 54, 5076, 8188, 74, 49.73
2026/09/13 15:51:22.117, 96, 5101, 8188, 74, 58.35
2026/09/13 15:51:52.191, 97, 5085, 8188, 74, 53.70
2026/09/13 15:52:22.267, 94, 5085, 8188, 74, 57.90
2026/09/13 15:52:52.330, 96, 5069, 8188, 74, 56.35
2026/09/13 15:53:22.427, 58, 5082, 8188, 72, 44.04
2026/09/13 15:53:52.509, 95, 5068, 8188, 74, 58.42
2026/09/13 15:54:22.575, 76, 5098, 8188, 72, 46.84
2026/09/13 15:54:52.655, 99, 5065, 8188, 74, 58.64
2026/09/13 15:55:22.719, 97, 5064, 8188, 72, 58.48
2026/09/13 15:55:52.788, 98, 5083, 8188, 74, 52.48
2026/09/13 15:56:22.868, 96, 5097, 8188, 75, 62.88
2026/09/13 15:56:52.948, 69, 5098, 8188, 73, 53.52
2026/09/13 15:57:23.036, 99, 5069, 8188, 74, 57.25
2026/09/13 15:57:53.116, 95, 5068, 8188, 73, 56.81
2026/09/13 15:58:23.189, 98, 5089, 8188, 74, 59.28
2026/09/13 15:58:53.261, 96, 5079, 8188, 72, 58.37
2026/09/13 15:59:23.329, 94, 5093, 8188, 74, 59.78
2026/09/13 15:59:53.392, 97, 5057, 8188, 73, 57.53
2026/09/13 16:00:23.454, 95, 5061, 8188, 74, 59.46
2026/09/13 16:00:53.526, 97, 5060, 8188, 74, 54.82
2026/09/13 16:01:23.600, 56, 5084, 8188, 73, 48.62
2026/09/13 16:01:53.659, 98, 5066, 8188, 74, 55.35
2026/09/13 16:02:23.732, 98, 5058, 8188, 73, 52.03
2026/09/13 16:02:53.816, 98, 5058, 8188, 74, 58.81
2026/09/13 16:03:23.884, 98, 5071, 8188, 74, 54.23
2026/09/13 16:03:53.946, 98, 5060, 8188, 74, 56.58
2026/09/13 16:04:24.024, 95, 5097, 8188, 73, 58.95
2026/09/13 16:04:54.081, 94, 5096, 8188, 73, 58.49
2026/09/13 16:05:24.153, 98, 5098, 8188, 74, 54.24
2026/09/13 16:05:54.214, 96, 5063, 8188, 74, 52.24
2026/09/13 16:06:24.297, 96, 5064, 8188, 74, 58.47
2026/09/13 16:06:54.362, 86, 5082, 8188, 72, 53.54
2026/09/13 16:07:24.433, 64, 5119, 8188, 72, 50.28
2026/09/13 16:07:54.494, 98, 5538, 8188, 74, 54.32
2026/09/13 16:08:24.568, 66, 5581, 8188, 73, 55.25
2026/09/13 16:08:54.633, 95, 5120, 8188, 74, 55.50
2026/09/13 16:09:24.696, 99, 5104, 8188, 73, 57.74
2026/09/13 16:09:54.761, 13, 4881, 8188, 70, 25.81
2026/09/13 16:10:24.832, 95, 5186, 8188, 74, 59.95
2026/09/13 16:10:54.914, 96, 5165, 8188, 74, 59.27
2026/09/13 16:11:24.987, 97, 5165, 8188, 74, 54.97
2026/09/13 16:11:55.049, 96, 5179, 8188, 74, 55.69
2026/09/13 16:12:25.136, 95, 5146, 8188, 73, 35.80
2026/09/13 16:12:55.198, 41, 5145, 8188, 71, 47.22
2026/09/13 16:13:25.264, 97, 5151, 8188, 72, 58.79
2026/09/13 16:13:55.323, 97, 5145, 8188, 74, 62.37
2026/09/13 16:14:25.410, 23, 5145, 8188, 73, 29.17
2026/09/13 16:14:55.478, 96, 5141, 8188, 73, 55.92
2026/09/13 16:15:25.543, 98, 5141, 8188, 74, 60.88
2026/09/13 16:15:55.645, 96, 5165, 8188, 73, 52.85
2026/09/13 16:16:25.712, 95, 5145, 8188, 73, 55.20
2026/09/13 16:16:55.794, 97, 5145, 8188, 74, 57.37
2026/09/13 16:17:25.868, 15, 3021, 8188, 70, 26.65
2026/09/13 16:17:55.940, 96, 5179, 8188, 74, 56.91
2026/09/13 16:18:26.002, 96, 5179, 8188, 74, 56.03
2026/09/13 16:18:56.073, 98, 5165, 8188, 74, 58.30
2026/09/13 16:19:26.160, 30, 1179, 8188, 65, 10.18
2026/09/13 16:19:56.232, 18, 997, 8188, 60, 11.97
2026/09/13 16:20:26.317, 18, 997, 8188, 58, 14.94
2026/09/13 16:20:56.403, 97, 5427, 8188, 67, 60.82
2026/09/13 16:21:26.466, 96, 5185, 8188, 69, 57.99
2026/09/13 16:21:56.554, 47, 5177, 8188, 69, 40.72
2026/09/13 16:22:26.633, 97, 5179, 8188, 72, 54.47
2026/09/13 16:22:56.717, 98, 5161, 8188, 71, 57.78
2026/09/13 16:23:26.797, 75, 5165, 8188, 71, 49.16
2026/09/13 16:23:56.882, 84, 5185, 8188, 72, 48.45
2026/09/13 16:24:26.954, 98, 5159, 8188, 71, 55.29
2026/09/13 16:24:57.047, 75, 5161, 8188, 73, 52.40
2026/09/13 16:25:27.126, 97, 5161, 8188, 73, 64.85
2026/09/13 16:25:57.207, 98, 5161, 8188, 73, 59.49
2026/09/13 16:26:27.274, 40, 5151, 8188, 73, 34.20
2026/09/13 16:26:57.361, 96, 5163, 8188, 73, 56.80
2026/09/13 16:27:27.422, 97, 5165, 8188, 73, 56.44
2026/09/13 16:27:57.499, 96, 5151, 8188, 73, 56.99
2026/09/13 16:28:27.573, 70, 5165, 8188, 71, 49.75
2026/09/13 16:28:57.666, 97, 5179, 8188, 74, 56.22
2026/09/13 16:29:27.753, 97, 5149, 8188, 71, 56.71
2026/09/13 16:29:57.819, 97, 5151, 8188, 74, 56.50
2026/09/13 16:30:27.876, 96, 5165, 8188, 73, 52.25
2026/09/13 16:30:57.957, 95, 5185, 8188, 73, 61.12
2026/09/13 16:31:28.022, 97, 5179, 8188, 73, 62.01
2026/09/13 16:31:58.088, 98, 5159, 8188, 73, 52.90
2026/09/13 16:32:28.161, 80, 5161, 8188, 72, 55.47
2026/09/13 16:32:58.225, 95, 5185, 8188, 73, 57.73
2026/09/13 16:33:28.302, 98, 5179, 8188, 74, 51.38
2026/09/13 16:33:58.362, 96, 5161, 8188, 73, 56.23
2026/09/13 16:34:28.428, 96, 5183, 8188, 73, 52.85
2026/09/13 16:34:58.514, 98, 5185, 8188, 73, 52.94
2026/09/13 16:35:28.593, 93, 5185, 8188, 74, 61.32
2026/09/13 16:35:58.664, 96, 5185, 8188, 73, 59.74
2026/09/13 16:36:28.737, 97, 5177, 8188, 73, 57.35
2026/09/13 16:36:58.842, 44, 5163, 8188, 73, 29.61
2026/09/13 16:37:28.900, 94, 5165, 8188, 74, 61.14
2026/09/13 16:37:58.971, 98, 5179, 8188, 73, 57.84
2026/09/13 16:38:29.042, 96, 5179, 8188, 73, 57.70
2026/09/13 16:38:59.105, 100, 5161, 8188, 72, 54.77
2026/09/13 16:39:29.168, 98, 5177, 8188, 73, 60.79
2026/09/13 16:39:59.232, 93, 5179, 8188, 73, 58.74
2026/09/13 16:40:29.295, 95, 5151, 8188, 73, 62.72
2026/09/13 16:40:59.381, 99, 5151, 8188, 73, 60.80
2026/09/13 16:41:29.445, 97, 5185, 8188, 73, 54.53
2026/09/13 16:41:59.515, 98, 5163, 8188, 73, 58.01
2026/09/13 16:42:29.583, 95, 5165, 8188, 73, 58.60
2026/09/13 16:42:59.646, 96, 5179, 8188, 73, 58.39
2026/09/13 16:43:29.711, 98, 5165, 8188, 73, 58.97
2026/09/13 16:43:59.773, 93, 5185, 8188, 73, 57.17
2026/09/13 16:44:29.845, 98, 5179, 8188, 73, 59.67
2026/09/13 16:44:59.913, 15, 2539, 8188, 72, 26.09
2026/09/13 16:45:29.995, 99, 5179, 8188, 73, 52.37
2026/09/13 16:46:00.065, 94, 5151, 8188, 74, 59.55
2026/09/13 16:46:30.132, 98, 5185, 8188, 73, 54.68
2026/09/13 16:47:00.202, 98, 5185, 8188, 73, 50.77
2026/09/13 16:47:30.265, 22, 3013, 8188, 70, 27.58
2026/09/13 16:48:00.325, 97, 5179, 8188, 73, 57.34
2026/09/13 16:48:30.397, 99, 5165, 8188, 74, 54.33
2026/09/13 16:49:00.459, 98, 5165, 8188, 73, 59.05
2026/09/13 16:49:30.519, 74, 5185, 8188, 73, 54.86
2026/09/13 16:50:00.576, 16, 3023, 8188, 69, 26.53
2026/09/13 16:50:30.655, 99, 5151, 8188, 73, 58.81
2026/09/13 16:51:00.723, 97, 5161, 8188, 73, 58.45
2026/09/13 16:51:30.782, 98, 5151, 8188, 73, 59.63
2026/09/13 16:52:00.849, 97, 5161, 8188, 73, 57.43
2026/09/13 16:52:30.914, 87, 5171, 8188, 71, 54.48
2026/09/13 16:53:00.978, 97, 5179, 8188, 74, 57.86
2026/09/13 16:53:31.049, 99, 5179, 8188, 73, 58.45
2026/09/13 16:54:01.118, 96, 5165, 8188, 73, 53.32
2026/09/13 16:54:31.182, 73, 5165, 8188, 73, 56.91
2026/09/13 16:55:01.251, 80, 5183, 8188, 71, 53.15
2026/09/13 16:55:31.314, 43, 5185, 8188, 71, 56.10
2026/09/13 16:56:01.375, 97, 5177, 8188, 73, 58.33
2026/09/13 16:56:31.442, 95, 5185, 8188, 73, 59.42
2026/09/13 16:57:01.516, 96, 5151, 8188, 73, 56.17
2026/09/13 16:57:31.606, 98, 5163, 8188, 73, 51.59
2026/09/13 16:58:01.668, 98, 5165, 8188, 73, 51.59
2026/09/13 16:58:31.726, 95, 5185, 8188, 73, 57.58
2026/09/13 16:59:01.791, 94, 5185, 8188, 73, 54.52
2026/09/13 16:59:31.850, 96, 5185, 8188, 73, 57.64
2026/09/13 17:00:01.916, 83, 5179, 8188, 72, 56.00
2026/09/13 17:00:31.985, 65, 5181, 8188, 71, 57.07
2026/09/13 17:01:02.053, 95, 5165, 8188, 73, 58.53
2026/09/13 17:01:32.123, 94, 5151, 8188, 73, 58.34
2026/09/13 17:02:02.194, 94, 5165, 8188, 73, 57.99
2026/09/13 17:02:32.266, 96, 5165, 8188, 73, 57.63
2026/09/13 17:03:02.334, 98, 5165, 8188, 73, 56.22
2026/09/13 17:03:32.406, 98, 5161, 8188, 73, 59.49
2026/09/13 17:04:02.492, 83, 5185, 8188, 71, 48.58
2026/09/13 17:04:32.576, 44, 1195, 8188, 65, 17.17
2026/09/13 17:05:02.645, 18, 775, 8188, 58, 12.48
2026/09/13 17:05:32.704, 16, 775, 8188, 56, 11.86
2026/09/13 17:06:02.766, 15, 775, 8188, 54, 11.83
2026/09/13 17:06:32.841, 23, 1019, 8188, 55, 18.18
2026/09/13 17:07:02.927, 29, 775, 8188, 55, 9.46
2026/09/13 17:07:32.992, 18, 775, 8188, 53, 12.01
2026/09/13 17:08:03.062, 16, 1053, 8188, 54, 15.78
2026/09/13 17:08:33.131, 17, 775, 8188, 52, 12.07
2026/09/13 17:09:03.204, 18, 775, 8188, 52, 10.57
2026/09/13 17:09:33.273, 18, 775, 8188, 51, 10.08
2026/09/13 17:10:03.337, 16, 775, 8188, 52, 12.38
2026/09/13 17:10:33.397, 18, 775, 8188, 52, 10.76
2026/09/13 17:11:03.483, 18, 775, 8188, 51, 10.71
2026/09/13 17:11:33.541, 18, 775, 8188, 51, 10.79
2026/09/13 17:12:03.614, 17, 775, 8188, 51, 12.26
2026/09/13 17:12:33.679, 17, 775, 8188, 51, 9.73
2026/09/13 17:13:03.749, 17, 775, 8188, 51, 12.25
2026/09/13 17:13:33.808, 15, 775, 8188, 51, 12.24
2026/09/13 17:14:03.867, 23, 775, 8188, 51, 10.45
2026/09/13 17:14:33.934, 15, 775, 8188, 51, 12.55
2026/09/13 17:15:04.005, 16, 775, 8188, 52, 12.35
