name,kind,stage,scheme,difficult_policy,architecture_family,imgsz,epochs,recall,precision,fpr,f1,auroc,auprc,weights,error
p_det_three_class_include_difficult_standard_960,detector,pilot,three_class,include_difficult,standard,960,35,0.9117647058823529,0.7948717948717948,0.12307692307692308,0.8493150684931507,0.9683257918552036,0.9506245460906458,F:\Work\VSCode\Projects\DATASET\runs\missing_hole_v1\p_det_three_class_include_difficult_standard_960\weights\best.pt,
p_det_three_class_include_difficult_p2_960,detector,pilot,three_class,include_difficult,p2,960,35,0.9411764705882353,0.8205128205128205,0.1076923076923077,0.8767123287671232,0.9588235294117647,0.946745116386423,F:\Work\VSCode\Projects\DATASET\runs\missing_hole_v1\p_det_three_class_include_difficult_p2_960\weights\best.pt,
p_det_three_class_exclude_difficult_standard_960,detector,pilot,three_class,exclude_difficult,standard,960,35,0.9117647058823529,0.8378378378378378,0.09230769230769231,0.8732394366197184,0.9570135746606335,0.932147884600573,F:\Work\VSCode\Projects\DATASET\runs\missing_hole_v1\p_det_three_class_exclude_difficult_standard_960\weights\best.pt,
p_det_three_class_exclude_difficult_p2_960,detector,pilot,three_class,exclude_difficult,p2,960,35,0.9117647058823529,0.7560975609756098,0.15384615384615385,0.8266666666666665,0.9434389140271493,0.9073067538921774,F:\Work\VSCode\Projects\DATASET\runs\missing_hole_v1\p_det_three_class_exclude_difficult_p2_960\weights\best.pt,
p_det_two_class_include_difficult_standard_960,detector,pilot,two_class,include_difficult,standard,960,35,0.9117647058823529,0.8157894736842105,0.1076923076923077,0.861111111111111,0.9466063348416289,0.9091002958643016,F:\Work\VSCode\Projects\DATASET\runs\missing_hole_v1\p_det_two_class_include_difficult_standard_960\weights\best.pt,
p_det_two_class_include_difficult_p2_960,detector,pilot,two_class,include_difficult,p2,960,35,0.9411764705882353,0.8205128205128205,0.1076923076923077,0.8767123287671232,0.9520361990950226,0.9220239133929391,F:\Work\VSCode\Projects\DATASET\runs\missing_hole_v1\p_det_two_class_include_difficult_p2_960\weights\best.pt,
p_det_two_class_exclude_difficult_standard_960,detector,pilot,two_class,exclude_difficult,standard,960,35,0.9411764705882353,0.8648648648648649,0.07692307692307693,0.9014084507042254,0.9656108597285068,0.9571235148441032,F:\Work\VSCode\Projects\DATASET\runs\missing_hole_v1\p_det_two_class_exclude_difficult_standard_960\weights\best.pt,
p_det_two_class_exclude_difficult_p2_960,detector,pilot,two_class,exclude_difficult,p2,960,35,0.8823529411764706,0.8333333333333334,0.09230769230769231,0.8571428571428571,0.9447963800904977,0.9205453165193401,F:\Work\VSCode\Projects\DATASET\runs\missing_hole_v1\p_det_two_class_exclude_difficult_p2_960\weights\best.pt,
p_det_one_class_include_difficult_standard_960,detector,pilot,one_class,include_difficult,standard,960,35,0.9705882352941176,0.7333333333333333,0.18461538461538463,0.8354430379746834,0.9778280542986425,0.9657730850514259,F:\Work\VSCode\Projects\DATASET\runs\missing_hole_v1\p_det_one_class_include_difficult_standard_960\weights\best.pt,
p_det_one_class_include_difficult_p2_960,detector,pilot,one_class,include_difficult,p2,960,35,0.8823529411764706,0.7894736842105263,0.12307692307692308,0.8333333333333333,0.9624434389140272,0.9449649212705934,F:\Work\VSCode\Projects\DATASET\runs\missing_hole_v1\p_det_one_class_include_difficult_p2_960\weights\best.pt,
p_det_one_class_exclude_difficult_standard_960,detector,pilot,one_class,exclude_difficult,standard,960,35,0.9705882352941176,0.8461538461538461,0.09230769230769231,0.9041095890410958,0.9742081447963801,0.9447332702427802,F:\Work\VSCode\Projects\DATASET\runs\missing_hole_v1\p_det_one_class_exclude_difficult_standard_960\weights\best.pt,
p_det_one_class_exclude_difficult_p2_960,detector,pilot,one_class,exclude_difficult,p2,960,35,0.9705882352941176,0.717391304347826,0.2,0.825,0.967420814479638,0.9414995738828112,F:\Work\VSCode\Projects\DATASET\runs\missing_hole_v1\p_det_one_class_exclude_difficult_p2_960\weights\best.pt,
p_cls_resnet18_384_include_difficult,classifier,pilot,,include_difficult,resnet18,384,30,0.9705882352941176,0.75,0.16923076923076924,0.846153846153846,0.9601809954751132,0.9250929066421876,F:\Work\VSCode\Projects\DATASET\runs\missing_hole_v1\p_cls_resnet18_384_include_difficult\best.pt,
p_cls_resnet18_384_exclude_difficult,classifier,pilot,,exclude_difficult,resnet18,384,30,0.9411764705882353,0.7441860465116279,0.16923076923076924,0.8311688311688312,0.9253393665158371,0.8053085744695121,F:\Work\VSCode\Projects\DATASET\runs\missing_hole_v1\p_cls_resnet18_384_exclude_difficult\best.pt,
p_cls_resnet18_512_include_difficult,classifier,pilot,,include_difficult,resnet18,512,30,0.9705882352941176,0.717391304347826,0.2,0.825,0.9361990950226244,0.8824865802848908,F:\Work\VSCode\Projects\DATASET\runs\missing_hole_v1\p_cls_resnet18_512_include_difficult\best.pt,
p_cls_resnet18_512_exclude_difficult,classifier,pilot,,exclude_difficult,resnet18,512,30,0.9117647058823529,0.7948717948717948,0.12307692307692308,0.8493150684931507,0.9493212669683257,0.9091411624252188,F:\Work\VSCode\Projects\DATASET\runs\missing_hole_v1\p_cls_resnet18_512_exclude_difficult\best.pt,
p_cls_efficientnet_b0_384_include_difficult,classifier,pilot,,include_difficult,efficientnet_b0,384,30,0.9411764705882353,0.7804878048780488,0.13846153846153847,0.8533333333333334,0.9307692307692308,0.8583244359842928,F:\Work\VSCode\Projects\DATASET\runs\missing_hole_v1\p_cls_efficientnet_b0_384_include_difficult\best.pt,
p_cls_efficientnet_b0_384_exclude_difficult,classifier,pilot,,exclude_difficult,efficientnet_b0,384,30,0.9705882352941176,0.7333333333333333,0.18461538461538463,0.8354430379746834,0.9515837104072398,0.8614098542225607,F:\Work\VSCode\Projects\DATASET\runs\missing_hole_v1\p_cls_efficientnet_b0_384_exclude_difficult\best.pt,
p_cls_efficientnet_b0_512_include_difficult,classifier,pilot,,include_difficult,efficientnet_b0,512,30,0.9705882352941176,0.8048780487804879,0.12307692307692308,0.8800000000000001,0.9452488687782805,0.8579306132071425,F:\Work\VSCode\Projects\DATASET\runs\missing_hole_v1\p_cls_efficientnet_b0_512_include_difficult\best.pt,
p_cls_efficientnet_b0_512_exclude_difficult,classifier,pilot,,exclude_difficult,efficientnet_b0,512,30,0.9705882352941176,0.717391304347826,0.2,0.825,0.9574660633484163,0.9140453004774415,F:\Work\VSCode\Projects\DATASET\runs\missing_hole_v1\p_cls_efficientnet_b0_512_exclude_difficult\best.pt,
p_cls_yolo_cls_384_include_difficult,classifier,pilot,,include_difficult,yolo_cls,384,30,0.8529411764705882,0.6904761904761905,0.2,0.7631578947368423,0.8714932126696833,0.7494558826058973,F:\Work\VSCode\Projects\DATASET\runs\missing_hole_v1\p_cls_yolo_cls_384_include_difficult\weights\best.pt,
p_cls_yolo_cls_384_exclude_difficult,classifier,pilot,,exclude_difficult,yolo_cls,384,30,0.8529411764705882,0.725,0.16923076923076924,0.7837837837837837,0.8809954751131222,0.7825084951875618,F:\Work\VSCode\Projects\DATASET\runs\missing_hole_v1\p_cls_yolo_cls_384_exclude_difficult\weights\best.pt,
p_cls_yolo_cls_512_include_difficult,classifier,pilot,,include_difficult,yolo_cls,512,30,0.6764705882352942,0.696969696969697,0.15384615384615385,0.6865671641791046,0.8384615384615385,0.7300156181191517,F:\Work\VSCode\Projects\DATASET\runs\missing_hole_v1\p_cls_yolo_cls_512_include_difficult\weights\best.pt,
p_cls_yolo_cls_512_exclude_difficult,classifier,pilot,,exclude_difficult,yolo_cls,512,30,0.7352941176470589,0.6944444444444444,0.16923076923076924,0.7142857142857144,0.8561085972850678,0.7785148081695349,F:\Work\VSCode\Projects\DATASET\runs\missing_hole_v1\p_cls_yolo_cls_512_exclude_difficult\weights\best.pt,
f_det_three_class_include_difficult_p2_960,detector,full,three_class,include_difficult,p2,960,100,0.9411764705882353,0.8421052631578947,0.09230769230769231,0.8888888888888888,0.9434389140271493,0.9240156822713502,F:\Work\VSCode\Projects\DATASET\runs\missing_hole_v1\f_det_three_class_include_difficult_p2_960\weights\best.pt,
f_det_two_class_exclude_difficult_standard_960,detector,full,two_class,exclude_difficult,standard,960,100,0.9117647058823529,0.8378378378378378,0.09230769230769231,0.8732394366197184,0.9434389140271493,0.9054428533242115,F:\Work\VSCode\Projects\DATASET\runs\missing_hole_v1\f_det_two_class_exclude_difficult_standard_960\weights\best.pt,
f_det_one_class_exclude_difficult_standard_960,detector,full,one_class,exclude_difficult,standard,960,100,0.9705882352941176,0.8461538461538461,0.09230769230769231,0.9041095890410958,0.9782805429864253,0.9709462680050917,F:\Work\VSCode\Projects\DATASET\runs\missing_hole_v1\f_det_one_class_exclude_difficult_standard_960\weights\best.pt,
f_cls_efficientnet_b0_512_exclude_difficult_s20260913,classifier,full,,exclude_difficult,efficientnet_b0,512,100,1.0,0.85,0.09230769230769231,0.9189189189189189,0.9701357466063348,0.9247403869240186,F:\Work\VSCode\Projects\DATASET\runs\missing_hole_v1\f_cls_efficientnet_b0_512_exclude_difficult_s20260913\best.pt,
f_cls_resnet18_384_include_difficult_s20260913,classifier,full,,include_difficult,resnet18,384,100,1.0,0.8095238095238095,0.12307692307692308,0.8947368421052632,0.9638009049773756,0.8910958434740628,F:\Work\VSCode\Projects\DATASET\runs\missing_hole_v1\f_cls_resnet18_384_include_difficult_s20260913\best.pt,
confirm_efficientnet_b0_512_exclude_difficult_s20260914,classifier,confirmation,,exclude_difficult,efficientnet_b0,512,100,1.0,0.8095238095238095,0.12307692307692308,0.8947368421052632,0.9579185520361991,0.8609205199446808,F:\Work\VSCode\Projects\DATASET\runs\missing_hole_v1\confirm_efficientnet_b0_512_exclude_difficult_s20260914\best.pt,
f_det_three_class_include_difficult_p2_1280,detector,full,three_class,include_difficult,p2,1280,100,0.9411764705882353,0.7272727272727273,0.18461538461538463,0.8205128205128205,0.9484162895927601,0.9231850323919306,F:\Work\VSCode\Projects\DATASET\runs\missing_hole_v1\f_det_three_class_include_difficult_p2_1280\weights\best.pt,
f_det_two_class_exclude_difficult_standard_1280,detector,full,two_class,exclude_difficult,standard,1280,100,0.9411764705882353,0.7272727272727273,0.18461538461538463,0.8205128205128205,0.9638009049773756,0.9479972565618686,F:\Work\VSCode\Projects\DATASET\runs\missing_hole_v1\f_det_two_class_exclude_difficult_standard_1280\weights\best.pt,
f_det_one_class_exclude_difficult_standard_1280,detector,full,one_class,exclude_difficult,standard,1280,100,0.8823529411764706,0.75,0.15384615384615385,0.8108108108108107,0.9298642533936652,0.9128344540279424,F:\Work\VSCode\Projects\DATASET\runs\missing_hole_v1\f_det_one_class_exclude_difficult_standard_1280\weights\best.pt,
refine_one_class_exclude_difficult_standard_960,detector,refinement,refined_one_class,exclude_difficult,standard,960,100,0.9411764705882353,0.8205128205128205,0.1076923076923077,0.8767123287671232,0.9601809954751132,0.9506161582826295,F:\Work\VSCode\Projects\DATASET\runs\missing_hole_v1\refine_one_class_exclude_difficult_standard_960\weights\best.pt,
