left,right,reason,dhash_distance,correlation
train_025,train_026,dhash_2,2,0.9839892387390137
train_025,train_027,dhash_2,2,0.9872661828994751
train_026,train_027,dhash_0,0,0.9865436553955078
train_033,train_035,adjacent_correlated,4,0.9916781187057495
train_034,train_035,dhash_1,1,0.9861258864402771
train_034,train_036,dhash_1,1,0.9820203185081482
train_035,train_036,dhash_2,2,0.979581892490387
train_035,train_037,adjacent_correlated,4,0.9867516756057739
train_036,train_037,adjacent_correlated,6,0.9899842739105225
train_044,train_046,adjacent_correlated,5,0.9892985820770264
train_053,train_054,dhash_2,2,0.976057231426239
train_055,train_056,adjacent_correlated,3,0.9865176677703857
train_063,train_082,dhash_2,2,-1.0
train_063,train_084,dhash_1,1,-1.0
train_065,train_066,dhash_0,0,0.996537446975708
train_067,train_082,dhash_1,1,-1.0
train_074,train_075,dhash_2,2,0.9604239463806152
train_079,train_080,dhash_1,1,0.9744536876678467
train_082,train_083,adjacent_correlated,5,0.9870049357414246
train_082,train_084,adjacent_correlated,3,0.9917314052581787
train_083,train_085,dhash_2,2,0.9904125332832336
train_084,train_085,adjacent_correlated,4,0.9856454133987427
train_084,train_086,adjacent_correlated,5,0.9855519533157349
train_088,train_089,dhash_2,2,0.9362002015113831
train_115,train_117,adjacent_correlated,6,0.9868394732475281
train_123,train_124,dhash_1,1,0.9868983030319214
train_124,train_126,dhash_2,2,0.980550229549408
train_124,train_127,dhash_2,2,-1.0
train_126,train_127,adjacent_correlated,4,0.9860999584197998
train_132,train_301,dhash_2,2,-1.0
train_133,train_134,dhash_2,2,0.9784559011459351
train_133,train_135,adjacent_correlated,5,0.9905519485473633
train_133,train_147,dhash_2,2,-1.0
train_133,train_173,dhash_2,2,-1.0
train_133,train_215,dhash_2,2,-1.0
train_133,train_216,dhash_2,2,-1.0
train_133,train_225,dhash_2,2,-1.0
train_133,train_226,dhash_0,0,-1.0
train_133,train_228,dhash_1,1,-1.0
train_133,train_265,dhash_2,2,-1.0
train_133,train_267,dhash_1,1,-1.0
train_133,train_323,dhash_1,1,-1.0
train_133,train_324,dhash_2,2,-1.0
train_133,train_325,dhash_2,2,-1.0
train_133,train_326,dhash_1,1,-1.0
train_133,train_327,dhash_2,2,-1.0
train_133,train_335,dhash_1,1,-1.0
train_133,train_337,dhash_1,1,-1.0
train_133,train_348,dhash_1,1,-1.0
train_133,train_355,dhash_1,1,-1.0
train_133,train_357,dhash_2,2,-1.0
train_133,train_358,dhash_1,1,-1.0
train_133,train_384,dhash_2,2,-1.0
train_133,train_385,dhash_1,1,-1.0
train_133,train_386,dhash_1,1,-1.0
train_133,train_387,dhash_2,2,-1.0
train_133,train_414,dhash_1,1,-1.0
train_133,train_415,dhash_1,1,-1.0
train_133,train_416,dhash_1,1,-1.0
train_133,train_427,dhash_1,1,-1.0
train_133,train_434,dhash_1,1,-1.0
train_133,train_435,dhash_2,2,-1.0
train_133,train_436,dhash_1,1,-1.0
train_133,train_437,dhash_1,1,-1.0
train_133,train_465,dhash_2,2,-1.0
train_133,train_467,dhash_1,1,-1.0
train_133,train_477,dhash_2,2,-1.0
train_133,train_494,dhash_2,2,-1.0
train_134,train_136,adjacent_correlated,4,0.9880919456481934
train_134,train_173,dhash_2,2,-1.0
train_134,train_214,dhash_2,2,-1.0
train_134,train_215,dhash_0,0,-1.0
train_134,train_216,dhash_0,0,-1.0
train_134,train_217,dhash_2,2,-1.0
train_134,train_224,dhash_2,2,-1.0
train_134,train_226,dhash_2,2,-1.0
train_134,train_265,dhash_2,2,-1.0
train_134,train_267,dhash_1,1,-1.0
train_134,train_277,dhash_1,1,-1.0
train_134,train_306,dhash_2,2,-1.0
train_134,train_323,dhash_1,1,-1.0
train_134,train_324,dhash_0,0,-1.0
train_134,train_325,dhash_2,2,-1.0
train_134,train_326,dhash_1,1,-1.0
train_134,train_327,dhash_0,0,-1.0
train_134,train_333,dhash_1,1,-1.0
train_134,train_335,dhash_1,1,-1.0
train_134,train_336,dhash_1,1,-1.0
train_134,train_337,dhash_1,1,-1.0
train_134,train_348,dhash_1,1,-1.0
train_134,train_355,dhash_1,1,-1.0
train_134,train_358,dhash_1,1,-1.0
train_134,train_384,dhash_2,2,-1.0
train_134,train_385,dhash_1,1,-1.0
train_134,train_386,dhash_1,1,-1.0
train_134,train_397,dhash_1,1,-1.0
train_134,train_413,dhash_2,2,-1.0
train_134,train_414,dhash_1,1,-1.0
train_134,train_415,dhash_1,1,-1.0
train_134,train_424,dhash_2,2,-1.0
train_134,train_427,dhash_1,1,-1.0
train_134,train_434,dhash_1,1,-1.0
train_134,train_435,dhash_2,2,-1.0
train_134,train_436,dhash_1,1,-1.0
train_134,train_437,dhash_1,1,-1.0
train_134,train_443,dhash_2,2,-1.0
train_134,train_444,dhash_1,1,-1.0
train_134,train_445,dhash_1,1,-1.0
train_134,train_446,dhash_2,2,-1.0
train_134,train_447,dhash_1,1,-1.0
train_134,train_465,dhash_2,2,-1.0
train_134,train_467,dhash_1,1,-1.0
train_135,train_136,adjacent_correlated,3,0.9897638559341431
train_135,train_457,dhash_2,2,-1.0
train_136,train_137,adjacent_correlated,3,0.9888865351676941
train_136,train_173,dhash_2,2,-1.0
train_137,train_228,dhash_2,2,-1.0
train_138,train_139,dhash_2,2,0.9693310260772705
train_139,train_308,dhash_2,2,-1.0
train_142,train_282,dhash_1,1,-1.0
train_142,train_322,dhash_2,2,-1.0
train_142,train_332,dhash_2,2,-1.0
train_143,train_147,dhash_2,2,-1.0
train_143,train_153,dhash_2,2,-1.0
train_143,train_174,dhash_2,2,-1.0
train_143,train_176,dhash_2,2,-1.0
train_143,train_454,dhash_2,2,-1.0
train_143,train_455,dhash_2,2,-1.0
train_144,train_174,dhash_2,2,-1.0
train_144,train_176,dhash_2,2,-1.0
train_145,train_146,adjacent_correlated,5,0.9879012107849121
train_146,train_174,dhash_1,1,-1.0
train_146,train_176,dhash_1,1,-1.0
train_147,train_153,dhash_2,2,-1.0
train_147,train_174,dhash_2,2,-1.0
train_147,train_176,dhash_2,2,-1.0
train_147,train_177,dhash_2,2,-1.0
train_147,train_226,dhash_2,2,-1.0
train_147,train_494,dhash_2,2,-1.0
train_151,train_162,dhash_2,2,-1.0
train_151,train_281,dhash_2,2,-1.0
train_153,train_325,dhash_2,2,-1.0
train_156,train_157,adjacent_correlated,3,0.986508309841156
train_157,train_175,dhash_1,1,-1.0
train_162,train_253,dhash_2,2,-1.0
train_162,train_281,dhash_0,0,-1.0
train_162,train_322,dhash_2,2,-1.0
train_162,train_332,dhash_2,2,-1.0
train_162,train_343,dhash_2,2,-1.0
train_162,train_411,dhash_2,2,-1.0
train_162,train_412,dhash_2,2,-1.0
train_162,train_451,dhash_2,2,-1.0
train_162,train_471,dhash_1,1,-1.0
train_163,train_164,adjacent_correlated,5,0.9862640500068665
train_164,train_165,dhash_2,2,0.9778828620910645
train_164,train_166,dhash_2,2,0.9860717058181763
train_165,train_166,dhash_2,2,0.9800469875335693
train_165,train_167,dhash_1,1,0.984588623046875
train_166,train_167,adjacent_correlated,3,0.9945871829986572
train_166,train_463,dhash_2,2,-1.0
train_169,train_170,dhash_2,2,0.9877378344535828
train_172,train_471,dhash_2,2,-1.0
train_173,train_215,dhash_2,2,-1.0
train_173,train_216,dhash_2,2,-1.0
train_173,train_224,dhash_2,2,-1.0
train_173,train_226,dhash_2,2,-1.0
train_173,train_228,dhash_1,1,-1.0
train_173,train_265,dhash_2,2,-1.0
train_173,train_267,dhash_1,1,-1.0
train_173,train_323,dhash_1,1,-1.0
train_173,train_324,dhash_2,2,-1.0
train_173,train_325,dhash_2,2,-1.0
train_173,train_326,dhash_1,1,-1.0
train_173,train_327,dhash_2,2,-1.0
train_173,train_335,dhash_1,1,-1.0
train_173,train_337,dhash_1,1,-1.0
train_173,train_355,dhash_1,1,-1.0
train_173,train_358,dhash_1,1,-1.0
train_173,train_384,dhash_2,2,-1.0
train_173,train_385,dhash_1,1,-1.0
train_173,train_386,dhash_1,1,-1.0
train_173,train_414,dhash_1,1,-1.0
train_173,train_415,dhash_1,1,-1.0
train_173,train_425,dhash_1,1,-1.0
train_173,train_426,dhash_2,2,-1.0
train_173,train_427,dhash_1,1,-1.0
train_173,train_434,dhash_1,1,-1.0
train_173,train_435,dhash_2,2,-1.0
train_173,train_436,dhash_1,1,-1.0
train_173,train_437,dhash_1,1,-1.0
train_173,train_445,dhash_1,1,-1.0
train_173,train_465,dhash_2,2,-1.0
train_173,train_467,dhash_1,1,-1.0
train_173,train_477,dhash_2,2,-1.0
train_173,train_494,dhash_2,2,-1.0
train_174,train_176,dhash_0,0,0.974416971206665
train_174,train_177,dhash_2,2,-1.0
train_174,train_454,dhash_2,2,-1.0
train_175,train_176,adjacent_correlated,3,0.9895231127738953
train_175,train_177,adjacent_correlated,3,0.9955152273178101
train_175,train_285,dhash_2,2,-1.0
train_176,train_177,dhash_2,2,0.987308144569397
train_176,train_454,dhash_2,2,-1.0
train_178,train_308,dhash_2,2,-1.0
train_179,train_180,adjacent_correlated,8,0.9894505143165588
train_181,train_191,dhash_2,2,-1.0
train_181,train_232,dhash_2,2,-1.0
train_184,train_186,adjacent_correlated,6,0.9877581000328064
train_184,train_187,dhash_1,1,-1.0
train_185,train_186,adjacent_correlated,4,0.9896861910820007
train_185,train_187,adjacent_correlated,3,0.9865397810935974
train_193,train_194,dhash_2,2,0.9825320243835449
train_194,train_195,adjacent_correlated,3,0.9909292459487915
train_194,train_196,adjacent_correlated,3,0.9921120405197144
train_195,train_196,dhash_2,2,0.9890750646591187
train_195,train_197,adjacent_correlated,5,0.9912788271903992
train_205,train_374,dhash_2,2,-1.0
train_205,train_486,dhash_2,2,-1.0
train_206,train_368,dhash_2,2,-1.0
train_206,train_433,dhash_2,2,-1.0
train_206,train_483,dhash_2,2,-1.0
train_206,train_485,dhash_2,2,-1.0
train_206,train_491,dhash_2,2,-1.0
train_208,train_443,dhash_2,2,-1.0
train_210,train_211,dhash_2,2,0.9658774137496948
train_210,train_314,dhash_2,2,-1.0
train_214,train_215,dhash_2,2,0.9888269305229187
train_214,train_216,dhash_2,2,0.9871772527694702
train_214,train_264,dhash_1,1,-1.0
train_214,train_265,dhash_2,2,-1.0
train_214,train_266,dhash_2,2,-1.0
train_214,train_268,dhash_2,2,-1.0
train_214,train_306,dhash_0,0,-1.0
train_214,train_324,dhash_2,2,-1.0
train_214,train_327,dhash_2,2,-1.0
train_214,train_366,dhash_2,2,-1.0
train_214,train_373,dhash_1,1,-1.0
train_214,train_413,dhash_0,0,-1.0
train_214,train_424,dhash_0,0,-1.0
train_214,train_426,dhash_2,2,-1.0
train_214,train_433,dhash_1,1,-1.0
train_214,train_443,dhash_2,2,-1.0
train_214,train_444,dhash_1,1,-1.0
train_214,train_446,dhash_0,0,-1.0
train_214,train_447,dhash_1,1,-1.0
train_214,train_483,dhash_1,1,-1.0
train_214,train_486,dhash_1,1,-1.0
train_215,train_216,dhash_0,0,0.9912253022193909
train_215,train_217,dhash_2,2,0.9912809133529663
train_215,train_224,dhash_2,2,-1.0
train_215,train_226,dhash_2,2,-1.0
train_215,train_265,dhash_2,2,-1.0
train_215,train_267,dhash_1,1,-1.0
train_215,train_277,dhash_1,1,-1.0
train_215,train_306,dhash_2,2,-1.0
train_215,train_323,dhash_1,1,-1.0
train_215,train_324,dhash_0,0,-1.0
train_215,train_325,dhash_2,2,-1.0
train_215,train_326,dhash_1,1,-1.0
train_215,train_327,dhash_0,0,-1.0
train_215,train_333,dhash_1,1,-1.0
train_215,train_335,dhash_1,1,-1.0
train_215,train_336,dhash_1,1,-1.0
train_215,train_337,dhash_1,1,-1.0
train_215,train_348,dhash_1,1,-1.0
train_215,train_355,dhash_1,1,-1.0
train_215,train_358,dhash_1,1,-1.0
train_215,train_384,dhash_2,2,-1.0
train_215,train_385,dhash_1,1,-1.0
train_215,train_386,dhash_1,1,-1.0
train_215,train_397,dhash_1,1,-1.0
train_215,train_413,dhash_2,2,-1.0
train_215,train_414,dhash_1,1,-1.0
train_215,train_415,dhash_1,1,-1.0
train_215,train_424,dhash_2,2,-1.0
train_215,train_427,dhash_1,1,-1.0
train_215,train_434,dhash_1,1,-1.0
train_215,train_435,dhash_2,2,-1.0
train_215,train_436,dhash_1,1,-1.0
train_215,train_437,dhash_1,1,-1.0
train_215,train_443,dhash_2,2,-1.0
train_215,train_444,dhash_1,1,-1.0
train_215,train_445,dhash_1,1,-1.0
train_215,train_446,dhash_2,2,-1.0
train_215,train_447,dhash_1,1,-1.0
train_215,train_465,dhash_2,2,-1.0
train_215,train_467,dhash_1,1,-1.0
train_216,train_217,dhash_2,2,0.9946106672286987
train_216,train_224,dhash_2,2,-1.0
train_216,train_226,dhash_2,2,-1.0
train_216,train_265,dhash_2,2,-1.0
train_216,train_267,dhash_1,1,-1.0
train_216,train_277,dhash_1,1,-1.0
train_216,train_306,dhash_2,2,-1.0
train_216,train_323,dhash_1,1,-1.0
train_216,train_324,dhash_0,0,-1.0
train_216,train_325,dhash_2,2,-1.0
train_216,train_326,dhash_1,1,-1.0
train_216,train_327,dhash_0,0,-1.0
train_216,train_333,dhash_1,1,-1.0
train_216,train_335,dhash_1,1,-1.0
train_216,train_336,dhash_1,1,-1.0
train_216,train_337,dhash_1,1,-1.0
train_216,train_348,dhash_1,1,-1.0
train_216,train_355,dhash_1,1,-1.0
train_216,train_358,dhash_1,1,-1.0
train_216,train_384,dhash_2,2,-1.0
train_216,train_385,dhash_1,1,-1.0
train_216,train_386,dhash_1,1,-1.0
train_216,train_397,dhash_1,1,-1.0
train_216,train_413,dhash_2,2,-1.0
train_216,train_414,dhash_1,1,-1.0
train_216,train_415,dhash_1,1,-1.0
train_216,train_424,dhash_2,2,-1.0
train_216,train_427,dhash_1,1,-1.0
train_216,train_434,dhash_1,1,-1.0
train_216,train_435,dhash_2,2,-1.0
train_216,train_436,dhash_1,1,-1.0
train_216,train_437,dhash_1,1,-1.0
train_216,train_443,dhash_2,2,-1.0
train_216,train_444,dhash_1,1,-1.0
train_216,train_445,dhash_1,1,-1.0
train_216,train_446,dhash_2,2,-1.0
train_216,train_447,dhash_1,1,-1.0
train_216,train_465,dhash_2,2,-1.0
train_216,train_467,dhash_1,1,-1.0
train_217,train_324,dhash_2,2,-1.0
train_217,train_327,dhash_2,2,-1.0
train_218,train_257,dhash_2,2,-1.0
train_218,train_267,dhash_2,2,-1.0
train_218,train_323,dhash_2,2,-1.0
train_218,train_326,dhash_2,2,-1.0
train_218,train_334,dhash_2,2,-1.0
train_218,train_335,dhash_2,2,-1.0
train_218,train_337,dhash_2,2,-1.0
train_218,train_355,dhash_2,2,-1.0
train_218,train_358,dhash_2,2,-1.0
train_218,train_385,dhash_2,2,-1.0
train_218,train_386,dhash_2,2,-1.0
train_218,train_414,dhash_2,2,-1.0
train_218,train_415,dhash_2,2,-1.0
train_218,train_427,dhash_2,2,-1.0
train_218,train_434,dhash_2,2,-1.0
train_218,train_436,dhash_2,2,-1.0
train_218,train_437,dhash_2,2,-1.0
train_218,train_467,dhash_2,2,-1.0
train_224,train_277,dhash_1,1,-1.0
train_224,train_324,dhash_2,2,-1.0
train_224,train_327,dhash_2,2,-1.0
train_224,train_445,dhash_1,1,-1.0
train_225,train_226,dhash_2,2,0.9866783022880554
train_225,train_227,adjacent_correlated,3,0.9880993366241455
train_225,train_357,dhash_2,2,-1.0
train_225,train_387,dhash_2,2,-1.0
train_226,train_227,adjacent_correlated,3,0.985884428024292
train_226,train_228,dhash_1,1,0.9825564622879028
train_226,train_265,dhash_2,2,-1.0
train_226,train_267,dhash_1,1,-1.0
train_226,train_323,dhash_1,1,-1.0
train_226,train_324,dhash_2,2,-1.0
train_226,train_325,dhash_2,2,-1.0
train_226,train_326,dhash_1,1,-1.0
train_226,train_327,dhash_2,2,-1.0
train_226,train_335,dhash_1,1,-1.0
train_226,train_337,dhash_1,1,-1.0
train_226,train_348,dhash_1,1,-1.0
train_226,train_355,dhash_1,1,-1.0
train_226,train_357,dhash_2,2,-1.0
train_226,train_358,dhash_1,1,-1.0
train_226,train_384,dhash_2,2,-1.0
train_226,train_385,dhash_1,1,-1.0
train_226,train_386,dhash_1,1,-1.0
train_226,train_387,dhash_2,2,-1.0
train_226,train_414,dhash_1,1,-1.0
train_226,train_415,dhash_1,1,-1.0
train_226,train_416,dhash_1,1,-1.0
train_226,train_427,dhash_1,1,-1.0
train_226,train_434,dhash_1,1,-1.0
train_226,train_435,dhash_2,2,-1.0
train_226,train_436,dhash_1,1,-1.0
train_226,train_437,dhash_1,1,-1.0
train_226,train_465,dhash_2,2,-1.0
train_226,train_467,dhash_1,1,-1.0
train_226,train_477,dhash_2,2,-1.0
train_226,train_494,dhash_2,2,-1.0
train_227,train_277,dhash_2,2,-1.0
train_227,train_348,dhash_2,2,-1.0
train_228,train_267,dhash_2,2,-1.0
train_228,train_304,dhash_2,2,-1.0
train_228,train_323,dhash_2,2,-1.0
train_228,train_326,dhash_2,2,-1.0
train_228,train_335,dhash_2,2,-1.0
train_228,train_337,dhash_2,2,-1.0
train_228,train_348,dhash_2,2,-1.0
train_228,train_355,dhash_2,2,-1.0
train_228,train_358,dhash_2,2,-1.0
train_228,train_385,dhash_2,2,-1.0
train_228,train_386,dhash_2,2,-1.0
train_228,train_393,dhash_2,2,-1.0
train_228,train_414,dhash_2,2,-1.0
train_228,train_415,dhash_2,2,-1.0
train_228,train_416,dhash_2,2,-1.0
train_228,train_417,dhash_2,2,-1.0
train_228,train_425,dhash_2,2,-1.0
train_228,train_427,dhash_2,2,-1.0
train_228,train_434,dhash_2,2,-1.0
train_228,train_436,dhash_2,2,-1.0
train_228,train_437,dhash_2,2,-1.0
train_228,train_445,dhash_2,2,-1.0
train_228,train_467,dhash_2,2,-1.0
train_228,train_475,dhash_2,2,-1.0
train_228,train_477,dhash_1,1,-1.0
train_228,train_494,dhash_1,1,-1.0
train_231,train_330,dhash_0,0,-1.0
train_231,train_388,dhash_2,2,-1.0
train_231,train_389,dhash_2,2,-1.0
train_234,train_236,adjacent_correlated,4,0.9871282577514648
train_235,train_236,adjacent_correlated,8,0.986605703830719
train_236,train_237,dhash_2,2,0.9874497652053833
train_236,train_238,dhash_2,2,0.9880802631378174
train_237,train_238,adjacent_correlated,4,0.994777500629425
train_244,train_247,dhash_2,2,-1.0
train_252,train_353,dhash_1,1,-1.0
train_252,train_421,dhash_1,1,-1.0
train_253,train_281,dhash_2,2,-1.0
train_255,train_258,dhash_2,2,-1.0
train_255,train_265,dhash_2,2,-1.0
train_255,train_364,dhash_1,1,-1.0
train_255,train_443,dhash_2,2,-1.0
train_255,train_465,dhash_2,2,-1.0
train_257,train_267,dhash_2,2,-1.0
train_257,train_323,dhash_2,2,-1.0
train_257,train_326,dhash_2,2,-1.0
train_257,train_335,dhash_2,2,-1.0
train_257,train_337,dhash_2,2,-1.0
train_257,train_355,dhash_2,2,-1.0
train_257,train_358,dhash_2,2,-1.0
train_257,train_385,dhash_2,2,-1.0
train_257,train_386,dhash_2,2,-1.0
train_257,train_414,dhash_2,2,-1.0
train_257,train_415,dhash_2,2,-1.0
train_257,train_427,dhash_2,2,-1.0
train_257,train_434,dhash_2,2,-1.0
train_257,train_436,dhash_2,2,-1.0
train_257,train_437,dhash_2,2,-1.0
train_257,train_467,dhash_2,2,-1.0
train_258,train_265,dhash_2,2,-1.0
train_258,train_276,dhash_1,1,-1.0
train_258,train_284,dhash_2,2,-1.0
train_258,train_443,dhash_2,2,-1.0
train_258,train_465,dhash_2,2,-1.0
train_258,train_466,dhash_2,2,-1.0
train_261,train_369,dhash_1,1,-1.0
train_261,train_388,dhash_2,2,-1.0
train_261,train_389,dhash_2,2,-1.0
train_261,train_400,dhash_2,2,-1.0
train_263,train_442,dhash_2,2,-1.0
train_264,train_273,dhash_2,2,-1.0
train_264,train_277,dhash_2,2,-1.0
train_264,train_306,dhash_1,1,-1.0
train_264,train_365,dhash_2,2,-1.0
train_264,train_373,dhash_2,2,-1.0
train_264,train_413,dhash_1,1,-1.0
train_264,train_424,dhash_1,1,-1.0
train_264,train_433,dhash_2,2,-1.0
train_264,train_444,dhash_2,2,-1.0
train_264,train_446,dhash_1,1,-1.0
train_264,train_447,dhash_2,2,-1.0
train_264,train_483,dhash_2,2,-1.0
train_264,train_486,dhash_2,2,-1.0
train_265,train_266,dhash_2,2,0.9830652475357056
train_265,train_267,dhash_1,1,0.9875675439834595
train_265,train_275,dhash_1,1,-1.0
train_265,train_276,dhash_1,1,-1.0
train_265,train_306,dhash_2,2,-1.0
train_265,train_323,dhash_1,1,-1.0
train_265,train_324,dhash_2,2,-1.0
train_265,train_325,dhash_2,2,-1.0
train_265,train_326,dhash_1,1,-1.0
train_265,train_327,dhash_2,2,-1.0
train_265,train_335,dhash_1,1,-1.0
train_265,train_337,dhash_1,1,-1.0
train_265,train_355,dhash_1,1,-1.0
train_265,train_358,dhash_1,1,-1.0
train_265,train_364,dhash_1,1,-1.0
train_265,train_366,dhash_2,2,-1.0
train_265,train_384,dhash_2,2,-1.0
train_265,train_385,dhash_1,1,-1.0
train_265,train_386,dhash_1,1,-1.0
train_265,train_394,dhash_2,2,-1.0
train_265,train_413,dhash_2,2,-1.0
train_265,train_414,dhash_1,1,-1.0
train_265,train_415,dhash_1,1,-1.0
train_265,train_424,dhash_2,2,-1.0
train_265,train_426,dhash_2,2,-1.0
train_265,train_427,dhash_1,1,-1.0
train_265,train_433,dhash_1,1,-1.0
train_265,train_434,dhash_1,1,-1.0
train_265,train_435,dhash_2,2,-1.0
train_265,train_436,dhash_1,1,-1.0
train_265,train_437,dhash_1,1,-1.0
train_265,train_443,dhash_2,2,-1.0
train_265,train_444,dhash_1,1,-1.0
train_265,train_446,dhash_2,2,-1.0
train_265,train_447,dhash_1,1,-1.0
train_265,train_465,dhash_2,2,-1.0
train_265,train_467,dhash_1,1,-1.0
train_265,train_487,dhash_1,1,-1.0
train_266,train_267,adjacent_correlated,3,0.9980940222740173
train_266,train_268,dhash_2,2,0.996444821357727
train_266,train_306,dhash_2,2,-1.0
train_266,train_366,dhash_2,2,-1.0
train_266,train_394,dhash_2,2,-1.0
train_266,train_413,dhash_2,2,-1.0
train_266,train_424,dhash_2,2,-1.0
train_266,train_426,dhash_2,2,-1.0
train_266,train_433,dhash_1,1,-1.0
train_266,train_446,dhash_2,2,-1.0
train_267,train_268,adjacent_correlated,5,0.9971131086349487
train_267,train_275,dhash_2,2,-1.0
train_267,train_276,dhash_2,2,-1.0
train_267,train_277,dhash_2,2,-1.0
train_267,train_323,dhash_0,0,-1.0
train_267,train_324,dhash_1,1,-1.0
train_267,train_325,dhash_1,1,-1.0
train_267,train_326,dhash_0,0,-1.0
train_267,train_327,dhash_1,1,-1.0
train_267,train_333,dhash_2,2,-1.0
train_267,train_334,dhash_2,2,-1.0
train_267,train_335,dhash_0,0,-1.0
train_267,train_336,dhash_2,2,-1.0
train_267,train_337,dhash_0,0,-1.0
train_267,train_347,dhash_2,2,-1.0
train_267,train_348,dhash_2,2,-1.0
train_267,train_355,dhash_0,0,-1.0
train_267,train_358,dhash_0,0,-1.0
train_267,train_364,dhash_2,2,-1.0
train_267,train_368,dhash_2,2,-1.0
train_267,train_384,dhash_1,1,-1.0
train_267,train_385,dhash_0,0,-1.0
train_267,train_386,dhash_0,0,-1.0
train_267,train_397,dhash_2,2,-1.0
train_267,train_414,dhash_0,0,-1.0
train_267,train_415,dhash_0,0,-1.0
train_267,train_416,dhash_2,2,-1.0
train_267,train_425,dhash_2,2,-1.0
train_267,train_427,dhash_0,0,-1.0
train_267,train_433,dhash_2,2,-1.0
train_267,train_434,dhash_0,0,-1.0
train_267,train_435,dhash_1,1,-1.0
train_267,train_436,dhash_0,0,-1.0
train_267,train_437,dhash_0,0,-1.0
train_267,train_444,dhash_2,2,-1.0
train_267,train_445,dhash_2,2,-1.0
train_267,train_447,dhash_2,2,-1.0
train_267,train_463,dhash_2,2,-1.0
train_267,train_465,dhash_1,1,-1.0
train_267,train_467,dhash_0,0,-1.0
train_267,train_485,dhash_2,2,-1.0
train_267,train_487,dhash_2,2,-1.0
train_267,train_491,dhash_2,2,-1.0
train_267,train_492,dhash_2,2,-1.0
train_268,train_306,dhash_2,2,-1.0
train_268,train_413,dhash_2,2,-1.0
train_268,train_424,dhash_2,2,-1.0
train_268,train_446,dhash_2,2,-1.0
train_270,train_419,dhash_2,2,-1.0
train_273,train_277,dhash_2,2,-1.0
train_273,train_444,dhash_2,2,-1.0
train_273,train_447,dhash_2,2,-1.0
train_275,train_276,dhash_2,2,0.9724910259246826
train_275,train_277,adjacent_correlated,4,0.9853919148445129
train_275,train_323,dhash_2,2,-1.0
train_275,train_326,dhash_2,2,-1.0
train_275,train_335,dhash_2,2,-1.0
train_275,train_337,dhash_2,2,-1.0
train_275,train_355,dhash_2,2,-1.0
train_275,train_358,dhash_2,2,-1.0
train_275,train_364,dhash_2,2,-1.0
train_275,train_385,dhash_2,2,-1.0
train_275,train_386,dhash_2,2,-1.0
train_275,train_397,dhash_2,2,-1.0
train_275,train_414,dhash_2,2,-1.0
train_275,train_415,dhash_2,2,-1.0
train_275,train_427,dhash_2,2,-1.0
train_275,train_433,dhash_2,2,-1.0
train_275,train_434,dhash_2,2,-1.0
train_275,train_436,dhash_2,2,-1.0
train_275,train_437,dhash_2,2,-1.0
train_275,train_444,dhash_2,2,-1.0
train_275,train_447,dhash_2,2,-1.0
train_275,train_467,dhash_2,2,-1.0
train_275,train_487,dhash_2,2,-1.0
train_276,train_323,dhash_2,2,-1.0
train_276,train_326,dhash_2,2,-1.0
train_276,train_335,dhash_2,2,-1.0
train_276,train_337,dhash_2,2,-1.0
train_276,train_347,dhash_2,2,-1.0
train_276,train_355,dhash_2,2,-1.0
train_276,train_358,dhash_2,2,-1.0
train_276,train_364,dhash_2,2,-1.0
train_276,train_367,dhash_2,2,-1.0
train_276,train_385,dhash_2,2,-1.0
train_276,train_386,dhash_2,2,-1.0
train_276,train_414,dhash_2,2,-1.0
train_276,train_415,dhash_2,2,-1.0
train_276,train_427,dhash_2,2,-1.0
train_276,train_433,dhash_2,2,-1.0
train_276,train_434,dhash_2,2,-1.0
train_276,train_436,dhash_2,2,-1.0
train_276,train_437,dhash_2,2,-1.0
train_276,train_444,dhash_2,2,-1.0
train_276,train_447,dhash_2,2,-1.0
train_276,train_467,dhash_2,2,-1.0
train_276,train_487,dhash_2,2,-1.0
train_276,train_492,dhash_2,2,-1.0
train_277,train_323,dhash_2,2,-1.0
train_277,train_324,dhash_1,1,-1.0
train_277,train_326,dhash_2,2,-1.0
train_277,train_327,dhash_1,1,-1.0
train_277,train_333,dhash_2,2,-1.0
train_277,train_335,dhash_2,2,-1.0
train_277,train_336,dhash_2,2,-1.0
train_277,train_337,dhash_2,2,-1.0
train_277,train_348,dhash_2,2,-1.0
train_277,train_355,dhash_2,2,-1.0
train_277,train_358,dhash_2,2,-1.0
train_277,train_385,dhash_2,2,-1.0
train_277,train_386,dhash_2,2,-1.0
train_277,train_397,dhash_2,2,-1.0
train_277,train_414,dhash_2,2,-1.0
train_277,train_415,dhash_2,2,-1.0
train_277,train_427,dhash_2,2,-1.0
train_277,train_434,dhash_2,2,-1.0
train_277,train_436,dhash_2,2,-1.0
train_277,train_437,dhash_2,2,-1.0
train_277,train_444,dhash_2,2,-1.0
train_277,train_445,dhash_2,2,-1.0
train_277,train_447,dhash_2,2,-1.0
train_277,train_467,dhash_2,2,-1.0
train_281,train_322,dhash_2,2,-1.0
train_281,train_332,dhash_2,2,-1.0
train_281,train_343,dhash_2,2,-1.0
train_281,train_411,dhash_2,2,-1.0
train_281,train_412,dhash_2,2,-1.0
train_281,train_451,dhash_2,2,-1.0
train_281,train_471,dhash_1,1,-1.0
train_284,train_325,dhash_2,2,-1.0
train_284,train_347,dhash_1,1,-1.0
train_284,train_464,dhash_2,2,-1.0
train_284,train_465,dhash_2,2,-1.0
train_284,train_466,dhash_2,2,-1.0
train_284,train_492,dhash_1,1,-1.0
train_285,train_491,dhash_2,2,-1.0
train_286,train_373,dhash_2,2,-1.0
train_286,train_374,dhash_2,2,-1.0
train_286,train_483,dhash_2,2,-1.0
train_286,train_484,dhash_2,2,-1.0
train_288,train_290,dhash_2,2,0.950156569480896
train_289,train_290,adjacent_correlated,6,0.9878042340278625
train_291,train_401,dhash_2,2,-1.0
train_293,train_295,adjacent_correlated,5,0.9896431565284729
train_294,train_296,dhash_1,1,0.97737717628479
train_295,train_296,adjacent_correlated,3,0.9927523136138916
train_298,train_299,dhash_2,2,0.9392672181129456
train_302,train_411,dhash_1,1,-1.0
train_302,train_471,dhash_2,2,-1.0
train_304,train_348,dhash_2,2,-1.0
train_304,train_376,dhash_2,2,-1.0
train_304,train_444,dhash_2,2,-1.0
train_304,train_445,dhash_2,2,-1.0
train_304,train_447,dhash_2,2,-1.0
train_306,train_324,dhash_2,2,-1.0
train_306,train_327,dhash_2,2,-1.0
train_306,train_366,dhash_2,2,-1.0
train_306,train_373,dhash_1,1,-1.0
train_306,train_413,dhash_0,0,-1.0
train_306,train_424,dhash_0,0,-1.0
train_306,train_426,dhash_2,2,-1.0
train_306,train_433,dhash_1,1,-1.0
train_306,train_443,dhash_2,2,-1.0
train_306,train_444,dhash_1,1,-1.0
train_306,train_446,dhash_0,0,-1.0
train_306,train_447,dhash_1,1,-1.0
train_306,train_483,dhash_1,1,-1.0
train_306,train_486,dhash_1,1,-1.0
train_307,train_356,dhash_2,2,-1.0
train_307,train_425,dhash_2,2,-1.0
train_307,train_445,dhash_2,2,-1.0
train_310,train_428,dhash_2,2,-1.0
train_321,train_342,dhash_2,2,-1.0
train_321,train_362,dhash_1,1,-1.0
train_321,train_421,dhash_2,2,-1.0
train_321,train_422,dhash_2,2,-1.0
train_322,train_332,dhash_2,2,-1.0
train_323,train_324,dhash_1,1,0.9900379180908203
train_323,train_325,dhash_1,1,0.9809080362319946
train_323,train_326,dhash_0,0,-1.0
train_323,train_327,dhash_1,1,-1.0
train_323,train_333,dhash_2,2,-1.0
train_323,train_334,dhash_2,2,-1.0
train_323,train_335,dhash_0,0,-1.0
train_323,train_336,dhash_2,2,-1.0
train_323,train_337,dhash_0,0,-1.0
train_323,train_347,dhash_2,2,-1.0
train_323,train_348,dhash_2,2,-1.0
train_323,train_355,dhash_0,0,-1.0
train_323,train_358,dhash_0,0,-1.0
train_323,train_364,dhash_2,2,-1.0
train_323,train_368,dhash_2,2,-1.0
train_323,train_384,dhash_1,1,-1.0
train_323,train_385,dhash_0,0,-1.0
train_323,train_386,dhash_0,0,-1.0
train_323,train_397,dhash_2,2,-1.0
train_323,train_414,dhash_0,0,-1.0
train_323,train_415,dhash_0,0,-1.0
train_323,train_416,dhash_2,2,-1.0
train_323,train_425,dhash_2,2,-1.0
train_323,train_427,dhash_0,0,-1.0
train_323,train_433,dhash_2,2,-1.0
train_323,train_434,dhash_0,0,-1.0
train_323,train_435,dhash_1,1,-1.0
train_323,train_436,dhash_0,0,-1.0
train_323,train_437,dhash_0,0,-1.0
train_323,train_444,dhash_2,2,-1.0
train_323,train_445,dhash_2,2,-1.0
train_323,train_447,dhash_2,2,-1.0
train_323,train_463,dhash_2,2,-1.0
train_323,train_465,dhash_1,1,-1.0
train_323,train_467,dhash_0,0,-1.0
train_323,train_485,dhash_2,2,-1.0
train_323,train_487,dhash_2,2,-1.0
train_323,train_491,dhash_2,2,-1.0
train_323,train_492,dhash_2,2,-1.0
train_324,train_325,dhash_2,2,0.9817739725112915
train_324,train_326,dhash_1,1,0.9907483458518982
train_324,train_327,dhash_0,0,-1.0
train_324,train_333,dhash_1,1,-1.0
train_324,train_335,dhash_1,1,-1.0
train_324,train_336,dhash_1,1,-1.0
train_324,train_337,dhash_1,1,-1.0
train_324,train_348,dhash_1,1,-1.0
train_324,train_355,dhash_1,1,-1.0
train_324,train_358,dhash_1,1,-1.0
train_324,train_384,dhash_2,2,-1.0
train_324,train_385,dhash_1,1,-1.0
train_324,train_386,dhash_1,1,-1.0
train_324,train_397,dhash_1,1,-1.0
train_324,train_413,dhash_2,2,-1.0
train_324,train_414,dhash_1,1,-1.0
train_324,train_415,dhash_1,1,-1.0
train_324,train_424,dhash_2,2,-1.0
train_324,train_427,dhash_1,1,-1.0
train_324,train_434,dhash_1,1,-1.0
train_324,train_435,dhash_2,2,-1.0
train_324,train_436,dhash_1,1,-1.0
train_324,train_437,dhash_1,1,-1.0
train_324,train_443,dhash_2,2,-1.0
train_324,train_444,dhash_1,1,-1.0
train_324,train_445,dhash_1,1,-1.0
train_324,train_446,dhash_2,2,-1.0
train_324,train_447,dhash_1,1,-1.0
train_324,train_465,dhash_2,2,-1.0
train_324,train_467,dhash_1,1,-1.0
train_325,train_326,dhash_1,1,0.9790080785751343
train_325,train_327,dhash_2,2,0.9969056844711304
train_325,train_333,dhash_1,1,-1.0
train_325,train_334,dhash_1,1,-1.0
train_325,train_335,dhash_1,1,-1.0
train_325,train_337,dhash_1,1,-1.0
train_325,train_347,dhash_1,1,-1.0
train_325,train_355,dhash_1,1,-1.0
train_325,train_358,dhash_1,1,-1.0
train_325,train_384,dhash_2,2,-1.0
train_325,train_385,dhash_1,1,-1.0
train_325,train_386,dhash_1,1,-1.0
train_325,train_414,dhash_1,1,-1.0
train_325,train_415,dhash_1,1,-1.0
train_325,train_427,dhash_1,1,-1.0
train_325,train_434,dhash_1,1,-1.0
train_325,train_435,dhash_2,2,-1.0
train_325,train_436,dhash_1,1,-1.0
train_325,train_437,dhash_1,1,-1.0
train_325,train_464,dhash_2,2,-1.0
train_325,train_465,dhash_2,2,-1.0
train_325,train_467,dhash_1,1,-1.0
train_325,train_491,dhash_1,1,-1.0
train_325,train_492,dhash_1,1,-1.0
train_326,train_327,dhash_1,1,0.9753053784370422
train_326,train_333,dhash_2,2,-1.0
train_326,train_334,dhash_2,2,-1.0
train_326,train_335,dhash_0,0,-1.0
train_326,train_336,dhash_2,2,-1.0
train_326,train_337,dhash_0,0,-1.0
train_326,train_347,dhash_2,2,-1.0
train_326,train_348,dhash_2,2,-1.0
train_326,train_355,dhash_0,0,-1.0
train_326,train_358,dhash_0,0,-1.0
train_326,train_364,dhash_2,2,-1.0
train_326,train_368,dhash_2,2,-1.0
train_326,train_384,dhash_1,1,-1.0
train_326,train_385,dhash_0,0,-1.0
train_326,train_386,dhash_0,0,-1.0
train_326,train_397,dhash_2,2,-1.0
train_326,train_414,dhash_0,0,-1.0
train_326,train_415,dhash_0,0,-1.0
train_326,train_416,dhash_2,2,-1.0
train_326,train_425,dhash_2,2,-1.0
train_326,train_427,dhash_0,0,-1.0
train_326,train_433,dhash_2,2,-1.0
train_326,train_434,dhash_0,0,-1.0
train_326,train_435,dhash_1,1,-1.0
train_326,train_436,dhash_0,0,-1.0
train_326,train_437,dhash_0,0,-1.0
train_326,train_444,dhash_2,2,-1.0
train_326,train_445,dhash_2,2,-1.0
train_326,train_447,dhash_2,2,-1.0
train_326,train_463,dhash_2,2,-1.0
train_326,train_465,dhash_1,1,-1.0
train_326,train_467,dhash_0,0,-1.0
train_326,train_485,dhash_2,2,-1.0
train_326,train_487,dhash_2,2,-1.0
train_326,train_491,dhash_2,2,-1.0
train_326,train_492,dhash_2,2,-1.0
train_327,train_333,dhash_1,1,-1.0
train_327,train_335,dhash_1,1,-1.0
train_327,train_336,dhash_1,1,-1.0
train_327,train_337,dhash_1,1,-1.0
train_327,train_348,dhash_1,1,-1.0
train_327,train_355,dhash_1,1,-1.0
train_327,train_358,dhash_1,1,-1.0
train_327,train_384,dhash_2,2,-1.0
train_327,train_385,dhash_1,1,-1.0
train_327,train_386,dhash_1,1,-1.0
train_327,train_397,dhash_1,1,-1.0
train_327,train_413,dhash_2,2,-1.0
train_327,train_414,dhash_1,1,-1.0
train_327,train_415,dhash_1,1,-1.0
train_327,train_424,dhash_2,2,-1.0
train_327,train_427,dhash_1,1,-1.0
train_327,train_434,dhash_1,1,-1.0
train_327,train_435,dhash_2,2,-1.0
train_327,train_436,dhash_1,1,-1.0
train_327,train_437,dhash_1,1,-1.0
train_327,train_443,dhash_2,2,-1.0
train_327,train_444,dhash_1,1,-1.0
train_327,train_445,dhash_1,1,-1.0
train_327,train_446,dhash_2,2,-1.0
train_327,train_447,dhash_1,1,-1.0
train_327,train_465,dhash_2,2,-1.0
train_327,train_467,dhash_1,1,-1.0
train_329,train_330,adjacent_correlated,6,0.9909404516220093
train_330,train_388,dhash_2,2,-1.0
train_330,train_389,dhash_2,2,-1.0
train_332,train_411,dhash_2,2,-1.0
train_332,train_412,dhash_2,2,-1.0
train_332,train_451,dhash_2,2,-1.0
train_332,train_471,dhash_1,1,-1.0
train_333,train_334,dhash_2,2,0.9824396371841431
train_333,train_335,dhash_2,2,0.9764189720153809
train_333,train_336,dhash_2,2,-1.0
train_333,train_337,dhash_2,2,-1.0
train_333,train_347,dhash_2,2,-1.0
train_333,train_348,dhash_2,2,-1.0
train_333,train_355,dhash_2,2,-1.0
train_333,train_358,dhash_2,2,-1.0
train_333,train_385,dhash_2,2,-1.0
train_333,train_386,dhash_2,2,-1.0
train_333,train_397,dhash_2,2,-1.0
train_333,train_414,dhash_2,2,-1.0
train_333,train_415,dhash_2,2,-1.0
train_333,train_427,dhash_2,2,-1.0
train_333,train_434,dhash_2,2,-1.0
train_333,train_436,dhash_2,2,-1.0
train_333,train_437,dhash_2,2,-1.0
train_333,train_444,dhash_2,2,-1.0
train_333,train_445,dhash_2,2,-1.0
train_333,train_447,dhash_2,2,-1.0
train_333,train_467,dhash_2,2,-1.0
train_333,train_491,dhash_2,2,-1.0
train_333,train_492,dhash_2,2,-1.0
train_334,train_335,dhash_2,2,0.9741467237472534
train_334,train_337,dhash_2,2,-1.0
train_334,train_347,dhash_2,2,-1.0
train_334,train_355,dhash_2,2,-1.0
train_334,train_358,dhash_2,2,-1.0
train_334,train_385,dhash_2,2,-1.0
train_334,train_386,dhash_2,2,-1.0
train_334,train_414,dhash_2,2,-1.0
train_334,train_415,dhash_2,2,-1.0
train_334,train_427,dhash_2,2,-1.0
train_334,train_434,dhash_2,2,-1.0
train_334,train_436,dhash_2,2,-1.0
train_334,train_437,dhash_2,2,-1.0
train_334,train_467,dhash_2,2,-1.0
train_334,train_491,dhash_2,2,-1.0
train_334,train_492,dhash_2,2,-1.0
train_335,train_336,dhash_2,2,0.986091673374176
train_335,train_337,dhash_0,0,0.9716836214065552
train_335,train_347,dhash_2,2,-1.0
train_335,train_348,dhash_2,2,-1.0
train_335,train_355,dhash_0,0,-1.0
train_335,train_358,dhash_0,0,-1.0
train_335,train_364,dhash_2,2,-1.0
train_335,train_368,dhash_2,2,-1.0
train_335,train_384,dhash_1,1,-1.0
train_335,train_385,dhash_0,0,-1.0
train_335,train_386,dhash_0,0,-1.0
train_335,train_397,dhash_2,2,-1.0
train_335,train_414,dhash_0,0,-1.0
train_335,train_415,dhash_0,0,-1.0
train_335,train_416,dhash_2,2,-1.0
train_335,train_425,dhash_2,2,-1.0
train_335,train_427,dhash_0,0,-1.0
train_335,train_433,dhash_2,2,-1.0
train_335,train_434,dhash_0,0,-1.0
train_335,train_435,dhash_1,1,-1.0
train_335,train_436,dhash_0,0,-1.0
train_335,train_437,dhash_0,0,-1.0
train_335,train_444,dhash_2,2,-1.0
train_335,train_445,dhash_2,2,-1.0
train_335,train_447,dhash_2,2,-1.0
train_335,train_463,dhash_2,2,-1.0
train_335,train_465,dhash_1,1,-1.0
train_335,train_467,dhash_0,0,-1.0
train_335,train_485,dhash_2,2,-1.0
train_335,train_487,dhash_2,2,-1.0
train_335,train_491,dhash_2,2,-1.0
train_335,train_492,dhash_2,2,-1.0
train_336,train_337,dhash_2,2,0.9726306200027466
train_336,train_348,dhash_2,2,-1.0
train_336,train_355,dhash_2,2,-1.0
train_336,train_358,dhash_2,2,-1.0
train_336,train_385,dhash_2,2,-1.0
train_336,train_386,dhash_2,2,-1.0
train_336,train_397,dhash_2,2,-1.0
train_336,train_414,dhash_2,2,-1.0
train_336,train_415,dhash_2,2,-1.0
train_336,train_427,dhash_2,2,-1.0
train_336,train_434,dhash_2,2,-1.0
train_336,train_436,dhash_2,2,-1.0
train_336,train_437,dhash_2,2,-1.0
train_336,train_444,dhash_2,2,-1.0
train_336,train_445,dhash_2,2,-1.0
train_336,train_447,dhash_2,2,-1.0
train_336,train_467,dhash_2,2,-1.0
train_337,train_347,dhash_2,2,-1.0
train_337,train_348,dhash_2,2,-1.0
train_337,train_355,dhash_0,0,-1.0
train_337,train_358,dhash_0,0,-1.0
train_337,train_364,dhash_2,2,-1.0
train_337,train_368,dhash_2,2,-1.0
train_337,train_384,dhash_1,1,-1.0
train_337,train_385,dhash_0,0,-1.0
train_337,train_386,dhash_0,0,-1.0
train_337,train_397,dhash_2,2,-1.0
train_337,train_414,dhash_0,0,-1.0
train_337,train_415,dhash_0,0,-1.0
train_337,train_416,dhash_2,2,-1.0
train_337,train_425,dhash_2,2,-1.0
train_337,train_427,dhash_0,0,-1.0
train_337,train_433,dhash_2,2,-1.0
train_337,train_434,dhash_0,0,-1.0
train_337,train_435,dhash_1,1,-1.0
train_337,train_436,dhash_0,0,-1.0
train_337,train_437,dhash_0,0,-1.0
train_337,train_444,dhash_2,2,-1.0
train_337,train_445,dhash_2,2,-1.0
train_337,train_447,dhash_2,2,-1.0
train_337,train_463,dhash_2,2,-1.0
train_337,train_465,dhash_1,1,-1.0
train_337,train_467,dhash_0,0,-1.0
train_337,train_485,dhash_2,2,-1.0
train_337,train_487,dhash_2,2,-1.0
train_337,train_491,dhash_2,2,-1.0
train_337,train_492,dhash_2,2,-1.0
train_341,train_469,dhash_2,2,-1.0
train_344,train_493,dhash_2,2,-1.0
train_347,train_355,dhash_2,2,-1.0
train_347,train_358,dhash_2,2,-1.0
train_347,train_385,dhash_2,2,-1.0
train_347,train_386,dhash_2,2,-1.0
train_347,train_414,dhash_2,2,-1.0
train_347,train_415,dhash_2,2,-1.0
train_347,train_427,dhash_2,2,-1.0
train_347,train_434,dhash_2,2,-1.0
train_347,train_436,dhash_2,2,-1.0
train_347,train_437,dhash_2,2,-1.0
train_347,train_467,dhash_2,2,-1.0
train_347,train_491,dhash_2,2,-1.0
train_347,train_492,dhash_0,0,-1.0
train_348,train_355,dhash_2,2,-1.0
train_348,train_358,dhash_2,2,-1.0
train_348,train_385,dhash_2,2,-1.0
train_348,train_386,dhash_2,2,-1.0
train_348,train_397,dhash_2,2,-1.0
train_348,train_414,dhash_2,2,-1.0
train_348,train_415,dhash_2,2,-1.0
train_348,train_416,dhash_2,2,-1.0
train_348,train_427,dhash_2,2,-1.0
train_348,train_434,dhash_2,2,-1.0
train_348,train_436,dhash_2,2,-1.0
train_348,train_437,dhash_2,2,-1.0
train_348,train_444,dhash_2,2,-1.0
train_348,train_445,dhash_2,2,-1.0
train_348,train_447,dhash_2,2,-1.0
train_348,train_467,dhash_2,2,-1.0
train_353,train_421,dhash_2,2,-1.0
train_355,train_358,dhash_0,0,-1.0
train_355,train_364,dhash_2,2,-1.0
train_355,train_368,dhash_2,2,-1.0
train_355,train_384,dhash_1,1,-1.0
train_355,train_385,dhash_0,0,-1.0
train_355,train_386,dhash_0,0,-1.0
train_355,train_397,dhash_2,2,-1.0
train_355,train_414,dhash_0,0,-1.0
train_355,train_415,dhash_0,0,-1.0
train_355,train_416,dhash_2,2,-1.0
train_355,train_425,dhash_2,2,-1.0
train_355,train_427,dhash_0,0,-1.0
train_355,train_433,dhash_2,2,-1.0
train_355,train_434,dhash_0,0,-1.0
train_355,train_435,dhash_1,1,-1.0
train_355,train_436,dhash_0,0,-1.0
train_355,train_437,dhash_0,0,-1.0
train_355,train_444,dhash_2,2,-1.0
train_355,train_445,dhash_2,2,-1.0
train_355,train_447,dhash_2,2,-1.0
train_355,train_463,dhash_2,2,-1.0
train_355,train_465,dhash_1,1,-1.0
train_355,train_467,dhash_0,0,-1.0
train_355,train_485,dhash_2,2,-1.0
train_355,train_487,dhash_2,2,-1.0
train_355,train_491,dhash_2,2,-1.0
train_355,train_492,dhash_2,2,-1.0
train_356,train_445,dhash_2,2,-1.0
train_357,train_387,dhash_2,2,-1.0
train_357,train_395,dhash_2,2,-1.0
train_357,train_466,dhash_2,2,-1.0
train_357,train_475,dhash_1,1,-1.0
train_358,train_364,dhash_2,2,-1.0
train_358,train_368,dhash_2,2,-1.0
train_358,train_384,dhash_1,1,-1.0
train_358,train_385,dhash_0,0,-1.0
train_358,train_386,dhash_0,0,-1.0
train_358,train_397,dhash_2,2,-1.0
train_358,train_414,dhash_0,0,-1.0
train_358,train_415,dhash_0,0,-1.0
train_358,train_416,dhash_2,2,-1.0
train_358,train_425,dhash_2,2,-1.0
train_358,train_427,dhash_0,0,-1.0
train_358,train_433,dhash_2,2,-1.0
train_358,train_434,dhash_0,0,-1.0
train_358,train_435,dhash_1,1,-1.0
train_358,train_436,dhash_0,0,-1.0
train_358,train_437,dhash_0,0,-1.0
train_358,train_444,dhash_2,2,-1.0
train_358,train_445,dhash_2,2,-1.0
train_358,train_447,dhash_2,2,-1.0
train_358,train_463,dhash_2,2,-1.0
train_358,train_465,dhash_1,1,-1.0
train_358,train_467,dhash_0,0,-1.0
train_358,train_485,dhash_2,2,-1.0
train_358,train_487,dhash_2,2,-1.0
train_358,train_491,dhash_2,2,-1.0
train_358,train_492,dhash_2,2,-1.0
train_362,train_471,dhash_2,2,-1.0
train_364,train_373,dhash_2,2,-1.0
train_364,train_385,dhash_2,2,-1.0
train_364,train_386,dhash_2,2,-1.0
train_364,train_414,dhash_2,2,-1.0
train_364,train_415,dhash_2,2,-1.0
train_364,train_427,dhash_2,2,-1.0
train_364,train_433,dhash_2,2,-1.0
train_364,train_434,dhash_2,2,-1.0
train_364,train_436,dhash_2,2,-1.0
train_364,train_437,dhash_2,2,-1.0
train_364,train_444,dhash_2,2,-1.0
train_364,train_447,dhash_2,2,-1.0
train_364,train_467,dhash_2,2,-1.0
train_364,train_487,dhash_2,2,-1.0
train_365,train_433,dhash_2,2,-1.0
train_366,train_413,dhash_2,2,-1.0
train_366,train_424,dhash_2,2,-1.0
train_366,train_426,dhash_2,2,-1.0
train_366,train_433,dhash_1,1,-1.0
train_366,train_446,dhash_2,2,-1.0
train_366,train_486,dhash_1,1,-1.0
train_367,train_376,dhash_2,2,-1.0
train_368,train_385,dhash_2,2,-1.0
train_368,train_386,dhash_2,2,-1.0
train_368,train_414,dhash_2,2,-1.0
train_368,train_415,dhash_2,2,-1.0
train_368,train_425,dhash_2,2,-1.0
train_368,train_427,dhash_2,2,-1.0
train_368,train_433,dhash_2,2,-1.0
train_368,train_434,dhash_2,2,-1.0
train_368,train_436,dhash_2,2,-1.0
train_368,train_437,dhash_2,2,-1.0
train_368,train_463,dhash_2,2,-1.0
train_368,train_465,dhash_1,1,-1.0
train_368,train_467,dhash_2,2,-1.0
train_368,train_483,dhash_2,2,-1.0
train_368,train_485,dhash_0,0,-1.0
train_368,train_491,dhash_2,2,-1.0
train_369,train_420,dhash_2,2,-1.0
train_372,train_411,dhash_2,2,-1.0
train_373,train_413,dhash_1,1,-1.0
train_373,train_424,dhash_1,1,-1.0
train_373,train_433,dhash_2,2,-1.0
train_373,train_444,dhash_2,2,-1.0
train_373,train_446,dhash_1,1,-1.0
train_373,train_447,dhash_2,2,-1.0
train_373,train_483,dhash_2,2,-1.0
train_373,train_484,dhash_2,2,-1.0
train_373,train_486,dhash_2,2,-1.0
train_374,train_483,dhash_2,2,-1.0
train_376,train_396,dhash_2,2,-1.0
train_376,train_444,dhash_2,2,-1.0
train_376,train_445,dhash_2,2,-1.0
train_376,train_447,dhash_2,2,-1.0
train_384,train_385,dhash_1,1,0.9926530122756958
train_384,train_386,dhash_1,1,0.9687157869338989
train_384,train_394,dhash_2,2,-1.0
train_384,train_414,dhash_1,1,-1.0
train_384,train_415,dhash_1,1,-1.0
train_384,train_427,dhash_1,1,-1.0
train_384,train_434,dhash_1,1,-1.0
train_384,train_435,dhash_2,2,-1.0
train_384,train_436,dhash_1,1,-1.0
train_384,train_437,dhash_1,1,-1.0
train_384,train_465,dhash_2,2,-1.0
train_384,train_467,dhash_1,1,-1.0
train_385,train_386,dhash_0,0,0.9777172803878784
train_385,train_387,adjacent_correlated,3,0.9869878888130188
train_385,train_397,dhash_2,2,-1.0
train_385,train_414,dhash_0,0,-1.0
train_385,train_415,dhash_0,0,-1.0
train_385,train_416,dhash_2,2,-1.0
train_385,train_425,dhash_2,2,-1.0
train_385,train_427,dhash_0,0,-1.0
train_385,train_433,dhash_2,2,-1.0
train_385,train_434,dhash_0,0,-1.0
train_385,train_435,dhash_1,1,-1.0
train_385,train_436,dhash_0,0,-1.0
train_385,train_437,dhash_0,0,-1.0
train_385,train_444,dhash_2,2,-1.0
train_385,train_445,dhash_2,2,-1.0
train_385,train_447,dhash_2,2,-1.0
train_385,train_463,dhash_2,2,-1.0
train_385,train_465,dhash_1,1,-1.0
train_385,train_467,dhash_0,0,-1.0
train_385,train_485,dhash_2,2,-1.0
train_385,train_487,dhash_2,2,-1.0
train_385,train_491,dhash_2,2,-1.0
train_385,train_492,dhash_2,2,-1.0
train_386,train_397,dhash_2,2,-1.0
train_386,train_414,dhash_0,0,-1.0
train_386,train_415,dhash_0,0,-1.0
train_386,train_416,dhash_2,2,-1.0
train_386,train_425,dhash_2,2,-1.0
train_386,train_427,dhash_0,0,-1.0
train_386,train_433,dhash_2,2,-1.0
train_386,train_434,dhash_0,0,-1.0
train_386,train_435,dhash_1,1,-1.0
train_386,train_436,dhash_0,0,-1.0
train_386,train_437,dhash_0,0,-1.0
train_386,train_444,dhash_2,2,-1.0
train_386,train_445,dhash_2,2,-1.0
train_386,train_447,dhash_2,2,-1.0
train_386,train_463,dhash_2,2,-1.0
train_386,train_465,dhash_1,1,-1.0
train_386,train_467,dhash_0,0,-1.0
train_386,train_485,dhash_2,2,-1.0
train_386,train_487,dhash_2,2,-1.0
train_386,train_491,dhash_2,2,-1.0
train_386,train_492,dhash_2,2,-1.0
train_387,train_477,dhash_2,2,-1.0
train_388,train_469,dhash_2,2,-1.0
train_389,train_398,dhash_2,2,-1.0
train_389,train_400,dhash_2,2,-1.0
train_389,train_418,dhash_1,1,-1.0
train_393,train_417,dhash_2,2,-1.0
train_393,train_475,dhash_2,2,-1.0
train_394,train_396,adjacent_correlated,3,0.9854283332824707
train_394,train_457,dhash_1,1,-1.0
train_395,train_466,dhash_2,2,-1.0
train_396,train_397,adjacent_correlated,4,0.9856811761856079
train_396,train_444,dhash_2,2,-1.0
train_396,train_447,dhash_2,2,-1.0
train_397,train_414,dhash_2,2,-1.0
train_397,train_415,dhash_2,2,-1.0
train_397,train_427,dhash_2,2,-1.0
train_397,train_434,dhash_2,2,-1.0
train_397,train_436,dhash_2,2,-1.0
train_397,train_437,dhash_2,2,-1.0
train_397,train_444,dhash_2,2,-1.0
train_397,train_445,dhash_2,2,-1.0
train_397,train_447,dhash_2,2,-1.0
train_397,train_467,dhash_2,2,-1.0
train_403,train_404,dhash_1,1,0.9838131666183472
train_404,train_405,dhash_2,2,0.9728450775146484
train_406,train_407,adjacent_correlated,4,0.9897180199623108
train_411,train_412,dhash_2,2,0.9761008620262146
train_411,train_451,dhash_2,2,-1.0
train_411,train_471,dhash_1,1,-1.0
train_412,train_422,dhash_2,2,-1.0
train_412,train_442,dhash_2,2,-1.0
train_412,train_451,dhash_2,2,-1.0
train_412,train_471,dhash_1,1,-1.0
train_412,train_472,dhash_2,2,-1.0
train_413,train_424,dhash_0,0,-1.0
train_413,train_426,dhash_2,2,-1.0
train_413,train_433,dhash_1,1,-1.0
train_413,train_443,dhash_2,2,-1.0
train_413,train_444,dhash_1,1,-1.0
train_413,train_446,dhash_0,0,-1.0
train_413,train_447,dhash_1,1,-1.0
train_413,train_483,dhash_1,1,-1.0
train_413,train_486,dhash_1,1,-1.0
train_414,train_415,dhash_0,0,0.9930607080459595
train_414,train_416,dhash_2,2,0.9900319576263428
train_414,train_425,dhash_2,2,-1.0
train_414,train_427,dhash_0,0,-1.0
train_414,train_433,dhash_2,2,-1.0
train_414,train_434,dhash_0,0,-1.0
train_414,train_435,dhash_1,1,-1.0
train_414,train_436,dhash_0,0,-1.0
train_414,train_437,dhash_0,0,-1.0
train_414,train_444,dhash_2,2,-1.0
train_414,train_445,dhash_2,2,-1.0
train_414,train_447,dhash_2,2,-1.0
train_414,train_463,dhash_2,2,-1.0
train_414,train_465,dhash_1,1,-1.0
train_414,train_467,dhash_0,0,-1.0
train_414,train_485,dhash_2,2,-1.0
train_414,train_487,dhash_2,2,-1.0
train_414,train_491,dhash_2,2,-1.0
train_414,train_492,dhash_2,2,-1.0
train_415,train_416,dhash_2,2,0.9934176206588745
train_415,train_425,dhash_2,2,-1.0
train_415,train_427,dhash_0,0,-1.0
train_415,train_433,dhash_2,2,-1.0
train_415,train_434,dhash_0,0,-1.0
train_415,train_435,dhash_1,1,-1.0
train_415,train_436,dhash_0,0,-1.0
train_415,train_437,dhash_0,0,-1.0
train_415,train_444,dhash_2,2,-1.0
train_415,train_445,dhash_2,2,-1.0
train_415,train_447,dhash_2,2,-1.0
train_415,train_463,dhash_2,2,-1.0
train_415,train_465,dhash_1,1,-1.0
train_415,train_467,dhash_0,0,-1.0
train_415,train_485,dhash_2,2,-1.0
train_415,train_487,dhash_2,2,-1.0
train_415,train_491,dhash_2,2,-1.0
train_415,train_492,dhash_2,2,-1.0
train_416,train_417,adjacent_correlated,4,0.9863446950912476
train_416,train_427,dhash_2,2,-1.0
train_416,train_434,dhash_2,2,-1.0
train_416,train_436,dhash_2,2,-1.0
train_416,train_437,dhash_2,2,-1.0
train_416,train_467,dhash_2,2,-1.0
train_420,train_428,dhash_2,2,-1.0
train_422,train_472,dhash_2,2,-1.0
train_422,train_488,dhash_2,2,-1.0
train_424,train_425,adjacent_correlated,3,0.9870352149009705
train_424,train_426,dhash_2,2,0.9837772846221924
train_424,train_433,dhash_1,1,-1.0
train_424,train_443,dhash_2,2,-1.0
train_424,train_444,dhash_1,1,-1.0
train_424,train_446,dhash_0,0,-1.0
train_424,train_447,dhash_1,1,-1.0
train_424,train_483,dhash_1,1,-1.0
train_424,train_486,dhash_1,1,-1.0
train_425,train_426,dhash_1,1,0.9797977209091187
train_425,train_427,dhash_2,2,0.99796462059021
train_425,train_433,dhash_2,2,-1.0
train_425,train_434,dhash_2,2,-1.0
train_425,train_436,dhash_2,2,-1.0
train_425,train_437,dhash_2,2,-1.0
train_425,train_445,dhash_2,2,-1.0
train_425,train_467,dhash_2,2,-1.0
train_425,train_485,dhash_2,2,-1.0
train_425,train_491,dhash_2,2,-1.0
train_426,train_433,dhash_1,1,-1.0
train_426,train_446,dhash_2,2,-1.0
train_427,train_433,dhash_2,2,-1.0
train_427,train_434,dhash_0,0,-1.0
train_427,train_435,dhash_1,1,-1.0
train_427,train_436,dhash_0,0,-1.0
train_427,train_437,dhash_0,0,-1.0
train_427,train_444,dhash_2,2,-1.0
train_427,train_445,dhash_2,2,-1.0
train_427,train_447,dhash_2,2,-1.0
train_427,train_463,dhash_2,2,-1.0
train_427,train_465,dhash_1,1,-1.0
train_427,train_467,dhash_0,0,-1.0
train_427,train_485,dhash_2,2,-1.0
train_427,train_487,dhash_2,2,-1.0
train_427,train_491,dhash_2,2,-1.0
train_427,train_492,dhash_2,2,-1.0
train_429,train_430,dhash_1,1,0.9717061519622803
train_433,train_434,dhash_2,2,-1.0
train_433,train_436,dhash_2,2,-1.0
train_433,train_437,dhash_2,2,-1.0
train_433,train_444,dhash_2,2,-1.0
train_433,train_446,dhash_1,1,-1.0
train_433,train_447,dhash_2,2,-1.0
train_433,train_467,dhash_2,2,-1.0
train_433,train_483,dhash_2,2,-1.0
train_433,train_485,dhash_2,2,-1.0
train_433,train_486,dhash_2,2,-1.0
train_433,train_487,dhash_2,2,-1.0
train_433,train_491,dhash_2,2,-1.0
train_434,train_435,dhash_1,1,0.9717184901237488
train_434,train_436,dhash_0,0,0.9747151732444763
train_434,train_437,dhash_0,0,-1.0
train_434,train_444,dhash_2,2,-1.0
train_434,train_445,dhash_2,2,-1.0
train_434,train_447,dhash_2,2,-1.0
train_434,train_463,dhash_2,2,-1.0
train_434,train_465,dhash_1,1,-1.0
train_434,train_467,dhash_0,0,-1.0
train_434,train_485,dhash_2,2,-1.0
train_434,train_487,dhash_2,2,-1.0
train_434,train_491,dhash_2,2,-1.0
train_434,train_492,dhash_2,2,-1.0
train_435,train_436,dhash_1,1,0.9949673414230347
train_435,train_437,dhash_1,1,0.9900286793708801
train_435,train_465,dhash_2,2,-1.0
train_435,train_467,dhash_1,1,-1.0
train_436,train_437,dhash_0,0,0.9955559372901917
train_436,train_444,dhash_2,2,-1.0
train_436,train_445,dhash_2,2,-1.0
train_436,train_447,dhash_2,2,-1.0
train_436,train_463,dhash_2,2,-1.0
train_436,train_465,dhash_1,1,-1.0
train_436,train_467,dhash_0,0,-1.0
train_436,train_485,dhash_2,2,-1.0
train_436,train_487,dhash_2,2,-1.0
train_436,train_491,dhash_2,2,-1.0
train_436,train_492,dhash_2,2,-1.0
train_437,train_444,dhash_2,2,-1.0
train_437,train_445,dhash_2,2,-1.0
train_437,train_447,dhash_2,2,-1.0
train_437,train_463,dhash_2,2,-1.0
train_437,train_465,dhash_1,1,-1.0
train_437,train_467,dhash_0,0,-1.0
train_437,train_485,dhash_2,2,-1.0
train_437,train_487,dhash_2,2,-1.0
train_437,train_491,dhash_2,2,-1.0
train_437,train_492,dhash_2,2,-1.0
train_438,train_439,adjacent_correlated,9,0.9878011345863342
train_441,train_442,dhash_1,1,0.9910708069801331
train_442,train_451,dhash_2,2,-1.0
train_443,train_444,dhash_1,1,0.9839373826980591
train_443,train_446,dhash_2,2,-1.0
train_443,train_447,dhash_1,1,-1.0
train_443,train_465,dhash_2,2,-1.0
train_443,train_483,dhash_1,1,-1.0
train_443,train_490,dhash_1,1,-1.0
train_444,train_445,dhash_2,2,0.9937225580215454
train_444,train_446,dhash_1,1,0.982999861240387
train_444,train_447,dhash_0,0,-1.0
train_444,train_467,dhash_2,2,-1.0
train_444,train_483,dhash_2,2,-1.0
train_444,train_486,dhash_2,2,-1.0
train_444,train_487,dhash_2,2,-1.0
train_444,train_490,dhash_2,2,-1.0
train_445,train_446,adjacent_correlated,3,0.9880823493003845
train_445,train_447,dhash_2,2,0.9868593215942383
train_445,train_467,dhash_2,2,-1.0
train_446,train_447,dhash_1,1,0.9922444820404053
train_446,train_483,dhash_1,1,-1.0
train_446,train_486,dhash_1,1,-1.0
train_447,train_467,dhash_2,2,-1.0
train_447,train_483,dhash_2,2,-1.0
train_447,train_486,dhash_2,2,-1.0
train_447,train_487,dhash_2,2,-1.0
train_447,train_490,dhash_2,2,-1.0
train_451,train_471,dhash_1,1,-1.0
train_453,train_454,dhash_2,2,0.9855119585990906
train_453,train_455,adjacent_correlated,4,0.9859341382980347
train_454,train_455,dhash_2,2,0.9944928288459778
train_454,train_456,adjacent_correlated,5,0.9953024387359619
train_455,train_456,adjacent_correlated,5,0.9934003353118896
train_463,train_464,dhash_1,1,0.9797540903091431
train_463,train_465,dhash_1,1,0.9732904434204102
train_463,train_467,dhash_2,2,-1.0
train_463,train_485,dhash_2,2,-1.0
train_464,train_465,dhash_2,2,0.9877049922943115
train_465,train_466,dhash_2,2,0.9847134351730347
train_465,train_467,dhash_1,1,0.9714195132255554
train_465,train_485,dhash_1,1,-1.0
train_467,train_485,dhash_2,2,-1.0
train_467,train_487,dhash_2,2,-1.0
train_467,train_491,dhash_2,2,-1.0
train_467,train_492,dhash_2,2,-1.0
train_477,train_494,dhash_2,2,-1.0
train_483,train_484,dhash_2,2,0.9863042235374451
train_483,train_485,dhash_2,2,0.9826012253761292
train_483,train_486,dhash_2,2,-1.0
train_483,train_490,dhash_2,2,-1.0
train_485,train_486,adjacent_correlated,4,0.9852719306945801
train_485,train_491,dhash_2,2,-1.0
train_487,train_490,dhash_2,2,-1.0
train_491,train_492,dhash_2,2,0.9714531898498535
