image,label,sha256
train_001.jpg,1,eeeef32fa5dcd0a861d034b44e1153f547d3c7b1882f387417bda6bffd3fb0c1
train_002.jpg,1,4fc250109377b8940363ad34faa975f87698cc7be242932be0e6927a1763c193
train_003.jpg,1,96f3c90f6238c5a1eebaa2b015785353e111891105109a609f87719945565127
train_004.jpg,1,0294aa51578d0c6e17e6cf63e14ffebfe459fd9c0a643ee3574c22496bac63eb
train_005.jpg,1,866602a9eba1d271ccbd5166eb880cd4e83375041c9207b1ec8241f538ea85aa
train_006.jpg,1,c8cbce2939f87489520cc5e82079f0ea6390cf3ac2608181f797425a89bf617c
train_007.jpg,1,5d350e3f5f447d997ef74e8945afea484d22daf38b4af53130310aca4101f336
train_008.jpg,1,42281200f7235df5e6b742048ba75aee2ef688e10b84986ec229c2c151a6bbc2
train_010.jpg,1,a78b72f5ddbf28d5057edb5b39dfa4d23c716e4a4eb1fd636b931cb606fa9933
train_011.jpg,1,2bdedc6fa62c6a4398ff6b107185c564eac1adc4f68e95058d039ee4ae7abfef
train_012.jpg,1,2a12d10717d68da7a17f2fbc1b28d23331b7ae2a07edc2305db05bb9e5608eb6
train_013.jpg,1,6cbb727c9b6e664ff580cbf76abf025477e34aa576a2c5fe5a75ddde8cbe6be9
train_014.jpg,1,7c1889987ec9e771294c25c7cb903802fc7a0fa4162feb9dfb069ab3498f4d99
train_015.jpg,1,0239127f9840f8c306b1ceec790a1e2729ec185642620fe40580ca11b2da1ad5
train_016.jpg,1,c577291b6e04a8cf727021acd0dd3348ceb58be6b601e81edd22ccd3d1991afb
train_017.jpg,1,bc0ccbb215541fef70cf8966a688051b483cf42d5c8a140da6fa4f3f4a6944c9
train_020.jpg,1,cee04b1667ba0fcab5f1d2f85072036fac32948d8e5ccc632ab43604c0ee14a5
train_021.jpg,0,b2660f673f6759557a556c32a80f7bfabc4d5c410e57d422866f9f991cc6bbf8
train_022.jpg,0,cfafcf115c6ec6fa155864dbc51eeae8353f5be16e20569ddcdf0c0205919e6a
train_023.jpg,0,05e9af24a64a00051648958f085afc1e47600a25b6669ce4d56577fb996e78b5
train_024.jpg,0,4327a5c8d687e1370a80bb1d3d4bf7472952ac5e82b2179e811a6441d32dce29
train_025.jpg,0,b0866191dfae4cd654c65794c023b56234845d7e2664b63875b1d940591a85d0
train_026.jpg,0,e9ba3c179e885e87ae1f4f3851f38fdea9196e63fad2cd42f158ecfa29132542
train_027.jpg,0,60534ff6e9cdc2c979058cdaad025660968231b0d42abf2c51ad30a644ad7a2b
train_031.jpg,0,a20c230bd4b63e3537a29b6a25166b0ea857adcd6f8e8e2e02e185bc344e184e
train_032.jpg,0,86017fd590c9783de29d68d23bdbfdd18f98ef0199c1793c78fb12d10e6b907d
train_033.jpg,0,41d0623bd431712d08d1456aba831b99edd8a2c30bc2cad53c5f5332c0ff0751
train_034.jpg,0,bcea4f56d4b8b8aadcd2782bd059e8038351b477148318563f35a28e339c146b
train_035.jpg,0,382868a3590f8489046851a361d641ed1cb7bcc96523aadf8b1dd814b408404d
train_036.jpg,0,6f0c52ef98ce7e6a69119973b5116174f3244d2c3a4b5e622a472ad77dc59251
train_037.jpg,0,6920e941fa8ab9b6f8748c430e58cbfb22e0ecaa7af8686657d83a96798357d9
train_041.jpg,0,a6028a32e3358e88cfa68329fb8d2e9f3a1c683d938b437d4379869a4b2c80ab
train_042.jpg,0,2004f6a1c03b514a3c42816265352dfdf4276f27750b2f91c91eb705a367e0bc
train_043.jpg,0,7e19184d84de15b46a69a2746e2a26207cfa4bd8acfdc1ea6f95d203276e7632
train_044.jpg,0,3d2920ed8b39177fc2485c70d2bb8ff81f0847821a2d8386592eb76bb4134eaf
train_045.jpg,0,ad2e0bb90b0fb741f8584375c89b1a414a6917d3131e3643e921b02bc3135459
train_046.jpg,0,45cd318befade70c7a253e5233e6540a197c6e7c03a24a339ee6ad743d91c8cd
train_047.jpg,0,aeb5aa9bac16e11631b59945ebee5e5197b106a7763f9934f9c3209af3d32977
train_051.jpg,0,5465f3f03a204b955d2e50b0121d3b037b09f1cad4475561291e9f8e4ba21cbd
train_052.jpg,0,7273ea4e0c60c98d2a5567664bcd431daf2310e53bb0bfa0cbfc423b78d6927e
train_053.jpg,0,73af03822f33db1ad8b217e5d299736eddd658fb23803f3e2ba50339eadb893c
train_054.jpg,0,32899829c92c310d566bc5c91292d68e27cf20faab1dc038aab1fd07e746f523
train_055.jpg,0,f4070b1b45c0a2a0244a5e9280d5728474c6b1d4b09594e2db4642ecab7b6a70
train_056.jpg,0,2df84e4eddb29c399bb473016f8c4e87607c553d0b989281810dbf3dff0be477
train_057.jpg,0,11e61da3db93ccbd15186af850ccf0f9ac7f27fd1fece1e96fc50a27f7bc35f1
train_061.jpg,0,96144a21b2053c64c0eba78ad38d1957568d00e10b9855ad29eefde4269a8be9
train_062.jpg,0,7f550a39a6a5d7e3ef2400caf8ec7a2b9a9a89e9a7a709e943d647e2542ac85f
train_063.jpg,0,657106a64309c09e92a46cb39c50002c2cb7a0e56917f15c5044d06b6e8dc66b
train_064.jpg,0,15805447e044a2b3edab9951adf75009316d0afe26f5d5d3984f40646db60928
train_065.jpg,0,b54a3ce5b347965afb73a8d6b52343715e1363b674e2c135aec2a5f51db1f590
train_066.jpg,0,b9e61a45d51232d0ecf1ac2925f9f417e98ced24feeb9e1131e2eb78a0d6d235
train_067.jpg,0,761d59187dabb06dac21b732d3e28e4b61e8f9a9c292e71d056027a711311aae
train_071.jpg,1,04a8094cba6f8a1c18270184fc5b09de45a8aeb2b99d8a220dd5fce485fdb03c
train_072.jpg,1,99862b4fc7688b71c04bea0aa42fff445a0d38fa81d2499a4a0f6f89edf2acbb
train_073.jpg,1,9599dd113cbdafb3ed36ead607f068580cf0cd250198d3749ef482dac7b9bbb0
train_074.jpg,1,75b810f39e5b49d0ef4f88eda4d1e5527794c3dfec9f8114d1873dc2a7e78a47
train_075.jpg,1,71b1adae0f4cbee5431c1a5623e92cd39fdb778200a57c2e8695c8c4c0394c9b
train_076.jpg,1,1ae7939d39e7a07ad9545a7451a51a999ffdd952e0aa39d829e7904d0aec92bc
train_077.jpg,1,f3177cb1f57fca7d1e85827e188d86ba6f8ad90f007144787d45643e46552a6a
train_078.jpg,1,23e8eab516416fed34e0d4a1e4be06fa1fd703c27302f4179f2053a4cc6957c2
train_081.jpg,0,cc2ce84d527d510a63e7288793e80610d05a90627e4031a6ad37641615563e87
train_082.jpg,0,673c01e7db783b8d7216dcfe1fb5076eb6b465dd09e95697e1c0af7fa5a3e262
train_083.jpg,0,d26f919a8ee641e6b7bdf5fa71b8a6877f0947f68122e5255d4db621ed196457
train_084.jpg,0,f90e1e5605a59f37da8881e01c64142af61b7315ad6bc3ad40ee5b9b63fd6032
train_085.jpg,0,3457473d025966081c5c549b35d14d451ddaddcbbed23517527b78239a79c4a6
train_086.jpg,0,4d2bd14e8441fbd16f06e3780693a1f2edcd5a55f0b63c9fbaf918a6492894c0
train_090.jpg,0,a37fd54c40f2de70882e8e87dfbeb051a116f8100f746808a98583f808e74256
train_091.jpg,1,fe4d09d391869bc518943bc668b2c23ee795c9266176b2b079e2b101e63bd3b1
train_092.jpg,1,01f61603dadd9a760c293cfbdedd1631fdb3ca4d87943cdcaf2383424fd08bbc
train_093.jpg,1,537e0b5c4826c63f4bf1f2f607d832207e40e698166ed2e067e8927f862914ff
train_094.jpg,1,08a7143b6c976f26d1bb903cd0003fb366967876a5b4e3f63a3ff5ecf51be240
train_095.jpg,1,922cc66786f04784a7d9898a50f2a8013036171f9af77cebad016b2bee088f7b
train_096.jpg,1,8cb0ef5e0033b49fadea1b992166cd0398a99d963ce1b000014dda2615198331
train_097.jpg,1,40ee20d86bd33a0980f450c0a7688c35a64eb32e2f6e1af4cf86f40c29c15358
train_099.jpg,1,eea7a3e1a7507561e42ff2dbd1b31a8ed89fd104d8a75a299fb7cb0dae63b89d
train_100.jpg,1,bf1107e959bdd87ecc5648176a6d1d7de032708fcf52b9c050da3ed6f4ec5136
train_101.jpg,0,6bfe4de0b1948f3e6d9e35ee21435c13cfdb9431ab2935de72ae50d4f78e0a43
train_102.jpg,0,f9391f75b4be4534328b88ce10da5499070eac8bd62278732f3e837334b087eb
train_103.jpg,0,85b7c82affc7a1e73363cefda00c5f8fadd3048a14e3b698f63fbc9f8bda8299
train_104.jpg,0,67ea916bfbf4e5cbb37f390d5c4bf444ea4bc1e2a77ab0671ae396cac7078094
train_105.jpg,0,b36a12bbd25cc5f84cb0f8cc0e03d2e96919f74cba65e88114fd2988c23fbee6
train_106.jpg,0,2d8d81c0557bc87a6b63ec22f7780eff9581bf2d606325fe232e2d86dec877cf
train_107.jpg,0,edaf89bad4c34bda0119d8bb6dae8934c0c5770762e40d7cfd193817dbaa6d36
train_111.jpg,1,95d1c87c17f7fcbff3c4ba9632293e03d9b87b02726219916d3e87b5dfb3635c
train_112.jpg,1,46f7dbae5ebeb90cf8f1bfbf1e36071a8cd13584517ec076cb63f0cc20b79447
train_113.jpg,1,628588bb527b6befee88c68e0db02057314b190d649f998754ffc97082b526ad
train_114.jpg,1,0a74706e98516183e8a1c047493056836e5845310de6b0279a25dddecbb3b708
train_115.jpg,1,db8b4fdc16fc8927e21a6d5129261f7269e850a9068a8f6081342d366efd5250
train_116.jpg,0,2e2acd685536a055eee420d3cf47d997244c0b102fa5c19eaf86ab9aecb6647f
train_117.jpg,1,2673dbe2c3e3bef8826aeb5e6cbea4f7dd63c662fd86261926181bb3e4e029b9
train_118.jpg,1,9463471c1b908e0518654be2220b5e1ea5cdc0a61f35f61898a591d53ce49cba
train_120.jpg,1,59db701b2613047c9eb86795494075ea450334334ed741fccb69d8102a975ff0
train_121.jpg,0,7675ec20770be73032a012e0c72cca13483c5d6cff8f11ee7e5f800ec1d04a55
train_122.jpg,0,442d5af9a4694bdd14a3306846c69fe67f0f9677dfe21aaae727dfc0788378af
train_123.jpg,0,778bf3faf5ac18564349abba4ecb0b0d5f611ab3e15e1cde610437bd11b4151d
train_124.jpg,0,9c7791dfb0151331006132a7ed7ba909635567cf7a42b2d785662fa6f5e3b0ad
train_125.jpg,0,3b92470ed4c1e6a929de20dc3b82f58b2305857b5d8fadfebce4c7d003d81b9d
train_126.jpg,0,e4d3fcf20fc5a1f0d62fd612f516f56948d0fb0f5b8e1b473b522d341660ab4b
train_127.jpg,0,2d6b742451eaa543a933c5ad7199d2a1842b456a2adaebadfa9393ef2510f5a9
train_131.jpg,0,a393a956ec6aca002754fd90c97a1af0c35ba56dbfbd422202284afd14875790
train_132.jpg,0,d7e63200aaa97199184e82df20be1c9e4ea585220191662dc7ba9d4e9cdfdc84
train_133.jpg,0,79d2801c0d172f89643d804a1fadf86cef40c89d3da8ce468f3fc17a7b76b8ab
train_134.jpg,0,66a41f3f2e656d8434cac929b0514db8d2edc4dc0ef8dd24a9a59308b9840591
train_135.jpg,0,ffcf86765e8adb6aa49eb28b704af1efcf295235a59585945049c469fc6470ef
train_136.jpg,0,0041063c1c7e0050a746253f8114e6b4d382d06afde25928bb44f873432d2ce4
train_137.jpg,0,b7b25d8f1174de0f94d07dc5bc269e3285d4baf9fdc66b8922fd3f8338c4ecb0
train_141.jpg,0,6d8fcc7fa975824d95badd784b2c678ad7f61e504eb45432d23c5076b8bb239b
train_142.jpg,0,f98737cd31208e97bee00fc70960387bfcdf86ab80d60450539b6d6a178a6e56
train_143.jpg,0,ca773c027c9a43f8a76dad7f05185fc58776733d4e1c76b79880ab5918dbcc07
train_144.jpg,0,51378e7407ff14ee550c888b665d10be24f1e1df94c64b8e3a7fbf3285c4a4cc
train_145.jpg,0,5c7e8437204a1cc31a9d56d47d2a4261cda7629da2475e62a53c5191fb143e9f
train_146.jpg,0,c4e86f2e16f3b10e376288ba6c2815f97333dfcd5825a2f9b52ed3ac17add1db
train_147.jpg,0,bd12b1aeeec759bb38dae868efc4411932cc1d7498031ad2400c162406e8fbfd
train_151.jpg,1,d104fe6a6df41c54b769b5cc67790888c59527d56b7d2d65cba4f8103442faa0
train_152.jpg,1,583f37461a33227c97a0aada4fd99675eae3386b4866d38cafc15e6782b48a4f
train_153.jpg,1,b4e6195e863bf08df35412449185867ffb1dc1ed0a6e2ac1d3575c0faf726ba6
train_154.jpg,1,535e5f76d6e4000308217c8284da25fd51ff997ad379fd6393baaa3085d6cf6f
train_155.jpg,1,8f435cf287f419ddd58fe6d2f2d8ff2f0b02f3a46f39f38aa100103b845aa05d
train_156.jpg,1,2f17bc5843ad2770563c6725fa96a56d8f2771b95e4e951a23edd4e7aa3cd8dc
train_157.jpg,0,6b6e5b856e7f99fdb3fd0c4ba476d5cd3a4faf65cbcf399d91f19a361c82a254
train_158.jpg,0,d6d8661a03c67673580cc6e25b432fc6e9e5c17050b59c74ff2800d9fe0fe109
train_159.jpg,1,ef86e85116dc94f5c33de0d7d55479ed42fee945090e88dc7d03fd38bad74f0f
train_160.jpg,1,60b92a8c8201ecdb9891b31ab57ec244f32b50a588ae5c6fdc31c53e6f45b48a
train_161.jpg,0,85c2d85f91cc42c515861c27b5296943e1ffbfd3cca62942235460c64bf051a9
train_162.jpg,0,5a5620b28ce0f9338eb2548f35f95171843b391b0d650fea6d6e49f22add92aa
train_163.jpg,0,b2bbbca14393dd856326a9d41c4e670eed671c251c15c6d54f8ab8e1e5829ef4
train_164.jpg,0,769875c2fe3c99a0238df8067c8bfc2d1a0fa504a44aeabdfd2802c554076ba4
train_165.jpg,0,d7e2bbacc22f03d6c6193c8356f8b9a87bf68f62061cfe859c51dcd47e245a5b
train_166.jpg,0,7775bfc8aad8a809a688b671c8829743cddeb8a269b3a63243e2e4de9a0b1421
train_167.jpg,0,98d7aeffc6e6f1806dc55938423f9136d97fa080f6110001f9f9716d5202c8a8
train_171.jpg,0,62ecf00354253847bea67baf352df67e01de9451f483909e08f3f9eccabce2df
train_172.jpg,0,36d440cf13f1003af1d0b1356ea02f8bbd381aaf526b9ada4bbeb5a3b8c2e44a
train_173.jpg,0,2d9170f6f46bf920d81e4768efc75b491c230962a3a098613fd355f1baabaf7b
train_174.jpg,0,beb202b331aa12ec7f3fadaf890a22d5390208408b422629dda4e9f44ea8a181
train_175.jpg,0,371c836159443acae62289f18dcd59f2ba6fdaa925304ec8be0c2139d6ee2f05
train_176.jpg,0,bad354ae221ca57ff6b4df49c8c7c17dc99177cfcf7a4dee9419aa5a711af347
train_177.jpg,0,e7cfb99f8a2e9e961bff3c5f4af5c0be0be087626733d9558783ccc73f5d11c6
train_181.jpg,0,77578090d171feac3d3c368d7758d0e861d92bb63202d8d17279e3b197177afd
train_182.jpg,0,12337fb4af73f9e6f03c82a7c28bee6771a7cc6280473e105252ea553547f15e
train_183.jpg,0,7de9f498274c0999f5945783b72fb1ad6b8a3d18b0b26e661d84f10e18c17cc8
train_184.jpg,0,fa85d50b4ba1932fe67a359e04c75bf4b760c29d0910282b2fb4cf92bc35c545
train_185.jpg,0,97a5370b64797d767adfb9495662f685569570c986bfcf24ab77598c7d2d94ff
train_186.jpg,0,dbb69db087343b27a6164abd53bd27d8d027706bebe194bab1cee22e096a50ff
train_187.jpg,0,86d5d6ca17eb6031c11ee1e0499dafa3507117f8a4200d1e49ec6942dfe6b663
train_191.jpg,0,d51f7ca4e54a031a95c8ea3ca730bdf3f2b61158bb07db394f2b51744852eed7
train_192.jpg,0,e8059c5e29789a72e003c4c303d5bb5a2f5cb51e4835fd9aa735efbceb5e3b1a
train_193.jpg,0,f2218443eb2e196f8d0acafce1515dfbd6a538891205e3b074af19c3f4656cf8
train_194.jpg,0,6c2268fe089542cd93720ddfb17dfeed7d44684bc02608e162957ff6e4df63e6
train_195.jpg,0,f836174eb125c7f7145201bd622142ecb5e0c3674a49741662b9dc071eeec391
train_196.jpg,0,76acbeb5757509c99956660d48f17afb12d1502cfa3e07bca43baff1c7303bf6
train_197.jpg,0,8a4e1b0fc1c7764fe6e17074f65579f7ddc375ca3dc1f745c5353b5dac6529b5
train_198.jpg,0,0f6ada1e35bd1f3dadcc347455d387a87b36a16e7925b89a79347e84b17f89ff
train_202.jpg,1,ee21464e5abcc5b6533a00814a42d300bba53afc261f130b9ab61304808028dd
train_203.jpg,1,8c64e9206097fef45114e810575c9b6b1397c596015669da015def55df5b9248
train_204.jpg,1,ea907be4f2fe84b836b9f9b06df77d55f0901e609669ff1e04a7ddf2a515050b
train_205.jpg,1,b46549ab4746861b9966a902633d82fcab64e5293acf62ce199b17f8e7249b1a
train_206.jpg,1,7c4e1798e61fb13006cb48513d84fb9e828d3e808d669c1f1a45c59f4733dc1f
train_207.jpg,1,8e746cd49e0f40d76600a618a289e5b5675ec23874c5873173b69d72cfcde81f
train_208.jpg,1,60827802808213cd023167a20c351bb370ceeb47edf17417d480f8612ef0ee09
train_209.jpg,1,7f08480e42bc73215c06149b890875621a81c569e00f4f16fd650ae56edae8e4
train_210.jpg,1,c67b0a4ab409e87d6e25bde81ae74b6b647fbb04a688f82171909507e0a371fd
train_212.jpg,0,e64692032a6a1500931b96ce5447faa4851d2758c97b2d2ab4628eb063631cf9
train_213.jpg,0,59fdfdfd1e656fc64c4bdbe4e2be96dfe8652c6f7fe0ef0a92049a4e218a114d
train_214.jpg,0,c3b687c763aa56b90acb3fc267e9344b10b6d818801c02c47f4373ae6d80880f
train_215.jpg,0,926899ded51d5ff89839956b20f39684881c03f107de9c91964c156914f85fef
train_216.jpg,0,346bd53418514ec458861ed698aa4ccdc4dafea9aa2f9f901fe26c733e245c39
train_217.jpg,0,e71b9266f5dbd9a4aa69f0844124b4787f1b29e7be1ff20c7f743fde74075080
train_218.jpg,0,80a0c211981c8dbc86da296e35a06a6a5428c17204cce688e145616f559cae06
train_222.jpg,0,173c16c33a15c5dc58a68561dbb2ca69a9e3b35973d544771b7d3a03cd9edd2f
train_223.jpg,0,6e9b1c5e5da39aed201ad506dc0db4869263b1f7cbf15eac857172166b031c43
train_224.jpg,0,d06bdec9467693e89aa4be29654cef53d6d03cac563d30306cd3a1de0763d2bb
train_225.jpg,0,c5e0da257c5fea4c7373dfa1add1188981a18e49e7ca97a4bf3dbe6a625fb90b
train_226.jpg,0,176c48aecb2947c01471a6862d0895f4f8467cb765f9622edaf9afb76005863e
train_227.jpg,0,a1948e98247a4e7d05a53a654e6b12076eb4152b53f70c5b9134da6f5f979ead
train_228.jpg,0,97338bbfe52af35694b11e4c26fee62c7fc58c3efa42812e633066c00a879607
train_232.jpg,0,560602d5a8f83fcccbff340e04ae720b5121a3e573f23fb2f4583fcf5efcf468
train_233.jpg,0,0392d979e3921598195275279cfa1d456e9eef5c49b589a0140defc253b9e27b
train_234.jpg,0,504923b7bd451a0dbb705eb3f9550fc75bedeb7b7531e699d1c3eb4164fee257
train_235.jpg,0,9525a99892d24e979e8620420b08a7764c418b3d99b6365f5af6468fffb2f8db
train_236.jpg,0,3d9101d841857b0c2d5376061c5385a31576c31074b7f1a4430e4ae7291e0c3b
train_237.jpg,0,e481ed67dd138f7b05baffdb562a957374c4b9a58e59ac90a52e8cd58f0387c9
train_238.jpg,0,16c90d20706a3cf127d5a89b6fedd2ef22a9762839da17a4d9b3510d8f76345f
train_242.jpg,0,7144a0934d2de5948edbf8a2bff0eeba65933ecfa456dc073a977394abfbd34a
train_243.jpg,0,855da0a38217a4faf3a550e377834f54317347fc616141399ca91a653dfb1853
train_244.jpg,0,b27ef55eaaec73a2f951a9ad9c99b69d47bda1a2af7d00bb22ac2c81ad88a6a9
train_245.jpg,0,cd0db9f5d3e2e9cb7695315e78a6a0e3eaa522dbac5d2e4656f7cca5b23e4d3a
train_246.jpg,0,52de5d7706c4667c5af0228a35e4cb25e44fc48d3eca26385e0dcec2761ae284
train_247.jpg,0,a483fe1a8df6ac9677e8956d36e0a0e70bd3e47be1bfb238814bd0e2c8be96c7
train_248.jpg,0,323e57915ae7cfc4c3f00cc1885e2621b779ff948262791d21250f5f6f8b97f7
train_252.jpg,0,f347a958ac0625790be8bee93b01360e438ffec5032caa96ed66f738bd0eee1a
train_253.jpg,0,dc191a691de46232b08d30c3548c3b74271197568f856fbfd636abd152cd835c
train_254.jpg,0,4e470c5ddf881e7526daed186cfc0ffdcd0d046b640db60a9d63a8a513222125
train_255.jpg,0,ecf8e741ebdbe8ea15e934d1dcb61ac35c8de2b69134783db243a9b21d4f4afc
train_256.jpg,0,49b1e6b27f7437cb5b710eb98b14beecad82d6369e71b8ff8606e03928a320b5
train_257.jpg,0,716c707d97171a3dbd8da4d1471e0e3f6438ad719f2673ee20d4aa9d912f4c10
train_258.jpg,0,7a84ae85162a679f9c49b6c8ad4c29ad89a2c20f473cb0649c94d1a7f6dda74b
train_262.jpg,0,c68872c152a1572c27493c7e63c2463a372c17ede2893e41cc2ee7da936007a1
train_263.jpg,0,04f9b536ff58483d05f5ea69a7d2a5798c63e86196f66e86ef19c43324be9419
train_264.jpg,0,3d4622c26458eabf09cca2443733a0d6b38ffe0d49ef5d86c27da9d8fd210987
train_265.jpg,0,87e63aecaf1a1373df825355233610977180d8ff6335c3a10a984a56159b7245
train_266.jpg,0,5b8d4777730f91eb41152f6d394f8cb7e44b0f3c7146d5dc7f9e447a61bcbbcf
train_267.jpg,0,db78ae7c164aaa58c95806dff4804170b4bbdd90e3a040e63ca2a81d30ba9b67
train_268.jpg,0,ed322dc26b069ea7c2a0670abb47caa143714676e57c266451a84a35489b038e
train_271.jpg,1,4faf0fa41de134928c3492a561640d3cccfbed2453a1fe32b3147a1d370b55fe
train_272.jpg,1,e61db58b89815be56c11fb27d77078fc8b99d49f5960f602d276a2b999252a36
train_273.jpg,0,6045796cbb6ad24fa17ccbc9e1d97df37d05a3201042bbb7c08aa37788210123
train_274.jpg,0,9d66e0403d29a7b4607edaa1e28717fbc0dfda2deb5af83cc9c80d6567cc6cd1
train_275.jpg,1,e4b23fe2d3b95afee8c1e4aa1383d702b784ffd0bce1b49417707c67c0f9c54e
train_276.jpg,0,c59ef89b808f5c327c1bdcafc1457470c6e40643feaa71e7d2242b1dd738abec
train_277.jpg,0,56a34b50fded30dfe3d215744d18894663ce117afa6560d30127e3232c6e5cfd
train_281.jpg,1,06d3db819ca2ff529772b8b853a92d92fc9775f6d80cba54ecd49d042a5eec53
train_282.jpg,1,4500541cf6315e78051cddb2e99d834e7593cac0eb72b5b10641b488567e92c1
train_283.jpg,1,52dddc4e39c1dfdc66517456be845aae044d9b1dea91c074921d035c7a5c454c
train_284.jpg,1,0eb32474f6313a89f7526f2cf9d3c0b0f07cf8fedaed2a7b8c6fc6b4f1051433
train_285.jpg,0,86c5f1dcc23018f1cf8ea1ef469160966ab8472dc8f3683de9b009d4cfc5e4c3
train_286.jpg,1,ccda15e9582bdde81c720a50a6c5dd48b99d7193034795b4debb8293d41eb11e
train_287.jpg,1,9e2b3552b60ee27758fff160170905d4331cdd6b89689bef4ebbec15cb5dffe9
train_288.jpg,1,4ecf597b2c304cbde7de9da22b723a13cc4203d6ba60ff04462430ce4bb74416
train_289.jpg,0,e4d673a52fdb60b064f2db7bab8923de111c339f76355033c5baad06ba2fa53c
train_290.jpg,0,12a725a6ad53c14d11701f6d48844c500aac863008521c4a6516750353ddfe4f
train_291.jpg,0,d1c0f377c1998405b934da67fa9cc9434696cb77ae5bf2138dad4355054078c1
train_292.jpg,0,5a65931bce7fd9fddd68b665d81fc9e01b02a7b83474afb97cbc83ea56d0923a
train_293.jpg,0,0d88a70db9e522be0304bf51e85fc4d71af7dd5e84c7d3c0191cdbca4c203796
train_294.jpg,0,1080dcf12e8f8458da45145d531efb1ae5f9a05cc81cd0ee01cf8b1c0f98f692
train_295.jpg,0,274e626a761e584403f123908ed73fc8417d6fb72922136062bc75ebe0f1abdf
train_296.jpg,0,8a64d77fc5d8ba531a929d8634c605824591663b7ba990d81ef88b233b88e3b5
train_297.jpg,0,378e318524c807a30a975de8e59e86a79b707bf3061198a8ea872cec7c8dee39
train_301.jpg,0,5031651fb5f7ea8123287155e6379713dffbd7ef7ba718b1f4b86cb8a7b86c36
train_302.jpg,0,d65c70af01f2c76f06c2494ca1adfc8d97688ba96c07c4790170a1316b20f3d1
train_303.jpg,0,8015f423995b8c93ad339853ec71f06a91fb1c3aee43d0b259f6eb017bf7ccf1
train_304.jpg,0,626245ac624809a7e1392ecaeb76c8fa39b285d59597c6d204c9bee9cecf564c
train_305.jpg,0,c6d457dbaae48896b8a624915d653e50c5e3396e4cbc6f15d2fce4b87c38f871
train_306.jpg,1,5e86c89265c6a4f9eed61d6cbba82dba374eb4908a3b120dfe848a90d3446784
train_307.jpg,1,de6936bf79ea7b30716511cae2072b32553a3948a7e90de281d1f5d79f23baef
train_311.jpg,0,475dbde19598a467bf53da1474494a6a937f460b6c854c7621dbd135d16a3763
train_312.jpg,0,c0ae416c2f1351d8f773619e64f87694801f2b5d4a484e6f78662a771495c993
train_321.jpg,0,6f605f928d245ff31dbd972e1b5d1ebb3dc24787c366d0f4dc83320299018480
train_322.jpg,0,8e6c89c7d3330b87bd84a6a3324a934fdc0582d4c2dcaca64a08cab8a00967cb
train_323.jpg,0,4fb4b8de140802361b00490f1dce052050e546db62b002cf58454d354db5d86b
train_324.jpg,0,3605f8d3b9fc5aa4a1e9a1167dc60a1f03bf1c535f37dc3320d013bd45dc2697
train_325.jpg,0,e0b4f5533681c1741daa4d70ca9ed706e55c9c39da0030cc17cc6f7d19ba3b7f
train_326.jpg,0,f82db1487513d01f1403b3aac08b3b62c6ca8595c85e319f39b2e5e198df33a3
train_327.jpg,0,ea28f98a1eebac02ffdf8449d44743d1ec594521449b10dfb528e444aac03da3
train_331.jpg,1,bd1114b75ca2b9f841d46374c52bba66623e1da55df3e128694ee09b64355edc
train_332.jpg,0,c70e68ae7a48ae5b80f840381967f9d4878b56d13133cdbcde8454775491382a
train_333.jpg,0,e68a6b435b5f78fa6fe15f43cf938197061f4c95bbda5ed65077d777e58a3ed4
train_334.jpg,0,3d557a06feb83734d65cd6a14a599ec6c8688e3b5308dc48e03e53d87a1f219d
train_335.jpg,0,a7aea394daa7d109abfd03f99f09edfa41655e8d05e2b0d70fea93cad240b22c
train_336.jpg,0,eed70347a8621c5c10f67f35a323657df75157667083d5897933b313e8defe92
train_337.jpg,0,b11b738e1bbf8882cd94181c04f903018b677854b25adf4bd9b3b6c2df999fe1
train_342.jpg,0,9d1ae1e37d9a36cc7f2419531f0a2d621dc0108351f34b48135194715c4e5cea
train_343.jpg,1,8c1326b34ab1ba74b1e02d3308400b12b334e85d551e97283665577b3dc86c40
train_344.jpg,1,60d35d23d56ac2c9da45f36f66c6ed67643a7b68d6c608f87b82a719c267578d
train_345.jpg,1,670cd7c9e558b28a7404f0083960a5f594b6a331bebf6eaaf0779a43125323e3
train_346.jpg,1,5930ed99e59b6893548bf7d0c6461cd632566f0529db453aee5bd64490396d9f
train_347.jpg,1,9b9bbbcfe33b712127dea946dc97f078fbeaa1dd8d689ba2017da3a22e6f7c90
train_348.jpg,1,db46ffc250c83d0d098413ef49471f4e553624cf55bc9d8e514156eec56aae90
train_352.jpg,0,c0ae61a7cdbee1d663a7da23bdafc8f21f463fb4fdf4879825422b164f451824
train_353.jpg,1,daee378b6771e6eaff13589ddc4e8cbdd9e2b3146c3dcc1fcba86da7edeb4d14
train_354.jpg,1,5d48eeea901c1bbbf3bb77075a01ea9b32fc177ef1efddb02210d63b1900ce24
train_355.jpg,0,f175ebc9b5b7eaffc12bc0453269ea1ae975cd8389aedd48ac9636d137287797
train_356.jpg,1,66e409a8ef0b9db5044ca2df2bbd8c6add0ac0799a707e02f896f07dc79f7f2a
train_357.jpg,1,1a2f0de574cdac0b61d233dd13d689cfdada695ea8f9c871d7d94f04cd2b4acb
train_358.jpg,0,a753dc60ed85accdb455cf915cff34bc5ebe313137cb06980728630c51b3d3fd
train_361.jpg,1,2bc64726d897fa55157d41bd19ad291ce5f7e416cc57cb8aedf6b452d1b4795e
train_362.jpg,0,99f6e82d40bc139906a56f39e2aa201b419d193b843e8f21c8ed5cb2cbec7391
train_363.jpg,0,ce5a5567fe563d0349000392e79984e9277c0112c68d65c3512ecb32533fdcfd
train_364.jpg,0,52d760402fa8c5562306e1b90f6d1b817505af5a91d41c99fa692d2f86cfc958
train_365.jpg,0,8c0a80a6b097a6038b1d8b9ff7fff073a4ae74eb61ab7cf72495a1b2fbec8428
train_366.jpg,0,c407d8a6b0351ff7d130e76e1cc93ec2b3f2f6d99eed5dc11e7566558878af68
train_367.jpg,0,42c3606c886d3e675ee93d3e2bb1b99bc43cba93ebcf3f9df75e36f7062ae291
train_368.jpg,0,5247c8c31fe94167cdd9c9f5e54558a815d5cff41086483185078045fb077c46
train_371.jpg,1,87ed1e18351a3bc332d12644101e7ce57fc190a9f29106ab2caeb0416103401b
train_372.jpg,1,a2a80b822e8e52813112080f427c850ad77b0915945c91fde9a0ae1259d55b2f
train_373.jpg,1,f358fa7298f34e6b99768ec46607691b3c221bc640f851235a073485c388b6c4
train_374.jpg,1,812dafd7e5f4a98527e65a42fad5b63ba127936aac2f3116144498e68de37ce0
train_375.jpg,1,c744545559bda9138149485c3667d5ad044963c3a10514cf73f9310691d76d02
train_376.jpg,1,febcb40823211ec3d8e3fad550d48484561cd5f0ad2c8bf18508b561cdc768f7
train_377.jpg,1,629c6981d1c5f50119cf769ac9b66660531e275ff04bad0a546183c82cbd44d3
train_378.jpg,1,b1886be26dd65541a46bb353e6d1ebce59c0e69acf70fdbc7e74f45c3bbfa48c
train_381.jpg,1,2c80bcbcff92feb3f0de1ef1d28be72ce38b1c49978f786dbd9a48b5759fb908
train_382.jpg,1,150359022bb4a8752a70fe598c913c6588d4f2cd75ba52600556f083744500e3
train_383.jpg,1,3bfbad0cd9e500e87e801b861a9cb87097c3640d3893594c202bc53f41b299dc
train_384.jpg,0,71dea493d36011524c4b99453898a4197cbfa031166eee5c640ffac8619a1d87
train_385.jpg,0,97f174f16c9d0a1052d40b4393f3b86f968e551798771af996010a62569a0e2d
train_386.jpg,1,44ff00ee93a958c41b50052da681731cdd0b6dc77625203d8f84423f592150b2
train_387.jpg,1,f57ab6e9f9996ac3ecf6131806aaf01aa16cdee658704ccce9fe2e2ee4aba396
train_391.jpg,1,aa6119242c9299ff789393281e32ac8c4373cfd1512fab3b3ee537cd60171bed
train_392.jpg,1,ff5b876fa08cdd34791ec08f5ca66e7ed420b34861a203a1de91e81b8b7064cf
train_393.jpg,1,cc71e9daff0c90395c114e1367f48024cc3987c2cf6ef52db1685b4b5641c800
train_394.jpg,1,0571eae984dbcd2a1ceb894946afeabb98194201fcc516bb998eb7eb3358126b
train_395.jpg,1,1d8b0ca1461b3dddcc425fac6bd287813014958a90383ae9446244c0d4780369
train_396.jpg,1,93e67ab62baa6dcbb3e6c339710d962a09cdfa927e95432b129208a7b569ac0c
train_397.jpg,1,cde1a8d3da5562d42bc4728163d32ef14b938008096bdf44f198762b1b56c54b
train_399.jpg,1,af0f958aa503f6759c4568deb2351060e968018b4cab561bbc34f4e9e19958c1
train_401.jpg,0,63a1bf76687c843cfe760a451d197318854c933526590094176842cc0d15c3c2
train_402.jpg,0,7dcc8e95da4ab73c9629f69730d3a2b5857eaef4b23062ef76ed2c5ba2024149
train_403.jpg,0,197679f563ee476ba350445668a0d06b94fb3d9f380d6d6488e2ff92fabbe990
train_404.jpg,0,ccb86a8cd0e8c2b11adc7b6167ba245a9e6056563594b1b956e1178d962a666f
train_405.jpg,0,156ff87baef649a92bad16a66be1e55cefd3b66232b48118720fe68dacea117a
train_406.jpg,0,ed26f1e8dfc56bc29ba28bf768d61403b1e5d310ea7f2735bfe17fbc83debecb
train_407.jpg,0,4de5c079206c835f801c1e6c1401e75a73f1742786ff91f86812108e51360aab
train_411.jpg,0,3db469478d1b1167a94cc052f1bf56c5edc1a734cf4dffbd66cff2431b796942
train_412.jpg,0,60933b54302cb115b7065cfdf29191f1c5bfca1aa37f59af56f10e23cbf4fa1e
train_413.jpg,0,8088f023fa3ccdb48639e2776afbf213c235dd12e5104b92e83b09bf2fb1bb67
train_414.jpg,0,dd438420618d08999486fe6bc17b0049885d7acc8b4aed1ab9207953cad1cf53
train_415.jpg,0,34ac6bf91a95e90bf4ce5714bfae7e6ad592bcf4a61c565ff43ae1f21aa668d5
train_416.jpg,0,b2cd121dd49ac7aa15ba3c7adbfd4f75da9e377147fc1cde19f43400c16d031a
train_417.jpg,0,73cdadf6f879dfbebfdbebecd61f1adc13abfc6b03892c8b0f34ec755adea707
train_421.jpg,0,2002a9f6d9ea688759e2ea44b9180745d0d3e86e92a53ea0f890dd35056bdc50
train_422.jpg,0,67ce703741515ed6ab1c3de60504ee4c42b325005e68e9f716ff22f3a5777df7
train_423.jpg,0,7e3fd9ff1b76264259030f267b22bb49d3bddf4258d172a6c1a6bdf69405f3a3
train_424.jpg,0,8bf1a44e5dc4bfc12ee084a0eb793ca4c50ea21713ca0710b0a0c2dad2d4b44d
train_425.jpg,0,cbdfac6966b7d2a2e843a4adb241790a9df82eeadccb5a376e41246776c87676
train_426.jpg,0,6ad5aba3ecfc9003c47d3ab28e4f4a4c0f2826ecf6b98a4032df9449de9c58ae
train_427.jpg,0,97546c8b9815d79f495a180426fd7e0d26cd4a6cefec1631731d6e854bc703be
train_431.jpg,0,d2ce65761a09ede2cfa91595554224b9f52ba32444041cf742e3a3e8511865e9
train_432.jpg,0,7448a297420d19ff18010743cbe66b54eec320f9779cc349dfaa81b9c8a5c78a
train_433.jpg,0,cc814ccb635f7d8877b659f25ed2f99af6a93a6ab46c9c4b63e7133bbb0aa583
train_434.jpg,0,a25461939bebd8de4dfa9f50624a6e33ab95e7a7ef05ac7c31cc4da7bc3f0578
train_435.jpg,0,269c598e8cf416f2ea4542cce9394efce2367a037b1f320d242d681f09356d52
train_436.jpg,0,ebb368b3aa177a20ed04d57291066228d31a3e8a3ee124ac82eda095c4bec183
train_437.jpg,0,0c65c9396d74e2f23a82c318cd3590a7c0a96c935907ee02fdc75567b9327d66
train_441.jpg,0,b046d8919e5515709aeaf5377d419ff23dad04e1b12d9f65299343a7f15aebe1
train_442.jpg,0,be8dc617b996cdef58f495b78b8d9dadea2621dce8d16c24b68e61d4522e7039
train_443.jpg,0,a8f7bfb2e041398891f1989d67a1f1888d0287b79e775951fb3e05875e51f3d6
train_444.jpg,0,24641e9005b69ae3a94427a44f562a76c5951ed4f317a7f16e4477bfa2b14a37
train_445.jpg,0,f5839527af21aea5a9e171807960a54496af11fb85722ed88738b992791007a2
train_446.jpg,0,959555f10c25bc0b233511d7c2475cfd894e1cf3fb8310ddab03fcd1f155af26
train_447.jpg,0,6318781548f8fd9266264273e25e41ab196db9d8009baf14a5d06bbca5f2d93b
train_451.jpg,0,79d278d579f83bcf89b922ecb3fe842ea33d1967d5ace7a17fc37353ee765eb5
train_452.jpg,0,dabe108c363b0c0f2ac50782e3d4a6c5b1023e8e690647ce7da911921648f832
train_453.jpg,0,f30585f701d2fb807d3d4a3716d92d9e2ebdb10967739c9c71ebac13a00dee32
train_454.jpg,0,17ccbdbcdeed511e362b8131d49c540392b482d8132d38a473d9c8416ef3d1b5
train_455.jpg,0,107a5867e3dd0ad08a34af95a0aa774fbd8e1d1846f916ec7afbb96e92b782c8
train_456.jpg,0,b78067b3ef36a5d11fa049d001708b94cac03f6e5aa582c5aac5c7fef63e41e8
train_457.jpg,0,5ca4c3fdb7b216626cf1c924e4e47fb5ca8c61f0dd122b6920297c308edeec94
train_461.jpg,1,bad92fab21fe2a51c15713264e609792b206ee816e88a4f53787b205ceab00a4
train_462.jpg,1,1ed50127a8b907a473fd862ddf0c8dec4c940b892af8d9f8f9b8d46bf50a308e
train_463.jpg,1,265ad64c6543719c763c93cc697bcd70d78a22fee77b95d976b1b822b948f83f
train_464.jpg,1,ccdc11eabc4a54224a48eabe4c42928507d1fd34a47a2e02fe9c2ddb6f4ba9a4
train_465.jpg,1,a1b3082deb5676bca7f11b7d3c92adfab5abf470b3fecd336f905d7778d366e7
train_466.jpg,1,6edb279101783933627a682b5d08c531d470d80e56abc01cd042709ae288ec34
train_467.jpg,1,7e5838995122ba08c7025925e9c76c5165bf3ee0528e025dde8b4475497b8af1
train_469.jpg,1,5cc86a095327bc57e0e4ea0a213db02c99cbdba9359ce079909861ce9af2355a
train_471.jpg,0,bda45578175858e48529a97f6842befe940726ba9b48f4c39112c8b31f31a42a
train_472.jpg,0,e1ae0f755cefe69ebcd43dcfd3940a64bff7f469514bb3b4e0a1ea599d549ed7
train_473.jpg,0,26401397ffb0ceb25a1ae59754a9ecfb09c9962c64349b7b8425680f3738d3a2
train_481.jpg,0,92884a456553aa52610752d856dfbeb180dbec740cc21f8320a1cfa54d748d2c
train_482.jpg,0,46c5c9c57c72f822d1dd5f49da303f7fe3e8194c0914c6aea6c139ce90714651
train_483.jpg,0,8f2c91098cc38d3419603dda529eb330fdc4b2ded31aeaae62d645dad7170767
train_484.jpg,0,7a03ef3230bcefd0e9056268cdd73cc9d909ea9a12526cb22f8d53cca66f0ff9
train_485.jpg,0,93a249f36d1a9e662caea63279ce438805cc383d61fb8dfe19ceb3749136e635
train_486.jpg,0,938cef874a4b79e881b93eb598ec2c775ad6d4e199e17076426e93ece284cb97
train_487.jpg,0,65d5772c7f6dccc027a58dc99f7e050511fcb084323363c8fde0a874a94713e8
train_488.jpg,0,d0e458f67fa7881108efa4ba9eeee6a144ce79e0ee23f1f77dd1fa568e2a8895
train_489.jpg,0,2de8557dc2f5d1ac0afaf06de3a924f185fe673e1eae75bc6fccbd459f9c226c
train_490.jpg,1,70ef369a6bd9430e5929a9578866b9bd8bfef938ba2f653f382f09880505f6a1
train_491.jpg,1,4fbb52d9d222ebb46fea70a3801182818addabf4a49cf5edf3978a351748768b
train_492.jpg,1,e53054f9f244ce0abfdfcdd90af35617609639516c35e5b4267c2be41f9210f3
train_493.jpg,1,3ff2c35fd679da36293e76c20ddb4cdd0e37a94e6976135067351124ccdcf087
train_494.jpg,1,5b84af4bd189a3b5519ee2524081f06bd0bc2a1dfc7e7df3a80431c20472607c
train_495.jpg,1,f5bedbc7ae0824ff6243fd9192e36e36a520f4d5285660820ed9673c8220eb70
train_496.jpg,1,e689caeb117b305a358c22b0a934cfa7354d6c9c1b35728459a728c5245132e2
