stem,split,defect,boxes,kept_boxes,difficult_boxes,excluded,reason,image,xml
train_001,val,0,0,0,0,0,,F:\Work\VSCode\Projects\DATASET\dataset_defects\images\train_missing_tooth\train_001.jpg,
train_002,train,0,0,0,0,0,,F:\Work\VSCode\Projects\DATASET\dataset_defects\images\train_missing_tooth\train_002.jpg,
train_003,train,0,0,0,0,0,,F:\Work\VSCode\Projects\DATASET\dataset_defects\images\train_missing_tooth\train_003.jpg,
train_004,train,0,0,0,0,0,,F:\Work\VSCode\Projects\DATASET\dataset_defects\images\train_missing_tooth\train_004.jpg,
train_005,train,0,0,0,0,0,,F:\Work\VSCode\Projects\DATASET\dataset_defects\images\train_missing_tooth\train_005.jpg,
train_006,train,0,0,0,0,0,,F:\Work\VSCode\Projects\DATASET\dataset_defects\images\train_missing_tooth\train_006.jpg,
train_007,train,0,0,0,0,0,,F:\Work\VSCode\Projects\DATASET\dataset_defects\images\train_missing_tooth\train_007.jpg,
train_008,train,0,0,0,0,0,,F:\Work\VSCode\Projects\DATASET\dataset_defects\images\train_missing_tooth\train_008.jpg,
train_009,val,0,0,0,0,0,,F:\Work\VSCode\Projects\DATASET\dataset_defects\images\train_missing_tooth\train_009.jpg,
train_010,val,0,0,0,0,0,,F:\Work\VSCode\Projects\DATASET\dataset_defects\images\train_missing_tooth\train_010.jpg,
train_011,train,0,0,0,0,0,,F:\Work\VSCode\Projects\DATASET\dataset_defects\images\train_missing_tooth\train_011.jpg,
train_012,val,0,0,0,0,0,,F:\Work\VSCode\Projects\DATASET\dataset_defects\images\train_missing_tooth\train_012.jpg,
train_013,train,0,0,0,0,0,,F:\Work\VSCode\Projects\DATASET\dataset_defects\images\train_missing_tooth\train_013.jpg,
train_014,train,0,0,0,0,0,,F:\Work\VSCode\Projects\DATASET\dataset_defects\images\train_missing_tooth\train_014.jpg,
train_015,train,0,0,0,0,0,,F:\Work\VSCode\Projects\DATASET\dataset_defects\images\train_missing_tooth\train_015.jpg,
train_016,train,0,0,0,0,0,,F:\Work\VSCode\Projects\DATASET\dataset_defects\images\train_missing_tooth\train_016.jpg,
train_017,val,0,0,0,0,0,,F:\Work\VSCode\Projects\DATASET\dataset_defects\images\train_missing_tooth\train_017.jpg,
train_018,train,0,0,0,0,0,,F:\Work\VSCode\Projects\DATASET\dataset_defects\images\train_missing_tooth\train_018.jpg,
train_019,train,0,0,0,0,0,,F:\Work\VSCode\Projects\DATASET\dataset_defects\images\train_missing_tooth\train_019.jpg,
train_020,val,0,0,0,0,0,,F:\Work\VSCode\Projects\DATASET\dataset_defects\images\train_missing_tooth\train_020.jpg,
train_021,val,0,0,0,0,0,,F:\Work\VSCode\Projects\DATASET\dataset_defects\images\train_missing_tooth\train_021.jpg,
train_022,train,0,0,0,0,0,,F:\Work\VSCode\Projects\DATASET\dataset_defects\images\train_missing_tooth\train_022.jpg,
train_023,train,1,5,5,0,0,,F:\Work\VSCode\Projects\DATASET\dataset_defects\images\train_missing_tooth\train_023.jpg,F:\Work\VSCode\Projects\DATASET\dataset_defects\annotations\train_missing_tooth\train_023.xml
train_024,train,1,1,1,0,0,,F:\Work\VSCode\Projects\DATASET\dataset_defects\images\train_missing_tooth\train_024.jpg,F:\Work\VSCode\Projects\DATASET\dataset_defects\annotations\train_missing_tooth\train_024.xml
train_025,train,1,7,7,0,0,,F:\Work\VSCode\Projects\DATASET\dataset_defects\images\train_missing_tooth\train_025.jpg,F:\Work\VSCode\Projects\DATASET\dataset_defects\annotations\train_missing_tooth\train_025.xml
train_026,train,1,7,7,0,0,,F:\Work\VSCode\Projects\DATASET\dataset_defects\images\train_missing_tooth\train_026.jpg,F:\Work\VSCode\Projects\DATASET\dataset_defects\annotations\train_missing_tooth\train_026.xml
train_027,train,1,4,4,0,0,,F:\Work\VSCode\Projects\DATASET\dataset_defects\images\train_missing_tooth\train_027.jpg,F:\Work\VSCode\Projects\DATASET\dataset_defects\annotations\train_missing_tooth\train_027.xml
train_028,train,1,7,7,0,0,,F:\Work\VSCode\Projects\DATASET\dataset_defects\images\train_missing_tooth\train_028.jpg,F:\Work\VSCode\Projects\DATASET\dataset_defects\annotations\train_missing_tooth\train_028.xml
train_029,val,1,9,9,0,0,,F:\Work\VSCode\Projects\DATASET\dataset_defects\images\train_missing_tooth\train_029.jpg,F:\Work\VSCode\Projects\DATASET\dataset_defects\annotations\train_missing_tooth\train_029.xml
train_030,train,1,6,6,0,0,,F:\Work\VSCode\Projects\DATASET\dataset_defects\images\train_missing_tooth\train_030.jpg,F:\Work\VSCode\Projects\DATASET\dataset_defects\annotations\train_missing_tooth\train_030.xml
train_031,val,0,0,0,0,0,,F:\Work\VSCode\Projects\DATASET\dataset_defects\images\train_missing_tooth\train_031.jpg,
train_032,train,0,0,0,0,0,,F:\Work\VSCode\Projects\DATASET\dataset_defects\images\train_missing_tooth\train_032.jpg,
train_033,val,0,0,0,0,0,,F:\Work\VSCode\Projects\DATASET\dataset_defects\images\train_missing_tooth\train_033.jpg,
train_034,val,0,0,0,0,0,,F:\Work\VSCode\Projects\DATASET\dataset_defects\images\train_missing_tooth\train_034.jpg,
train_035,val,0,0,0,0,0,,F:\Work\VSCode\Projects\DATASET\dataset_defects\images\train_missing_tooth\train_035.jpg,
train_036,val,0,0,0,0,0,,F:\Work\VSCode\Projects\DATASET\dataset_defects\images\train_missing_tooth\train_036.jpg,
train_037,val,1,3,3,0,0,,F:\Work\VSCode\Projects\DATASET\dataset_defects\images\train_missing_tooth\train_037.jpg,F:\Work\VSCode\Projects\DATASET\dataset_defects\annotations\train_missing_tooth\train_037.xml
train_038,train,1,7,7,0,0,,F:\Work\VSCode\Projects\DATASET\dataset_defects\images\train_missing_tooth\train_038.jpg,F:\Work\VSCode\Projects\DATASET\dataset_defects\annotations\train_missing_tooth\train_038.xml
train_039,train,1,5,5,0,0,,F:\Work\VSCode\Projects\DATASET\dataset_defects\images\train_missing_tooth\train_039.jpg,F:\Work\VSCode\Projects\DATASET\dataset_defects\annotations\train_missing_tooth\train_039.xml
train_040,train,1,7,7,0,0,,F:\Work\VSCode\Projects\DATASET\dataset_defects\images\train_missing_tooth\train_040.jpg,F:\Work\VSCode\Projects\DATASET\dataset_defects\annotations\train_missing_tooth\train_040.xml
train_041,val,0,0,0,0,0,,F:\Work\VSCode\Projects\DATASET\dataset_defects\images\train_missing_tooth\train_041.jpg,
train_042,train,0,0,0,0,0,,F:\Work\VSCode\Projects\DATASET\dataset_defects\images\train_missing_tooth\train_042.jpg,
train_043,train,1,3,3,0,0,,F:\Work\VSCode\Projects\DATASET\dataset_defects\images\train_missing_tooth\train_043.jpg,F:\Work\VSCode\Projects\DATASET\dataset_defects\annotations\train_missing_tooth\train_043.xml
train_044,train,0,0,0,0,0,,F:\Work\VSCode\Projects\DATASET\dataset_defects\images\train_missing_tooth\train_044.jpg,
train_045,val,1,3,3,0,0,,F:\Work\VSCode\Projects\DATASET\dataset_defects\images\train_missing_tooth\train_045.jpg,F:\Work\VSCode\Projects\DATASET\dataset_defects\annotations\train_missing_tooth\train_045.xml
train_046,train,1,5,5,0,0,,F:\Work\VSCode\Projects\DATASET\dataset_defects\images\train_missing_tooth\train_046.jpg,F:\Work\VSCode\Projects\DATASET\dataset_defects\annotations\train_missing_tooth\train_046.xml
train_047,train,1,5,5,0,0,,F:\Work\VSCode\Projects\DATASET\dataset_defects\images\train_missing_tooth\train_047.jpg,F:\Work\VSCode\Projects\DATASET\dataset_defects\annotations\train_missing_tooth\train_047.xml
train_048,train,1,4,4,0,0,,F:\Work\VSCode\Projects\DATASET\dataset_defects\images\train_missing_tooth\train_048.jpg,F:\Work\VSCode\Projects\DATASET\dataset_defects\annotations\train_missing_tooth\train_048.xml
train_049,train,1,3,3,0,0,,F:\Work\VSCode\Projects\DATASET\dataset_defects\images\train_missing_tooth\train_049.jpg,F:\Work\VSCode\Projects\DATASET\dataset_defects\annotations\train_missing_tooth\train_049.xml
train_050,train,1,3,3,0,0,,F:\Work\VSCode\Projects\DATASET\dataset_defects\images\train_missing_tooth\train_050.jpg,F:\Work\VSCode\Projects\DATASET\dataset_defects\annotations\train_missing_tooth\train_050.xml
train_051,train,0,0,0,0,0,,F:\Work\VSCode\Projects\DATASET\dataset_defects\images\train_missing_tooth\train_051.jpg,
train_052,val,0,0,0,0,0,,F:\Work\VSCode\Projects\DATASET\dataset_defects\images\train_missing_tooth\train_052.jpg,
train_053,val,1,3,3,2,0,,F:\Work\VSCode\Projects\DATASET\dataset_defects\images\train_missing_tooth\train_053.jpg,F:\Work\VSCode\Projects\DATASET\dataset_defects\annotations\train_missing_tooth\train_053.xml
train_054,val,1,3,3,1,0,,F:\Work\VSCode\Projects\DATASET\dataset_defects\images\train_missing_tooth\train_054.jpg,F:\Work\VSCode\Projects\DATASET\dataset_defects\annotations\train_missing_tooth\train_054.xml
train_055,train,1,7,7,1,0,,F:\Work\VSCode\Projects\DATASET\dataset_defects\images\train_missing_tooth\train_055.jpg,F:\Work\VSCode\Projects\DATASET\dataset_defects\annotations\train_missing_tooth\train_055.xml
train_056,train,1,4,4,0,0,,F:\Work\VSCode\Projects\DATASET\dataset_defects\images\train_missing_tooth\train_056.jpg,F:\Work\VSCode\Projects\DATASET\dataset_defects\annotations\train_missing_tooth\train_056.xml
train_057,train,1,3,3,0,0,,F:\Work\VSCode\Projects\DATASET\dataset_defects\images\train_missing_tooth\train_057.jpg,F:\Work\VSCode\Projects\DATASET\dataset_defects\annotations\train_missing_tooth\train_057.xml
train_058,train,1,4,4,0,0,,F:\Work\VSCode\Projects\DATASET\dataset_defects\images\train_missing_tooth\train_058.jpg,F:\Work\VSCode\Projects\DATASET\dataset_defects\annotations\train_missing_tooth\train_058.xml
train_059,train,1,4,4,0,0,,F:\Work\VSCode\Projects\DATASET\dataset_defects\images\train_missing_tooth\train_059.jpg,F:\Work\VSCode\Projects\DATASET\dataset_defects\annotations\train_missing_tooth\train_059.xml
train_060,train,1,3,3,0,0,,F:\Work\VSCode\Projects\DATASET\dataset_defects\images\train_missing_tooth\train_060.jpg,F:\Work\VSCode\Projects\DATASET\dataset_defects\annotations\train_missing_tooth\train_060.xml
train_061,train,0,0,0,0,0,,F:\Work\VSCode\Projects\DATASET\dataset_defects\images\train_missing_tooth\train_061.jpg,
train_062,train,0,0,0,0,0,,F:\Work\VSCode\Projects\DATASET\dataset_defects\images\train_missing_tooth\train_062.jpg,
train_063,train,1,6,6,0,0,,F:\Work\VSCode\Projects\DATASET\dataset_defects\images\train_missing_tooth\train_063.jpg,F:\Work\VSCode\Projects\DATASET\dataset_defects\annotations\train_missing_tooth\train_063.xml
train_064,train,1,6,6,0,0,,F:\Work\VSCode\Projects\DATASET\dataset_defects\images\train_missing_tooth\train_064.jpg,F:\Work\VSCode\Projects\DATASET\dataset_defects\annotations\train_missing_tooth\train_064.xml
train_065,val,1,5,5,0,0,,F:\Work\VSCode\Projects\DATASET\dataset_defects\images\train_missing_tooth\train_065.jpg,F:\Work\VSCode\Projects\DATASET\dataset_defects\annotations\train_missing_tooth\train_065.xml
train_066,val,1,4,4,0,0,,F:\Work\VSCode\Projects\DATASET\dataset_defects\images\train_missing_tooth\train_066.jpg,F:\Work\VSCode\Projects\DATASET\dataset_defects\annotations\train_missing_tooth\train_066.xml
train_067,train,1,3,3,0,0,,F:\Work\VSCode\Projects\DATASET\dataset_defects\images\train_missing_tooth\train_067.jpg,F:\Work\VSCode\Projects\DATASET\dataset_defects\annotations\train_missing_tooth\train_067.xml
train_068,train,1,3,3,0,0,,F:\Work\VSCode\Projects\DATASET\dataset_defects\images\train_missing_tooth\train_068.jpg,F:\Work\VSCode\Projects\DATASET\dataset_defects\annotations\train_missing_tooth\train_068.xml
train_069,train,1,3,3,0,0,,F:\Work\VSCode\Projects\DATASET\dataset_defects\images\train_missing_tooth\train_069.jpg,F:\Work\VSCode\Projects\DATASET\dataset_defects\annotations\train_missing_tooth\train_069.xml
train_070,train,1,4,4,0,0,,F:\Work\VSCode\Projects\DATASET\dataset_defects\images\train_missing_tooth\train_070.jpg,F:\Work\VSCode\Projects\DATASET\dataset_defects\annotations\train_missing_tooth\train_070.xml
train_071,train,0,0,0,0,0,,F:\Work\VSCode\Projects\DATASET\dataset_defects\images\train_missing_tooth\train_071.jpg,
train_072,train,0,0,0,0,0,,F:\Work\VSCode\Projects\DATASET\dataset_defects\images\train_missing_tooth\train_072.jpg,
train_073,train,0,0,0,0,0,,F:\Work\VSCode\Projects\DATASET\dataset_defects\images\train_missing_tooth\train_073.jpg,
train_074,train,0,0,0,0,0,,F:\Work\VSCode\Projects\DATASET\dataset_defects\images\train_missing_tooth\train_074.jpg,
train_075,train,0,0,0,0,0,,F:\Work\VSCode\Projects\DATASET\dataset_defects\images\train_missing_tooth\train_075.jpg,
train_076,train,0,0,0,0,0,,F:\Work\VSCode\Projects\DATASET\dataset_defects\images\train_missing_tooth\train_076.jpg,
train_077,val,0,0,0,0,0,,F:\Work\VSCode\Projects\DATASET\dataset_defects\images\train_missing_tooth\train_077.jpg,
train_078,train,0,0,0,0,0,,F:\Work\VSCode\Projects\DATASET\dataset_defects\images\train_missing_tooth\train_078.jpg,
train_079,val,0,0,0,0,0,,F:\Work\VSCode\Projects\DATASET\dataset_defects\images\train_missing_tooth\train_079.jpg,
train_080,val,0,0,0,0,0,,F:\Work\VSCode\Projects\DATASET\dataset_defects\images\train_missing_tooth\train_080.jpg,
train_081,train,0,0,0,0,0,,F:\Work\VSCode\Projects\DATASET\dataset_defects\images\train_missing_tooth\train_081.jpg,
train_082,train,1,2,2,0,0,,F:\Work\VSCode\Projects\DATASET\dataset_defects\images\train_missing_tooth\train_082.jpg,F:\Work\VSCode\Projects\DATASET\dataset_defects\annotations\train_missing_tooth\train_082.xml
train_083,train,1,5,5,0,0,,F:\Work\VSCode\Projects\DATASET\dataset_defects\images\train_missing_tooth\train_083.jpg,F:\Work\VSCode\Projects\DATASET\dataset_defects\annotations\train_missing_tooth\train_083.xml
train_084,train,1,6,6,0,0,,F:\Work\VSCode\Projects\DATASET\dataset_defects\images\train_missing_tooth\train_084.jpg,F:\Work\VSCode\Projects\DATASET\dataset_defects\annotations\train_missing_tooth\train_084.xml
train_085,train,1,5,5,0,0,,F:\Work\VSCode\Projects\DATASET\dataset_defects\images\train_missing_tooth\train_085.jpg,F:\Work\VSCode\Projects\DATASET\dataset_defects\annotations\train_missing_tooth\train_085.xml
train_086,train,1,5,5,0,0,,F:\Work\VSCode\Projects\DATASET\dataset_defects\images\train_missing_tooth\train_086.jpg,F:\Work\VSCode\Projects\DATASET\dataset_defects\annotations\train_missing_tooth\train_086.xml
train_087,train,1,6,6,0,0,,F:\Work\VSCode\Projects\DATASET\dataset_defects\images\train_missing_tooth\train_087.jpg,F:\Work\VSCode\Projects\DATASET\dataset_defects\annotations\train_missing_tooth\train_087.xml
train_088,train,1,5,5,0,0,,F:\Work\VSCode\Projects\DATASET\dataset_defects\images\train_missing_tooth\train_088.jpg,F:\Work\VSCode\Projects\DATASET\dataset_defects\annotations\train_missing_tooth\train_088.xml
train_089,train,1,4,4,0,0,,F:\Work\VSCode\Projects\DATASET\dataset_defects\images\train_missing_tooth\train_089.jpg,F:\Work\VSCode\Projects\DATASET\dataset_defects\annotations\train_missing_tooth\train_089.xml
train_090,train,0,0,0,0,0,,F:\Work\VSCode\Projects\DATASET\dataset_defects\images\train_missing_tooth\train_090.jpg,
train_091,train,0,0,0,0,0,,F:\Work\VSCode\Projects\DATASET\dataset_defects\images\train_missing_tooth\train_091.jpg,
train_092,val,0,0,0,0,0,,F:\Work\VSCode\Projects\DATASET\dataset_defects\images\train_missing_tooth\train_092.jpg,
train_093,train,0,0,0,0,0,,F:\Work\VSCode\Projects\DATASET\dataset_defects\images\train_missing_tooth\train_093.jpg,
train_094,val,0,0,0,0,0,,F:\Work\VSCode\Projects\DATASET\dataset_defects\images\train_missing_tooth\train_094.jpg,
train_095,train,0,0,0,0,0,,F:\Work\VSCode\Projects\DATASET\dataset_defects\images\train_missing_tooth\train_095.jpg,
train_096,train,0,0,0,0,0,,F:\Work\VSCode\Projects\DATASET\dataset_defects\images\train_missing_tooth\train_096.jpg,
train_097,train,0,0,0,0,0,,F:\Work\VSCode\Projects\DATASET\dataset_defects\images\train_missing_tooth\train_097.jpg,
train_098,train,0,0,0,0,0,,F:\Work\VSCode\Projects\DATASET\dataset_defects\images\train_missing_tooth\train_098.jpg,
train_099,val,0,0,0,0,0,,F:\Work\VSCode\Projects\DATASET\dataset_defects\images\train_missing_tooth\train_099.jpg,
train_100,val,0,0,0,0,0,,F:\Work\VSCode\Projects\DATASET\dataset_defects\images\train_missing_tooth\train_100.jpg,
train_101,val,0,0,0,0,0,,F:\Work\VSCode\Projects\DATASET\dataset_defects\images\train_missing_tooth\train_101.jpg,
train_102,train,0,0,0,0,0,,F:\Work\VSCode\Projects\DATASET\dataset_defects\images\train_missing_tooth\train_102.jpg,
train_103,train,0,0,0,0,0,,F:\Work\VSCode\Projects\DATASET\dataset_defects\images\train_missing_tooth\train_103.jpg,
train_104,train,0,0,0,0,0,,F:\Work\VSCode\Projects\DATASET\dataset_defects\images\train_missing_tooth\train_104.jpg,
train_105,train,0,0,0,0,0,,F:\Work\VSCode\Projects\DATASET\dataset_defects\images\train_missing_tooth\train_105.jpg,
train_106,train,0,0,0,0,0,,F:\Work\VSCode\Projects\DATASET\dataset_defects\images\train_missing_tooth\train_106.jpg,
train_107,train,0,0,0,0,0,,F:\Work\VSCode\Projects\DATASET\dataset_defects\images\train_missing_tooth\train_107.jpg,
train_108,val,0,0,0,0,0,,F:\Work\VSCode\Projects\DATASET\dataset_defects\images\train_missing_tooth\train_108.jpg,
train_109,val,0,0,0,0,0,,F:\Work\VSCode\Projects\DATASET\dataset_defects\images\train_missing_tooth\train_109.jpg,
train_110,train,0,0,0,0,0,,F:\Work\VSCode\Projects\DATASET\dataset_defects\images\train_missing_tooth\train_110.jpg,
train_111,train,0,0,0,0,0,,F:\Work\VSCode\Projects\DATASET\dataset_defects\images\train_missing_tooth\train_111.jpg,
train_112,train,0,0,0,0,0,,F:\Work\VSCode\Projects\DATASET\dataset_defects\images\train_missing_tooth\train_112.jpg,
train_113,train,0,0,0,0,0,,F:\Work\VSCode\Projects\DATASET\dataset_defects\images\train_missing_tooth\train_113.jpg,
train_114,train,0,0,0,0,0,,F:\Work\VSCode\Projects\DATASET\dataset_defects\images\train_missing_tooth\train_114.jpg,
train_115,train,0,0,0,0,0,,F:\Work\VSCode\Projects\DATASET\dataset_defects\images\train_missing_tooth\train_115.jpg,
train_116,train,0,0,0,0,0,,F:\Work\VSCode\Projects\DATASET\dataset_defects\images\train_missing_tooth\train_116.jpg,
train_117,train,0,0,0,0,0,,F:\Work\VSCode\Projects\DATASET\dataset_defects\images\train_missing_tooth\train_117.jpg,
train_118,train,0,0,0,0,0,,F:\Work\VSCode\Projects\DATASET\dataset_defects\images\train_missing_tooth\train_118.jpg,
train_119,train,0,0,0,0,0,,F:\Work\VSCode\Projects\DATASET\dataset_defects\images\train_missing_tooth\train_119.jpg,
train_120,train,0,0,0,0,0,,F:\Work\VSCode\Projects\DATASET\dataset_defects\images\train_missing_tooth\train_120.jpg,
train_121,train,0,0,0,0,0,,F:\Work\VSCode\Projects\DATASET\dataset_defects\images\train_missing_tooth\train_121.jpg,
train_122,train,0,0,0,0,0,,F:\Work\VSCode\Projects\DATASET\dataset_defects\images\train_missing_tooth\train_122.jpg,
train_123,val,1,3,3,0,0,,F:\Work\VSCode\Projects\DATASET\dataset_defects\images\train_missing_tooth\train_123.jpg,F:\Work\VSCode\Projects\DATASET\dataset_defects\annotations\train_missing_tooth\train_123.xml
train_124,val,0,0,0,0,0,,F:\Work\VSCode\Projects\DATASET\dataset_defects\images\train_missing_tooth\train_124.jpg,
train_125,val,0,0,0,0,0,,F:\Work\VSCode\Projects\DATASET\dataset_defects\images\train_missing_tooth\train_125.jpg,
train_126,val,1,1,1,0,0,,F:\Work\VSCode\Projects\DATASET\dataset_defects\images\train_missing_tooth\train_126.jpg,F:\Work\VSCode\Projects\DATASET\dataset_defects\annotations\train_missing_tooth\train_126.xml
train_127,val,1,2,2,0,0,,F:\Work\VSCode\Projects\DATASET\dataset_defects\images\train_missing_tooth\train_127.jpg,F:\Work\VSCode\Projects\DATASET\dataset_defects\annotations\train_missing_tooth\train_127.xml
train_128,train,1,3,3,0,0,,F:\Work\VSCode\Projects\DATASET\dataset_defects\images\train_missing_tooth\train_128.jpg,F:\Work\VSCode\Projects\DATASET\dataset_defects\annotations\train_missing_tooth\train_128.xml
train_129,train,1,3,3,0,0,,F:\Work\VSCode\Projects\DATASET\dataset_defects\images\train_missing_tooth\train_129.jpg,F:\Work\VSCode\Projects\DATASET\dataset_defects\annotations\train_missing_tooth\train_129.xml
train_130,train,1,3,3,0,0,,F:\Work\VSCode\Projects\DATASET\dataset_defects\images\train_missing_tooth\train_130.jpg,F:\Work\VSCode\Projects\DATASET\dataset_defects\annotations\train_missing_tooth\train_130.xml
train_131,train,0,0,0,0,0,,F:\Work\VSCode\Projects\DATASET\dataset_defects\images\train_missing_tooth\train_131.jpg,
train_132,train,0,0,0,0,0,,F:\Work\VSCode\Projects\DATASET\dataset_defects\images\train_missing_tooth\train_132.jpg,
train_133,train,0,0,0,0,0,,F:\Work\VSCode\Projects\DATASET\dataset_defects\images\train_missing_tooth\train_133.jpg,
train_134,train,1,3,3,0,0,,F:\Work\VSCode\Projects\DATASET\dataset_defects\images\train_missing_tooth\train_134.jpg,F:\Work\VSCode\Projects\DATASET\dataset_defects\annotations\train_missing_tooth\train_134.xml
train_135,train,1,2,2,1,0,,F:\Work\VSCode\Projects\DATASET\dataset_defects\images\train_missing_tooth\train_135.jpg,F:\Work\VSCode\Projects\DATASET\dataset_defects\annotations\train_missing_tooth\train_135.xml
train_136,train,0,0,0,0,0,,F:\Work\VSCode\Projects\DATASET\dataset_defects\images\train_missing_tooth\train_136.jpg,
train_137,train,1,2,2,1,0,,F:\Work\VSCode\Projects\DATASET\dataset_defects\images\train_missing_tooth\train_137.jpg,F:\Work\VSCode\Projects\DATASET\dataset_defects\annotations\train_missing_tooth\train_137.xml
train_138,train,1,2,2,0,0,,F:\Work\VSCode\Projects\DATASET\dataset_defects\images\train_missing_tooth\train_138.jpg,F:\Work\VSCode\Projects\DATASET\dataset_defects\annotations\train_missing_tooth\train_138.xml
train_139,train,1,3,3,0,0,,F:\Work\VSCode\Projects\DATASET\dataset_defects\images\train_missing_tooth\train_139.jpg,F:\Work\VSCode\Projects\DATASET\dataset_defects\annotations\train_missing_tooth\train_139.xml
train_140,train,1,1,1,0,0,,F:\Work\VSCode\Projects\DATASET\dataset_defects\images\train_missing_tooth\train_140.jpg,F:\Work\VSCode\Projects\DATASET\dataset_defects\annotations\train_missing_tooth\train_140.xml
train_141,val,0,0,0,0,0,,F:\Work\VSCode\Projects\DATASET\dataset_defects\images\train_missing_tooth\train_141.jpg,
train_142,train,0,0,0,0,0,,F:\Work\VSCode\Projects\DATASET\dataset_defects\images\train_missing_tooth\train_142.jpg,
train_143,train,1,3,3,0,0,,F:\Work\VSCode\Projects\DATASET\dataset_defects\images\train_missing_tooth\train_143.jpg,F:\Work\VSCode\Projects\DATASET\dataset_defects\annotations\train_missing_tooth\train_143.xml
train_144,train,1,4,4,0,0,,F:\Work\VSCode\Projects\DATASET\dataset_defects\images\train_missing_tooth\train_144.jpg,F:\Work\VSCode\Projects\DATASET\dataset_defects\annotations\train_missing_tooth\train_144.xml
train_145,train,1,4,4,0,0,,F:\Work\VSCode\Projects\DATASET\dataset_defects\images\train_missing_tooth\train_145.jpg,F:\Work\VSCode\Projects\DATASET\dataset_defects\annotations\train_missing_tooth\train_145.xml
train_146,train,1,3,3,0,0,,F:\Work\VSCode\Projects\DATASET\dataset_defects\images\train_missing_tooth\train_146.jpg,F:\Work\VSCode\Projects\DATASET\dataset_defects\annotations\train_missing_tooth\train_146.xml
train_147,train,1,3,3,1,0,,F:\Work\VSCode\Projects\DATASET\dataset_defects\images\train_missing_tooth\train_147.jpg,F:\Work\VSCode\Projects\DATASET\dataset_defects\annotations\train_missing_tooth\train_147.xml
train_148,train,1,3,3,0,0,,F:\Work\VSCode\Projects\DATASET\dataset_defects\images\train_missing_tooth\train_148.jpg,F:\Work\VSCode\Projects\DATASET\dataset_defects\annotations\train_missing_tooth\train_148.xml
train_149,val,1,3,3,0,0,,F:\Work\VSCode\Projects\DATASET\dataset_defects\images\train_missing_tooth\train_149.jpg,F:\Work\VSCode\Projects\DATASET\dataset_defects\annotations\train_missing_tooth\train_149.xml
train_150,train,1,4,4,0,0,,F:\Work\VSCode\Projects\DATASET\dataset_defects\images\train_missing_tooth\train_150.jpg,F:\Work\VSCode\Projects\DATASET\dataset_defects\annotations\train_missing_tooth\train_150.xml
train_151,train,0,0,0,0,0,,F:\Work\VSCode\Projects\DATASET\dataset_defects\images\train_missing_tooth\train_151.jpg,
train_152,train,0,0,0,0,0,,F:\Work\VSCode\Projects\DATASET\dataset_defects\images\train_missing_tooth\train_152.jpg,
train_153,train,0,0,0,0,0,,F:\Work\VSCode\Projects\DATASET\dataset_defects\images\train_missing_tooth\train_153.jpg,
train_154,train,0,0,0,0,0,,F:\Work\VSCode\Projects\DATASET\dataset_defects\images\train_missing_tooth\train_154.jpg,
train_155,val,0,0,0,0,0,,F:\Work\VSCode\Projects\DATASET\dataset_defects\images\train_missing_tooth\train_155.jpg,
train_156,train,0,0,0,0,0,,F:\Work\VSCode\Projects\DATASET\dataset_defects\images\train_missing_tooth\train_156.jpg,
train_157,train,0,0,0,0,0,,F:\Work\VSCode\Projects\DATASET\dataset_defects\images\train_missing_tooth\train_157.jpg,
train_158,train,0,0,0,0,0,,F:\Work\VSCode\Projects\DATASET\dataset_defects\images\train_missing_tooth\train_158.jpg,
train_159,train,0,0,0,0,0,,F:\Work\VSCode\Projects\DATASET\dataset_defects\images\train_missing_tooth\train_159.jpg,
train_160,val,0,0,0,0,0,,F:\Work\VSCode\Projects\DATASET\dataset_defects\images\train_missing_tooth\train_160.jpg,
train_161,train,0,0,0,0,0,,F:\Work\VSCode\Projects\DATASET\dataset_defects\images\train_missing_tooth\train_161.jpg,
train_162,train,0,0,0,0,0,,F:\Work\VSCode\Projects\DATASET\dataset_defects\images\train_missing_tooth\train_162.jpg,
train_163,train,1,2,2,1,0,,F:\Work\VSCode\Projects\DATASET\dataset_defects\images\train_missing_tooth\train_163.jpg,F:\Work\VSCode\Projects\DATASET\dataset_defects\annotations\train_missing_tooth\train_163.xml
train_164,train,0,0,0,0,0,,F:\Work\VSCode\Projects\DATASET\dataset_defects\images\train_missing_tooth\train_164.jpg,
train_165,train,1,2,2,1,0,,F:\Work\VSCode\Projects\DATASET\dataset_defects\images\train_missing_tooth\train_165.jpg,F:\Work\VSCode\Projects\DATASET\dataset_defects\annotations\train_missing_tooth\train_165.xml
train_166,train,1,1,1,0,0,,F:\Work\VSCode\Projects\DATASET\dataset_defects\images\train_missing_tooth\train_166.jpg,F:\Work\VSCode\Projects\DATASET\dataset_defects\annotations\train_missing_tooth\train_166.xml
train_167,train,1,2,2,0,0,,F:\Work\VSCode\Projects\DATASET\dataset_defects\images\train_missing_tooth\train_167.jpg,F:\Work\VSCode\Projects\DATASET\dataset_defects\annotations\train_missing_tooth\train_167.xml
train_168,val,1,5,5,0,0,,F:\Work\VSCode\Projects\DATASET\dataset_defects\images\train_missing_tooth\train_168.jpg,F:\Work\VSCode\Projects\DATASET\dataset_defects\annotations\train_missing_tooth\train_168.xml
train_169,val,1,5,5,0,0,,F:\Work\VSCode\Projects\DATASET\dataset_defects\images\train_missing_tooth\train_169.jpg,F:\Work\VSCode\Projects\DATASET\dataset_defects\annotations\train_missing_tooth\train_169.xml
train_170,val,1,3,3,0,0,,F:\Work\VSCode\Projects\DATASET\dataset_defects\images\train_missing_tooth\train_170.jpg,F:\Work\VSCode\Projects\DATASET\dataset_defects\annotations\train_missing_tooth\train_170.xml
train_171,train,0,0,0,0,0,,F:\Work\VSCode\Projects\DATASET\dataset_defects\images\train_missing_tooth\train_171.jpg,
train_172,train,0,0,0,0,0,,F:\Work\VSCode\Projects\DATASET\dataset_defects\images\train_missing_tooth\train_172.jpg,
train_173,train,0,0,0,0,0,,F:\Work\VSCode\Projects\DATASET\dataset_defects\images\train_missing_tooth\train_173.jpg,
train_174,train,0,0,0,0,0,,F:\Work\VSCode\Projects\DATASET\dataset_defects\images\train_missing_tooth\train_174.jpg,
train_175,train,0,0,0,0,0,,F:\Work\VSCode\Projects\DATASET\dataset_defects\images\train_missing_tooth\train_175.jpg,
train_176,train,0,0,0,0,0,,F:\Work\VSCode\Projects\DATASET\dataset_defects\images\train_missing_tooth\train_176.jpg,
train_177,train,0,0,0,0,0,,F:\Work\VSCode\Projects\DATASET\dataset_defects\images\train_missing_tooth\train_177.jpg,
train_178,train,0,0,0,0,0,,F:\Work\VSCode\Projects\DATASET\dataset_defects\images\train_missing_tooth\train_178.jpg,
train_179,train,0,0,0,0,0,,F:\Work\VSCode\Projects\DATASET\dataset_defects\images\train_missing_tooth\train_179.jpg,
train_180,train,0,0,0,0,0,,F:\Work\VSCode\Projects\DATASET\dataset_defects\images\train_missing_tooth\train_180.jpg,
train_181,val,0,0,0,0,0,,F:\Work\VSCode\Projects\DATASET\dataset_defects\images\train_missing_tooth\train_181.jpg,
train_182,train,0,0,0,0,0,,F:\Work\VSCode\Projects\DATASET\dataset_defects\images\train_missing_tooth\train_182.jpg,
train_183,val,0,0,0,0,0,,F:\Work\VSCode\Projects\DATASET\dataset_defects\images\train_missing_tooth\train_183.jpg,
train_184,train,1,4,4,0,0,,F:\Work\VSCode\Projects\DATASET\dataset_defects\images\train_missing_tooth\train_184.jpg,F:\Work\VSCode\Projects\DATASET\dataset_defects\annotations\train_missing_tooth\train_184.xml
train_185,train,1,3,3,0,0,,F:\Work\VSCode\Projects\DATASET\dataset_defects\images\train_missing_tooth\train_185.jpg,F:\Work\VSCode\Projects\DATASET\dataset_defects\annotations\train_missing_tooth\train_185.xml
train_186,train,1,3,3,0,0,,F:\Work\VSCode\Projects\DATASET\dataset_defects\images\train_missing_tooth\train_186.jpg,F:\Work\VSCode\Projects\DATASET\dataset_defects\annotations\train_missing_tooth\train_186.xml
train_187,train,1,3,3,0,0,,F:\Work\VSCode\Projects\DATASET\dataset_defects\images\train_missing_tooth\train_187.jpg,F:\Work\VSCode\Projects\DATASET\dataset_defects\annotations\train_missing_tooth\train_187.xml
train_188,val,1,2,2,0,0,,F:\Work\VSCode\Projects\DATASET\dataset_defects\images\train_missing_tooth\train_188.jpg,F:\Work\VSCode\Projects\DATASET\dataset_defects\annotations\train_missing_tooth\train_188.xml
train_189,train,1,3,3,0,0,,F:\Work\VSCode\Projects\DATASET\dataset_defects\images\train_missing_tooth\train_189.jpg,F:\Work\VSCode\Projects\DATASET\dataset_defects\annotations\train_missing_tooth\train_189.xml
train_190,train,1,4,4,0,0,,F:\Work\VSCode\Projects\DATASET\dataset_defects\images\train_missing_tooth\train_190.jpg,F:\Work\VSCode\Projects\DATASET\dataset_defects\annotations\train_missing_tooth\train_190.xml
train_191,val,0,0,0,0,0,,F:\Work\VSCode\Projects\DATASET\dataset_defects\images\train_missing_tooth\train_191.jpg,
train_192,train,0,0,0,0,0,,F:\Work\VSCode\Projects\DATASET\dataset_defects\images\train_missing_tooth\train_192.jpg,
train_193,train,1,4,4,0,0,,F:\Work\VSCode\Projects\DATASET\dataset_defects\images\train_missing_tooth\train_193.jpg,F:\Work\VSCode\Projects\DATASET\dataset_defects\annotations\train_missing_tooth\train_193.xml
train_194,train,1,3,3,0,0,,F:\Work\VSCode\Projects\DATASET\dataset_defects\images\train_missing_tooth\train_194.jpg,F:\Work\VSCode\Projects\DATASET\dataset_defects\annotations\train_missing_tooth\train_194.xml
train_195,train,1,2,2,0,0,,F:\Work\VSCode\Projects\DATASET\dataset_defects\images\train_missing_tooth\train_195.jpg,F:\Work\VSCode\Projects\DATASET\dataset_defects\annotations\train_missing_tooth\train_195.xml
train_196,train,1,4,4,0,0,,F:\Work\VSCode\Projects\DATASET\dataset_defects\images\train_missing_tooth\train_196.jpg,F:\Work\VSCode\Projects\DATASET\dataset_defects\annotations\train_missing_tooth\train_196.xml
train_197,train,1,4,4,0,0,,F:\Work\VSCode\Projects\DATASET\dataset_defects\images\train_missing_tooth\train_197.jpg,F:\Work\VSCode\Projects\DATASET\dataset_defects\annotations\train_missing_tooth\train_197.xml
train_198,train,1,5,5,0,0,,F:\Work\VSCode\Projects\DATASET\dataset_defects\images\train_missing_tooth\train_198.jpg,F:\Work\VSCode\Projects\DATASET\dataset_defects\annotations\train_missing_tooth\train_198.xml
train_199,train,1,6,6,0,0,,F:\Work\VSCode\Projects\DATASET\dataset_defects\images\train_missing_tooth\train_199.jpg,F:\Work\VSCode\Projects\DATASET\dataset_defects\annotations\train_missing_tooth\train_199.xml
train_200,val,1,5,5,0,0,,F:\Work\VSCode\Projects\DATASET\dataset_defects\images\train_missing_tooth\train_200.jpg,F:\Work\VSCode\Projects\DATASET\dataset_defects\annotations\train_missing_tooth\train_200.xml
train_201,train,1,5,5,0,0,,F:\Work\VSCode\Projects\DATASET\dataset_defects\images\train_missing_tooth\train_201.jpg,F:\Work\VSCode\Projects\DATASET\dataset_defects\annotations\train_missing_tooth\train_201.xml
train_202,val,0,0,0,0,0,,F:\Work\VSCode\Projects\DATASET\dataset_defects\images\train_missing_tooth\train_202.jpg,
train_203,train,0,0,0,0,0,,F:\Work\VSCode\Projects\DATASET\dataset_defects\images\train_missing_tooth\train_203.jpg,
train_204,train,0,0,0,0,0,,F:\Work\VSCode\Projects\DATASET\dataset_defects\images\train_missing_tooth\train_204.jpg,
train_205,train,0,0,0,0,0,,F:\Work\VSCode\Projects\DATASET\dataset_defects\images\train_missing_tooth\train_205.jpg,
train_206,train,0,0,0,0,0,,F:\Work\VSCode\Projects\DATASET\dataset_defects\images\train_missing_tooth\train_206.jpg,
train_207,train,0,0,0,0,0,,F:\Work\VSCode\Projects\DATASET\dataset_defects\images\train_missing_tooth\train_207.jpg,
train_208,train,0,0,0,0,0,,F:\Work\VSCode\Projects\DATASET\dataset_defects\images\train_missing_tooth\train_208.jpg,
train_209,train,0,0,0,0,0,,F:\Work\VSCode\Projects\DATASET\dataset_defects\images\train_missing_tooth\train_209.jpg,
train_210,val,0,0,0,0,0,,F:\Work\VSCode\Projects\DATASET\dataset_defects\images\train_missing_tooth\train_210.jpg,
train_211,val,0,0,0,0,0,,F:\Work\VSCode\Projects\DATASET\dataset_defects\images\train_missing_tooth\train_211.jpg,
train_212,train,0,0,0,0,0,,F:\Work\VSCode\Projects\DATASET\dataset_defects\images\train_missing_tooth\train_212.jpg,
train_213,val,0,0,0,0,0,,F:\Work\VSCode\Projects\DATASET\dataset_defects\images\train_missing_tooth\train_213.jpg,
train_214,train,0,0,0,0,0,,F:\Work\VSCode\Projects\DATASET\dataset_defects\images\train_missing_tooth\train_214.jpg,
train_215,train,0,0,0,0,0,,F:\Work\VSCode\Projects\DATASET\dataset_defects\images\train_missing_tooth\train_215.jpg,
train_216,train,0,0,0,0,0,,F:\Work\VSCode\Projects\DATASET\dataset_defects\images\train_missing_tooth\train_216.jpg,
train_217,train,0,0,0,0,0,,F:\Work\VSCode\Projects\DATASET\dataset_defects\images\train_missing_tooth\train_217.jpg,
train_218,train,0,0,0,0,0,,F:\Work\VSCode\Projects\DATASET\dataset_defects\images\train_missing_tooth\train_218.jpg,
train_219,val,0,0,0,0,0,,F:\Work\VSCode\Projects\DATASET\dataset_defects\images\train_missing_tooth\train_219.jpg,
train_220,train,0,0,0,0,0,,F:\Work\VSCode\Projects\DATASET\dataset_defects\images\train_missing_tooth\train_220.jpg,
train_221,val,0,0,0,0,0,,F:\Work\VSCode\Projects\DATASET\dataset_defects\images\train_missing_tooth\train_221.jpg,
train_222,train,0,0,0,0,0,,F:\Work\VSCode\Projects\DATASET\dataset_defects\images\train_missing_tooth\train_222.jpg,
train_223,train,0,0,0,0,0,,F:\Work\VSCode\Projects\DATASET\dataset_defects\images\train_missing_tooth\train_223.jpg,
train_224,train,0,0,0,0,0,,F:\Work\VSCode\Projects\DATASET\dataset_defects\images\train_missing_tooth\train_224.jpg,
train_225,train,1,3,3,0,0,,F:\Work\VSCode\Projects\DATASET\dataset_defects\images\train_missing_tooth\train_225.jpg,F:\Work\VSCode\Projects\DATASET\dataset_defects\annotations\train_missing_tooth\train_225.xml
train_226,train,1,6,6,0,0,,F:\Work\VSCode\Projects\DATASET\dataset_defects\images\train_missing_tooth\train_226.jpg,F:\Work\VSCode\Projects\DATASET\dataset_defects\annotations\train_missing_tooth\train_226.xml
train_227,train,1,7,7,0,0,,F:\Work\VSCode\Projects\DATASET\dataset_defects\images\train_missing_tooth\train_227.jpg,F:\Work\VSCode\Projects\DATASET\dataset_defects\annotations\train_missing_tooth\train_227.xml
train_228,train,1,4,4,0,0,,F:\Work\VSCode\Projects\DATASET\dataset_defects\images\train_missing_tooth\train_228.jpg,F:\Work\VSCode\Projects\DATASET\dataset_defects\annotations\train_missing_tooth\train_228.xml
train_229,train,1,3,3,0,0,,F:\Work\VSCode\Projects\DATASET\dataset_defects\images\train_missing_tooth\train_229.jpg,F:\Work\VSCode\Projects\DATASET\dataset_defects\annotations\train_missing_tooth\train_229.xml
train_230,train,1,1,1,0,0,,F:\Work\VSCode\Projects\DATASET\dataset_defects\images\train_missing_tooth\train_230.jpg,F:\Work\VSCode\Projects\DATASET\dataset_defects\annotations\train_missing_tooth\train_230.xml
train_231,val,1,1,1,0,0,,F:\Work\VSCode\Projects\DATASET\dataset_defects\images\train_missing_tooth\train_231.jpg,F:\Work\VSCode\Projects\DATASET\dataset_defects\annotations\train_missing_tooth\train_231.xml
train_232,val,0,0,0,0,0,,F:\Work\VSCode\Projects\DATASET\dataset_defects\images\train_missing_tooth\train_232.jpg,
train_233,val,0,0,0,0,0,,F:\Work\VSCode\Projects\DATASET\dataset_defects\images\train_missing_tooth\train_233.jpg,
train_234,train,0,0,0,0,0,,F:\Work\VSCode\Projects\DATASET\dataset_defects\images\train_missing_tooth\train_234.jpg,
train_235,train,1,4,4,0,0,,F:\Work\VSCode\Projects\DATASET\dataset_defects\images\train_missing_tooth\train_235.jpg,F:\Work\VSCode\Projects\DATASET\dataset_defects\annotations\train_missing_tooth\train_235.xml
train_236,train,1,3,3,0,0,,F:\Work\VSCode\Projects\DATASET\dataset_defects\images\train_missing_tooth\train_236.jpg,F:\Work\VSCode\Projects\DATASET\dataset_defects\annotations\train_missing_tooth\train_236.xml
train_237,train,1,2,2,0,0,,F:\Work\VSCode\Projects\DATASET\dataset_defects\images\train_missing_tooth\train_237.jpg,F:\Work\VSCode\Projects\DATASET\dataset_defects\annotations\train_missing_tooth\train_237.xml
train_238,train,1,1,1,0,0,,F:\Work\VSCode\Projects\DATASET\dataset_defects\images\train_missing_tooth\train_238.jpg,F:\Work\VSCode\Projects\DATASET\dataset_defects\annotations\train_missing_tooth\train_238.xml
train_239,val,1,2,2,0,0,,F:\Work\VSCode\Projects\DATASET\dataset_defects\images\train_missing_tooth\train_239.jpg,F:\Work\VSCode\Projects\DATASET\dataset_defects\annotations\train_missing_tooth\train_239.xml
train_240,val,1,2,2,0,0,,F:\Work\VSCode\Projects\DATASET\dataset_defects\images\train_missing_tooth\train_240.jpg,F:\Work\VSCode\Projects\DATASET\dataset_defects\annotations\train_missing_tooth\train_240.xml
train_241,val,1,1,1,0,0,,F:\Work\VSCode\Projects\DATASET\dataset_defects\images\train_missing_tooth\train_241.jpg,F:\Work\VSCode\Projects\DATASET\dataset_defects\annotations\train_missing_tooth\train_241.xml
train_242,train,0,0,0,0,0,,F:\Work\VSCode\Projects\DATASET\dataset_defects\images\train_missing_tooth\train_242.jpg,
train_243,val,0,0,0,0,0,,F:\Work\VSCode\Projects\DATASET\dataset_defects\images\train_missing_tooth\train_243.jpg,
train_244,train,0,0,0,0,0,,F:\Work\VSCode\Projects\DATASET\dataset_defects\images\train_missing_tooth\train_244.jpg,
train_245,train,0,0,0,0,0,,F:\Work\VSCode\Projects\DATASET\dataset_defects\images\train_missing_tooth\train_245.jpg,
train_246,train,0,0,0,0,0,,F:\Work\VSCode\Projects\DATASET\dataset_defects\images\train_missing_tooth\train_246.jpg,
train_247,train,1,2,2,2,0,,F:\Work\VSCode\Projects\DATASET\dataset_defects\images\train_missing_tooth\train_247.jpg,F:\Work\VSCode\Projects\DATASET\dataset_defects\annotations\train_missing_tooth\train_247.xml
train_248,train,1,5,5,0,0,,F:\Work\VSCode\Projects\DATASET\dataset_defects\images\train_missing_tooth\train_248.jpg,F:\Work\VSCode\Projects\DATASET\dataset_defects\annotations\train_missing_tooth\train_248.xml
train_249,val,1,5,5,0,0,,F:\Work\VSCode\Projects\DATASET\dataset_defects\images\train_missing_tooth\train_249.jpg,F:\Work\VSCode\Projects\DATASET\dataset_defects\annotations\train_missing_tooth\train_249.xml
train_250,val,1,3,3,0,0,,F:\Work\VSCode\Projects\DATASET\dataset_defects\images\train_missing_tooth\train_250.jpg,F:\Work\VSCode\Projects\DATASET\dataset_defects\annotations\train_missing_tooth\train_250.xml
train_251,train,1,2,2,1,0,,F:\Work\VSCode\Projects\DATASET\dataset_defects\images\train_missing_tooth\train_251.jpg,F:\Work\VSCode\Projects\DATASET\dataset_defects\annotations\train_missing_tooth\train_251.xml
train_252,train,0,0,0,0,0,,F:\Work\VSCode\Projects\DATASET\dataset_defects\images\train_missing_tooth\train_252.jpg,
train_253,train,0,0,0,0,0,,F:\Work\VSCode\Projects\DATASET\dataset_defects\images\train_missing_tooth\train_253.jpg,
train_254,train,1,4,4,0,0,,F:\Work\VSCode\Projects\DATASET\dataset_defects\images\train_missing_tooth\train_254.jpg,F:\Work\VSCode\Projects\DATASET\dataset_defects\annotations\train_missing_tooth\train_254.xml
train_255,train,1,5,5,0,0,,F:\Work\VSCode\Projects\DATASET\dataset_defects\images\train_missing_tooth\train_255.jpg,F:\Work\VSCode\Projects\DATASET\dataset_defects\annotations\train_missing_tooth\train_255.xml
train_256,train,1,2,2,1,0,,F:\Work\VSCode\Projects\DATASET\dataset_defects\images\train_missing_tooth\train_256.jpg,F:\Work\VSCode\Projects\DATASET\dataset_defects\annotations\train_missing_tooth\train_256.xml
train_257,train,1,3,3,0,0,,F:\Work\VSCode\Projects\DATASET\dataset_defects\images\train_missing_tooth\train_257.jpg,F:\Work\VSCode\Projects\DATASET\dataset_defects\annotations\train_missing_tooth\train_257.xml
train_258,train,1,4,4,0,0,,F:\Work\VSCode\Projects\DATASET\dataset_defects\images\train_missing_tooth\train_258.jpg,F:\Work\VSCode\Projects\DATASET\dataset_defects\annotations\train_missing_tooth\train_258.xml
train_259,val,1,4,4,0,0,,F:\Work\VSCode\Projects\DATASET\dataset_defects\images\train_missing_tooth\train_259.jpg,F:\Work\VSCode\Projects\DATASET\dataset_defects\annotations\train_missing_tooth\train_259.xml
train_260,train,1,3,3,0,0,,F:\Work\VSCode\Projects\DATASET\dataset_defects\images\train_missing_tooth\train_260.jpg,F:\Work\VSCode\Projects\DATASET\dataset_defects\annotations\train_missing_tooth\train_260.xml
train_261,val,1,3,3,0,0,,F:\Work\VSCode\Projects\DATASET\dataset_defects\images\train_missing_tooth\train_261.jpg,F:\Work\VSCode\Projects\DATASET\dataset_defects\annotations\train_missing_tooth\train_261.xml
train_262,train,0,0,0,0,0,,F:\Work\VSCode\Projects\DATASET\dataset_defects\images\train_missing_tooth\train_262.jpg,
train_263,train,0,0,0,0,0,,F:\Work\VSCode\Projects\DATASET\dataset_defects\images\train_missing_tooth\train_263.jpg,
train_264,train,0,0,0,0,0,,F:\Work\VSCode\Projects\DATASET\dataset_defects\images\train_missing_tooth\train_264.jpg,
train_265,train,0,0,0,0,0,,F:\Work\VSCode\Projects\DATASET\dataset_defects\images\train_missing_tooth\train_265.jpg,
train_266,train,0,0,0,0,0,,F:\Work\VSCode\Projects\DATASET\dataset_defects\images\train_missing_tooth\train_266.jpg,
train_267,train,0,0,0,0,0,,F:\Work\VSCode\Projects\DATASET\dataset_defects\images\train_missing_tooth\train_267.jpg,
train_268,train,0,0,0,0,0,,F:\Work\VSCode\Projects\DATASET\dataset_defects\images\train_missing_tooth\train_268.jpg,
train_269,train,0,0,0,0,0,,F:\Work\VSCode\Projects\DATASET\dataset_defects\images\train_missing_tooth\train_269.jpg,
train_270,train,0,0,0,0,0,,F:\Work\VSCode\Projects\DATASET\dataset_defects\images\train_missing_tooth\train_270.jpg,
train_271,train,0,0,0,0,0,,F:\Work\VSCode\Projects\DATASET\dataset_defects\images\train_missing_tooth\train_271.jpg,
train_272,val,0,0,0,0,0,,F:\Work\VSCode\Projects\DATASET\dataset_defects\images\train_missing_tooth\train_272.jpg,
train_273,train,0,0,0,0,0,,F:\Work\VSCode\Projects\DATASET\dataset_defects\images\train_missing_tooth\train_273.jpg,
train_274,train,0,0,0,0,0,,F:\Work\VSCode\Projects\DATASET\dataset_defects\images\train_missing_tooth\train_274.jpg,
train_275,train,0,0,0,0,0,,F:\Work\VSCode\Projects\DATASET\dataset_defects\images\train_missing_tooth\train_275.jpg,
train_276,train,0,0,0,0,0,,F:\Work\VSCode\Projects\DATASET\dataset_defects\images\train_missing_tooth\train_276.jpg,
train_277,train,0,0,0,0,0,,F:\Work\VSCode\Projects\DATASET\dataset_defects\images\train_missing_tooth\train_277.jpg,
train_278,val,0,0,0,0,0,,F:\Work\VSCode\Projects\DATASET\dataset_defects\images\train_missing_tooth\train_278.jpg,
train_279,train,0,0,0,0,0,,F:\Work\VSCode\Projects\DATASET\dataset_defects\images\train_missing_tooth\train_279.jpg,
train_280,train,0,0,0,0,0,,F:\Work\VSCode\Projects\DATASET\dataset_defects\images\train_missing_tooth\train_280.jpg,
train_281,train,0,0,0,0,0,,F:\Work\VSCode\Projects\DATASET\dataset_defects\images\train_missing_tooth\train_281.jpg,
train_282,train,0,0,0,0,0,,F:\Work\VSCode\Projects\DATASET\dataset_defects\images\train_missing_tooth\train_282.jpg,
train_283,train,0,0,0,0,0,,F:\Work\VSCode\Projects\DATASET\dataset_defects\images\train_missing_tooth\train_283.jpg,
train_284,train,0,0,0,0,0,,F:\Work\VSCode\Projects\DATASET\dataset_defects\images\train_missing_tooth\train_284.jpg,
train_285,train,0,0,0,0,0,,F:\Work\VSCode\Projects\DATASET\dataset_defects\images\train_missing_tooth\train_285.jpg,
train_286,train,0,0,0,0,0,,F:\Work\VSCode\Projects\DATASET\dataset_defects\images\train_missing_tooth\train_286.jpg,
train_287,train,0,0,0,0,0,,F:\Work\VSCode\Projects\DATASET\dataset_defects\images\train_missing_tooth\train_287.jpg,
train_288,val,0,0,0,0,0,,F:\Work\VSCode\Projects\DATASET\dataset_defects\images\train_missing_tooth\train_288.jpg,
train_289,val,0,0,0,0,0,,F:\Work\VSCode\Projects\DATASET\dataset_defects\images\train_missing_tooth\train_289.jpg,
train_290,val,0,0,0,0,0,,F:\Work\VSCode\Projects\DATASET\dataset_defects\images\train_missing_tooth\train_290.jpg,
train_291,train,0,0,0,0,0,,F:\Work\VSCode\Projects\DATASET\dataset_defects\images\train_missing_tooth\train_291.jpg,
train_292,train,0,0,0,0,0,,F:\Work\VSCode\Projects\DATASET\dataset_defects\images\train_missing_tooth\train_292.jpg,
train_293,train,1,2,2,0,0,,F:\Work\VSCode\Projects\DATASET\dataset_defects\images\train_missing_tooth\train_293.jpg,F:\Work\VSCode\Projects\DATASET\dataset_defects\annotations\train_missing_tooth\train_293.xml
train_294,train,1,2,2,0,0,,F:\Work\VSCode\Projects\DATASET\dataset_defects\images\train_missing_tooth\train_294.jpg,F:\Work\VSCode\Projects\DATASET\dataset_defects\annotations\train_missing_tooth\train_294.xml
train_295,train,1,3,3,0,0,,F:\Work\VSCode\Projects\DATASET\dataset_defects\images\train_missing_tooth\train_295.jpg,F:\Work\VSCode\Projects\DATASET\dataset_defects\annotations\train_missing_tooth\train_295.xml
train_296,train,1,4,4,0,0,,F:\Work\VSCode\Projects\DATASET\dataset_defects\images\train_missing_tooth\train_296.jpg,F:\Work\VSCode\Projects\DATASET\dataset_defects\annotations\train_missing_tooth\train_296.xml
train_297,val,1,2,2,0,0,,F:\Work\VSCode\Projects\DATASET\dataset_defects\images\train_missing_tooth\train_297.jpg,F:\Work\VSCode\Projects\DATASET\dataset_defects\annotations\train_missing_tooth\train_297.xml
train_298,train,1,3,3,0,0,,F:\Work\VSCode\Projects\DATASET\dataset_defects\images\train_missing_tooth\train_298.jpg,F:\Work\VSCode\Projects\DATASET\dataset_defects\annotations\train_missing_tooth\train_298.xml
train_299,train,1,4,4,0,0,,F:\Work\VSCode\Projects\DATASET\dataset_defects\images\train_missing_tooth\train_299.jpg,F:\Work\VSCode\Projects\DATASET\dataset_defects\annotations\train_missing_tooth\train_299.xml
train_300,train,1,4,4,0,0,,F:\Work\VSCode\Projects\DATASET\dataset_defects\images\train_missing_tooth\train_300.jpg,F:\Work\VSCode\Projects\DATASET\dataset_defects\annotations\train_missing_tooth\train_300.xml
train_301,train,0,0,0,0,0,,F:\Work\VSCode\Projects\DATASET\dataset_defects\images\train_missing_tooth\train_301.jpg,
train_302,train,0,0,0,0,0,,F:\Work\VSCode\Projects\DATASET\dataset_defects\images\train_missing_tooth\train_302.jpg,
train_303,train,1,4,4,0,0,,F:\Work\VSCode\Projects\DATASET\dataset_defects\images\train_missing_tooth\train_303.jpg,F:\Work\VSCode\Projects\DATASET\dataset_defects\annotations\train_missing_tooth\train_303.xml
train_304,train,1,6,6,0,0,,F:\Work\VSCode\Projects\DATASET\dataset_defects\images\train_missing_tooth\train_304.jpg,F:\Work\VSCode\Projects\DATASET\dataset_defects\annotations\train_missing_tooth\train_304.xml
train_305,train,1,4,4,0,0,,F:\Work\VSCode\Projects\DATASET\dataset_defects\images\train_missing_tooth\train_305.jpg,F:\Work\VSCode\Projects\DATASET\dataset_defects\annotations\train_missing_tooth\train_305.xml
train_306,train,1,4,4,0,0,,F:\Work\VSCode\Projects\DATASET\dataset_defects\images\train_missing_tooth\train_306.jpg,F:\Work\VSCode\Projects\DATASET\dataset_defects\annotations\train_missing_tooth\train_306.xml
train_307,train,0,0,0,0,0,,F:\Work\VSCode\Projects\DATASET\dataset_defects\images\train_missing_tooth\train_307.jpg,
train_308,train,0,0,0,0,0,,F:\Work\VSCode\Projects\DATASET\dataset_defects\images\train_missing_tooth\train_308.jpg,
train_309,train,0,0,0,0,0,,F:\Work\VSCode\Projects\DATASET\dataset_defects\images\train_missing_tooth\train_309.jpg,
train_310,val,1,4,4,0,0,,F:\Work\VSCode\Projects\DATASET\dataset_defects\images\train_missing_tooth\train_310.jpg,F:\Work\VSCode\Projects\DATASET\dataset_defects\annotations\train_missing_tooth\train_310.xml
train_311,val,0,0,0,0,0,,F:\Work\VSCode\Projects\DATASET\dataset_defects\images\train_missing_tooth\train_311.jpg,
train_312,train,0,0,0,0,0,,F:\Work\VSCode\Projects\DATASET\dataset_defects\images\train_missing_tooth\train_312.jpg,
train_313,train,1,3,3,0,0,,F:\Work\VSCode\Projects\DATASET\dataset_defects\images\train_missing_tooth\train_313.jpg,F:\Work\VSCode\Projects\DATASET\dataset_defects\annotations\train_missing_tooth\train_313.xml
train_314,val,1,3,3,1,0,,F:\Work\VSCode\Projects\DATASET\dataset_defects\images\train_missing_tooth\train_314.jpg,F:\Work\VSCode\Projects\DATASET\dataset_defects\annotations\train_missing_tooth\train_314.xml
train_315,train,1,3,3,0,0,,F:\Work\VSCode\Projects\DATASET\dataset_defects\images\train_missing_tooth\train_315.jpg,F:\Work\VSCode\Projects\DATASET\dataset_defects\annotations\train_missing_tooth\train_315.xml
train_316,train,1,4,4,0,0,,F:\Work\VSCode\Projects\DATASET\dataset_defects\images\train_missing_tooth\train_316.jpg,F:\Work\VSCode\Projects\DATASET\dataset_defects\annotations\train_missing_tooth\train_316.xml
train_317,train,1,3,3,0,0,,F:\Work\VSCode\Projects\DATASET\dataset_defects\images\train_missing_tooth\train_317.jpg,F:\Work\VSCode\Projects\DATASET\dataset_defects\annotations\train_missing_tooth\train_317.xml
train_318,train,1,5,5,0,0,,F:\Work\VSCode\Projects\DATASET\dataset_defects\images\train_missing_tooth\train_318.jpg,F:\Work\VSCode\Projects\DATASET\dataset_defects\annotations\train_missing_tooth\train_318.xml
train_319,train,1,6,6,0,0,,F:\Work\VSCode\Projects\DATASET\dataset_defects\images\train_missing_tooth\train_319.jpg,F:\Work\VSCode\Projects\DATASET\dataset_defects\annotations\train_missing_tooth\train_319.xml
train_320,train,1,5,5,0,0,,F:\Work\VSCode\Projects\DATASET\dataset_defects\images\train_missing_tooth\train_320.jpg,F:\Work\VSCode\Projects\DATASET\dataset_defects\annotations\train_missing_tooth\train_320.xml
train_321,train,0,0,0,0,0,,F:\Work\VSCode\Projects\DATASET\dataset_defects\images\train_missing_tooth\train_321.jpg,
train_322,train,0,0,0,0,0,,F:\Work\VSCode\Projects\DATASET\dataset_defects\images\train_missing_tooth\train_322.jpg,
train_323,train,0,0,0,0,0,,F:\Work\VSCode\Projects\DATASET\dataset_defects\images\train_missing_tooth\train_323.jpg,
train_324,train,0,0,0,0,0,,F:\Work\VSCode\Projects\DATASET\dataset_defects\images\train_missing_tooth\train_324.jpg,
train_325,train,0,0,0,0,0,,F:\Work\VSCode\Projects\DATASET\dataset_defects\images\train_missing_tooth\train_325.jpg,
train_326,train,0,0,0,0,0,,F:\Work\VSCode\Projects\DATASET\dataset_defects\images\train_missing_tooth\train_326.jpg,
train_327,train,0,0,0,0,0,,F:\Work\VSCode\Projects\DATASET\dataset_defects\images\train_missing_tooth\train_327.jpg,
train_328,train,0,0,0,0,0,,F:\Work\VSCode\Projects\DATASET\dataset_defects\images\train_missing_tooth\train_328.jpg,
train_329,val,0,0,0,0,0,,F:\Work\VSCode\Projects\DATASET\dataset_defects\images\train_missing_tooth\train_329.jpg,
train_330,val,0,0,0,0,0,,F:\Work\VSCode\Projects\DATASET\dataset_defects\images\train_missing_tooth\train_330.jpg,
train_331,train,0,0,0,0,0,,F:\Work\VSCode\Projects\DATASET\dataset_defects\images\train_missing_tooth\train_331.jpg,
train_332,train,0,0,0,0,0,,F:\Work\VSCode\Projects\DATASET\dataset_defects\images\train_missing_tooth\train_332.jpg,
train_333,train,1,1,1,1,0,,F:\Work\VSCode\Projects\DATASET\dataset_defects\images\train_missing_tooth\train_333.jpg,F:\Work\VSCode\Projects\DATASET\dataset_defects\annotations\train_missing_tooth\train_333.xml
train_334,train,1,1,1,1,0,,F:\Work\VSCode\Projects\DATASET\dataset_defects\images\train_missing_tooth\train_334.jpg,F:\Work\VSCode\Projects\DATASET\dataset_defects\annotations\train_missing_tooth\train_334.xml
train_335,train,1,2,2,0,0,,F:\Work\VSCode\Projects\DATASET\dataset_defects\images\train_missing_tooth\train_335.jpg,F:\Work\VSCode\Projects\DATASET\dataset_defects\annotations\train_missing_tooth\train_335.xml
train_336,train,1,2,2,1,0,,F:\Work\VSCode\Projects\DATASET\dataset_defects\images\train_missing_tooth\train_336.jpg,F:\Work\VSCode\Projects\DATASET\dataset_defects\annotations\train_missing_tooth\train_336.xml
train_337,train,1,3,3,1,0,,F:\Work\VSCode\Projects\DATASET\dataset_defects\images\train_missing_tooth\train_337.jpg,F:\Work\VSCode\Projects\DATASET\dataset_defects\annotations\train_missing_tooth\train_337.xml
train_338,val,1,4,4,0,0,,F:\Work\VSCode\Projects\DATASET\dataset_defects\images\train_missing_tooth\train_338.jpg,F:\Work\VSCode\Projects\DATASET\dataset_defects\annotations\train_missing_tooth\train_338.xml
train_339,val,1,4,4,0,0,,F:\Work\VSCode\Projects\DATASET\dataset_defects\images\train_missing_tooth\train_339.jpg,F:\Work\VSCode\Projects\DATASET\dataset_defects\annotations\train_missing_tooth\train_339.xml
train_340,val,1,7,7,0,0,,F:\Work\VSCode\Projects\DATASET\dataset_defects\images\train_missing_tooth\train_340.jpg,F:\Work\VSCode\Projects\DATASET\dataset_defects\annotations\train_missing_tooth\train_340.xml
train_341,val,1,3,3,0,0,,F:\Work\VSCode\Projects\DATASET\dataset_defects\images\train_missing_tooth\train_341.jpg,F:\Work\VSCode\Projects\DATASET\dataset_defects\annotations\train_missing_tooth\train_341.xml
train_342,train,0,0,0,0,0,,F:\Work\VSCode\Projects\DATASET\dataset_defects\images\train_missing_tooth\train_342.jpg,
train_343,train,0,0,0,0,0,,F:\Work\VSCode\Projects\DATASET\dataset_defects\images\train_missing_tooth\train_343.jpg,
train_344,train,0,0,0,0,0,,F:\Work\VSCode\Projects\DATASET\dataset_defects\images\train_missing_tooth\train_344.jpg,
train_345,train,0,0,0,0,0,,F:\Work\VSCode\Projects\DATASET\dataset_defects\images\train_missing_tooth\train_345.jpg,
train_346,train,0,0,0,0,0,,F:\Work\VSCode\Projects\DATASET\dataset_defects\images\train_missing_tooth\train_346.jpg,
train_347,train,0,0,0,0,0,,F:\Work\VSCode\Projects\DATASET\dataset_defects\images\train_missing_tooth\train_347.jpg,
train_348,train,0,0,0,0,0,,F:\Work\VSCode\Projects\DATASET\dataset_defects\images\train_missing_tooth\train_348.jpg,
train_349,train,0,0,0,0,0,,F:\Work\VSCode\Projects\DATASET\dataset_defects\images\train_missing_tooth\train_349.jpg,
train_350,train,0,0,0,0,0,,F:\Work\VSCode\Projects\DATASET\dataset_defects\images\train_missing_tooth\train_350.jpg,
train_351,train,0,0,0,0,0,,F:\Work\VSCode\Projects\DATASET\dataset_defects\images\train_missing_tooth\train_351.jpg,
train_352,train,0,0,0,0,0,,F:\Work\VSCode\Projects\DATASET\dataset_defects\images\train_missing_tooth\train_352.jpg,
train_353,train,0,0,0,0,0,,F:\Work\VSCode\Projects\DATASET\dataset_defects\images\train_missing_tooth\train_353.jpg,
train_354,train,0,0,0,0,0,,F:\Work\VSCode\Projects\DATASET\dataset_defects\images\train_missing_tooth\train_354.jpg,
train_355,train,0,0,0,0,0,,F:\Work\VSCode\Projects\DATASET\dataset_defects\images\train_missing_tooth\train_355.jpg,
train_356,train,0,0,0,0,0,,F:\Work\VSCode\Projects\DATASET\dataset_defects\images\train_missing_tooth\train_356.jpg,
train_357,train,0,0,0,0,0,,F:\Work\VSCode\Projects\DATASET\dataset_defects\images\train_missing_tooth\train_357.jpg,
train_358,train,0,0,0,0,0,,F:\Work\VSCode\Projects\DATASET\dataset_defects\images\train_missing_tooth\train_358.jpg,
train_359,val,0,0,0,0,0,,F:\Work\VSCode\Projects\DATASET\dataset_defects\images\train_missing_tooth\train_359.jpg,
train_360,train,0,0,0,0,0,,F:\Work\VSCode\Projects\DATASET\dataset_defects\images\train_missing_tooth\train_360.jpg,
train_361,train,0,0,0,0,0,,F:\Work\VSCode\Projects\DATASET\dataset_defects\images\train_missing_tooth\train_361.jpg,
train_362,train,0,0,0,0,0,,F:\Work\VSCode\Projects\DATASET\dataset_defects\images\train_missing_tooth\train_362.jpg,
train_363,train,0,0,0,0,0,,F:\Work\VSCode\Projects\DATASET\dataset_defects\images\train_missing_tooth\train_363.jpg,
train_364,train,1,3,3,0,0,,F:\Work\VSCode\Projects\DATASET\dataset_defects\images\train_missing_tooth\train_364.jpg,F:\Work\VSCode\Projects\DATASET\dataset_defects\annotations\train_missing_tooth\train_364.xml
train_365,train,1,4,4,0,0,,F:\Work\VSCode\Projects\DATASET\dataset_defects\images\train_missing_tooth\train_365.jpg,F:\Work\VSCode\Projects\DATASET\dataset_defects\annotations\train_missing_tooth\train_365.xml
train_366,train,1,7,7,0,0,,F:\Work\VSCode\Projects\DATASET\dataset_defects\images\train_missing_tooth\train_366.jpg,F:\Work\VSCode\Projects\DATASET\dataset_defects\annotations\train_missing_tooth\train_366.xml
train_367,train,1,2,2,0,0,,F:\Work\VSCode\Projects\DATASET\dataset_defects\images\train_missing_tooth\train_367.jpg,F:\Work\VSCode\Projects\DATASET\dataset_defects\annotations\train_missing_tooth\train_367.xml
train_368,train,1,2,2,1,0,,F:\Work\VSCode\Projects\DATASET\dataset_defects\images\train_missing_tooth\train_368.jpg,F:\Work\VSCode\Projects\DATASET\dataset_defects\annotations\train_missing_tooth\train_368.xml
train_369,val,1,3,3,0,0,,F:\Work\VSCode\Projects\DATASET\dataset_defects\images\train_missing_tooth\train_369.jpg,F:\Work\VSCode\Projects\DATASET\dataset_defects\annotations\train_missing_tooth\train_369.xml
train_370,val,1,2,2,0,0,,F:\Work\VSCode\Projects\DATASET\dataset_defects\images\train_missing_tooth\train_370.jpg,F:\Work\VSCode\Projects\DATASET\dataset_defects\annotations\train_missing_tooth\train_370.xml
train_371,train,0,0,0,0,0,,F:\Work\VSCode\Projects\DATASET\dataset_defects\images\train_missing_tooth\train_371.jpg,
train_372,train,0,0,0,0,0,,F:\Work\VSCode\Projects\DATASET\dataset_defects\images\train_missing_tooth\train_372.jpg,
train_373,train,0,0,0,0,0,,F:\Work\VSCode\Projects\DATASET\dataset_defects\images\train_missing_tooth\train_373.jpg,
train_374,train,0,0,0,0,0,,F:\Work\VSCode\Projects\DATASET\dataset_defects\images\train_missing_tooth\train_374.jpg,
train_375,train,0,0,0,0,0,,F:\Work\VSCode\Projects\DATASET\dataset_defects\images\train_missing_tooth\train_375.jpg,
train_376,train,0,0,0,0,0,,F:\Work\VSCode\Projects\DATASET\dataset_defects\images\train_missing_tooth\train_376.jpg,
train_377,train,0,0,0,0,0,,F:\Work\VSCode\Projects\DATASET\dataset_defects\images\train_missing_tooth\train_377.jpg,
train_378,train,0,0,0,0,0,,F:\Work\VSCode\Projects\DATASET\dataset_defects\images\train_missing_tooth\train_378.jpg,
train_379,val,0,0,0,0,0,,F:\Work\VSCode\Projects\DATASET\dataset_defects\images\train_missing_tooth\train_379.jpg,
train_380,val,0,0,0,0,0,,F:\Work\VSCode\Projects\DATASET\dataset_defects\images\train_missing_tooth\train_380.jpg,
train_381,train,0,0,0,0,0,,F:\Work\VSCode\Projects\DATASET\dataset_defects\images\train_missing_tooth\train_381.jpg,
train_382,train,0,0,0,0,0,,F:\Work\VSCode\Projects\DATASET\dataset_defects\images\train_missing_tooth\train_382.jpg,
train_383,val,0,0,0,0,0,,F:\Work\VSCode\Projects\DATASET\dataset_defects\images\train_missing_tooth\train_383.jpg,
train_384,train,0,0,0,0,0,,F:\Work\VSCode\Projects\DATASET\dataset_defects\images\train_missing_tooth\train_384.jpg,
train_385,train,0,0,0,0,0,,F:\Work\VSCode\Projects\DATASET\dataset_defects\images\train_missing_tooth\train_385.jpg,
train_386,train,0,0,0,0,0,,F:\Work\VSCode\Projects\DATASET\dataset_defects\images\train_missing_tooth\train_386.jpg,
train_387,train,0,0,0,0,0,,F:\Work\VSCode\Projects\DATASET\dataset_defects\images\train_missing_tooth\train_387.jpg,
train_388,val,0,0,0,0,0,,F:\Work\VSCode\Projects\DATASET\dataset_defects\images\train_missing_tooth\train_388.jpg,
train_389,val,0,0,0,0,0,,F:\Work\VSCode\Projects\DATASET\dataset_defects\images\train_missing_tooth\train_389.jpg,
train_390,train,0,0,0,0,0,,F:\Work\VSCode\Projects\DATASET\dataset_defects\images\train_missing_tooth\train_390.jpg,
train_391,train,0,0,0,0,0,,F:\Work\VSCode\Projects\DATASET\dataset_defects\images\train_missing_tooth\train_391.jpg,
train_392,train,0,0,0,0,0,,F:\Work\VSCode\Projects\DATASET\dataset_defects\images\train_missing_tooth\train_392.jpg,
train_393,train,0,0,0,0,0,,F:\Work\VSCode\Projects\DATASET\dataset_defects\images\train_missing_tooth\train_393.jpg,
train_394,train,0,0,0,0,0,,F:\Work\VSCode\Projects\DATASET\dataset_defects\images\train_missing_tooth\train_394.jpg,
train_395,train,0,0,0,0,0,,F:\Work\VSCode\Projects\DATASET\dataset_defects\images\train_missing_tooth\train_395.jpg,
train_396,train,0,0,0,0,0,,F:\Work\VSCode\Projects\DATASET\dataset_defects\images\train_missing_tooth\train_396.jpg,
train_397,train,0,0,0,0,0,,F:\Work\VSCode\Projects\DATASET\dataset_defects\images\train_missing_tooth\train_397.jpg,
train_398,val,0,0,0,0,0,,F:\Work\VSCode\Projects\DATASET\dataset_defects\images\train_missing_tooth\train_398.jpg,
train_399,val,0,0,0,0,0,,F:\Work\VSCode\Projects\DATASET\dataset_defects\images\train_missing_tooth\train_399.jpg,
train_400,val,0,0,0,0,0,,F:\Work\VSCode\Projects\DATASET\dataset_defects\images\train_missing_tooth\train_400.jpg,
train_401,train,0,0,0,0,0,,F:\Work\VSCode\Projects\DATASET\dataset_defects\images\train_missing_tooth\train_401.jpg,
train_402,val,0,0,0,0,0,,F:\Work\VSCode\Projects\DATASET\dataset_defects\images\train_missing_tooth\train_402.jpg,
train_403,train,1,2,2,0,0,,F:\Work\VSCode\Projects\DATASET\dataset_defects\images\train_missing_tooth\train_403.jpg,F:\Work\VSCode\Projects\DATASET\dataset_defects\annotations\train_missing_tooth\train_403.xml
train_404,train,1,2,2,0,0,,F:\Work\VSCode\Projects\DATASET\dataset_defects\images\train_missing_tooth\train_404.jpg,F:\Work\VSCode\Projects\DATASET\dataset_defects\annotations\train_missing_tooth\train_404.xml
train_405,train,1,3,3,0,0,,F:\Work\VSCode\Projects\DATASET\dataset_defects\images\train_missing_tooth\train_405.jpg,F:\Work\VSCode\Projects\DATASET\dataset_defects\annotations\train_missing_tooth\train_405.xml
train_406,train,1,2,2,0,0,,F:\Work\VSCode\Projects\DATASET\dataset_defects\images\train_missing_tooth\train_406.jpg,F:\Work\VSCode\Projects\DATASET\dataset_defects\annotations\train_missing_tooth\train_406.xml
train_407,train,0,0,0,0,0,,F:\Work\VSCode\Projects\DATASET\dataset_defects\images\train_missing_tooth\train_407.jpg,
train_408,train,1,4,4,0,0,,F:\Work\VSCode\Projects\DATASET\dataset_defects\images\train_missing_tooth\train_408.jpg,F:\Work\VSCode\Projects\DATASET\dataset_defects\annotations\train_missing_tooth\train_408.xml
train_409,train,1,2,2,0,0,,F:\Work\VSCode\Projects\DATASET\dataset_defects\images\train_missing_tooth\train_409.jpg,F:\Work\VSCode\Projects\DATASET\dataset_defects\annotations\train_missing_tooth\train_409.xml
train_410,train,1,3,3,0,0,,F:\Work\VSCode\Projects\DATASET\dataset_defects\images\train_missing_tooth\train_410.jpg,F:\Work\VSCode\Projects\DATASET\dataset_defects\annotations\train_missing_tooth\train_410.xml
train_411,train,0,0,0,0,0,,F:\Work\VSCode\Projects\DATASET\dataset_defects\images\train_missing_tooth\train_411.jpg,
train_412,train,0,0,0,0,0,,F:\Work\VSCode\Projects\DATASET\dataset_defects\images\train_missing_tooth\train_412.jpg,
train_413,train,0,0,0,0,0,,F:\Work\VSCode\Projects\DATASET\dataset_defects\images\train_missing_tooth\train_413.jpg,
train_414,train,0,0,0,0,0,,F:\Work\VSCode\Projects\DATASET\dataset_defects\images\train_missing_tooth\train_414.jpg,
train_415,train,0,0,0,0,0,,F:\Work\VSCode\Projects\DATASET\dataset_defects\images\train_missing_tooth\train_415.jpg,
train_416,train,0,0,0,0,0,,F:\Work\VSCode\Projects\DATASET\dataset_defects\images\train_missing_tooth\train_416.jpg,
train_417,train,0,0,0,0,0,,F:\Work\VSCode\Projects\DATASET\dataset_defects\images\train_missing_tooth\train_417.jpg,
train_418,val,0,0,0,0,0,,F:\Work\VSCode\Projects\DATASET\dataset_defects\images\train_missing_tooth\train_418.jpg,
train_419,train,0,0,0,0,0,,F:\Work\VSCode\Projects\DATASET\dataset_defects\images\train_missing_tooth\train_419.jpg,
train_420,val,0,0,0,0,0,,F:\Work\VSCode\Projects\DATASET\dataset_defects\images\train_missing_tooth\train_420.jpg,
train_421,train,0,0,0,0,0,,F:\Work\VSCode\Projects\DATASET\dataset_defects\images\train_missing_tooth\train_421.jpg,
train_422,train,0,0,0,0,0,,F:\Work\VSCode\Projects\DATASET\dataset_defects\images\train_missing_tooth\train_422.jpg,
train_423,train,0,0,0,0,0,,F:\Work\VSCode\Projects\DATASET\dataset_defects\images\train_missing_tooth\train_423.jpg,
train_424,train,0,0,0,0,0,,F:\Work\VSCode\Projects\DATASET\dataset_defects\images\train_missing_tooth\train_424.jpg,
train_425,train,0,0,0,0,0,,F:\Work\VSCode\Projects\DATASET\dataset_defects\images\train_missing_tooth\train_425.jpg,
train_426,train,0,0,0,0,0,,F:\Work\VSCode\Projects\DATASET\dataset_defects\images\train_missing_tooth\train_426.jpg,
train_427,train,0,0,0,0,0,,F:\Work\VSCode\Projects\DATASET\dataset_defects\images\train_missing_tooth\train_427.jpg,
train_428,val,0,0,0,0,0,,F:\Work\VSCode\Projects\DATASET\dataset_defects\images\train_missing_tooth\train_428.jpg,
train_429,train,0,0,0,0,0,,F:\Work\VSCode\Projects\DATASET\dataset_defects\images\train_missing_tooth\train_429.jpg,
train_430,train,0,0,0,0,0,,F:\Work\VSCode\Projects\DATASET\dataset_defects\images\train_missing_tooth\train_430.jpg,
train_431,val,0,0,0,0,0,,F:\Work\VSCode\Projects\DATASET\dataset_defects\images\train_missing_tooth\train_431.jpg,
train_432,train,0,0,0,0,0,,F:\Work\VSCode\Projects\DATASET\dataset_defects\images\train_missing_tooth\train_432.jpg,
train_433,train,0,0,0,0,0,,F:\Work\VSCode\Projects\DATASET\dataset_defects\images\train_missing_tooth\train_433.jpg,
train_434,train,0,0,0,0,0,,F:\Work\VSCode\Projects\DATASET\dataset_defects\images\train_missing_tooth\train_434.jpg,
train_435,train,0,0,0,0,0,,F:\Work\VSCode\Projects\DATASET\dataset_defects\images\train_missing_tooth\train_435.jpg,
train_436,train,0,0,0,0,0,,F:\Work\VSCode\Projects\DATASET\dataset_defects\images\train_missing_tooth\train_436.jpg,
train_437,train,0,0,0,0,0,,F:\Work\VSCode\Projects\DATASET\dataset_defects\images\train_missing_tooth\train_437.jpg,
train_438,train,0,0,0,0,0,,F:\Work\VSCode\Projects\DATASET\dataset_defects\images\train_missing_tooth\train_438.jpg,
train_439,train,0,0,0,0,0,,F:\Work\VSCode\Projects\DATASET\dataset_defects\images\train_missing_tooth\train_439.jpg,
train_440,train,0,0,0,0,0,,F:\Work\VSCode\Projects\DATASET\dataset_defects\images\train_missing_tooth\train_440.jpg,
train_441,train,0,0,0,0,0,,F:\Work\VSCode\Projects\DATASET\dataset_defects\images\train_missing_tooth\train_441.jpg,
train_442,train,0,0,0,0,0,,F:\Work\VSCode\Projects\DATASET\dataset_defects\images\train_missing_tooth\train_442.jpg,
train_443,train,0,0,0,0,0,,F:\Work\VSCode\Projects\DATASET\dataset_defects\images\train_missing_tooth\train_443.jpg,
train_444,train,0,0,0,0,0,,F:\Work\VSCode\Projects\DATASET\dataset_defects\images\train_missing_tooth\train_444.jpg,
train_445,train,0,0,0,0,0,,F:\Work\VSCode\Projects\DATASET\dataset_defects\images\train_missing_tooth\train_445.jpg,
train_446,train,0,0,0,0,0,,F:\Work\VSCode\Projects\DATASET\dataset_defects\images\train_missing_tooth\train_446.jpg,
train_447,train,0,0,0,0,0,,F:\Work\VSCode\Projects\DATASET\dataset_defects\images\train_missing_tooth\train_447.jpg,
train_448,train,0,0,0,0,0,,F:\Work\VSCode\Projects\DATASET\dataset_defects\images\train_missing_tooth\train_448.jpg,
train_449,train,0,0,0,0,0,,F:\Work\VSCode\Projects\DATASET\dataset_defects\images\train_missing_tooth\train_449.jpg,
train_450,train,0,0,0,0,0,,F:\Work\VSCode\Projects\DATASET\dataset_defects\images\train_missing_tooth\train_450.jpg,
train_451,train,0,0,0,0,0,,F:\Work\VSCode\Projects\DATASET\dataset_defects\images\train_missing_tooth\train_451.jpg,
train_452,train,0,0,0,0,0,,F:\Work\VSCode\Projects\DATASET\dataset_defects\images\train_missing_tooth\train_452.jpg,
train_453,train,0,0,0,0,0,,F:\Work\VSCode\Projects\DATASET\dataset_defects\images\train_missing_tooth\train_453.jpg,
train_454,train,0,0,0,0,0,,F:\Work\VSCode\Projects\DATASET\dataset_defects\images\train_missing_tooth\train_454.jpg,
train_455,train,0,0,0,0,0,,F:\Work\VSCode\Projects\DATASET\dataset_defects\images\train_missing_tooth\train_455.jpg,
train_456,train,0,0,0,0,0,,F:\Work\VSCode\Projects\DATASET\dataset_defects\images\train_missing_tooth\train_456.jpg,
train_457,train,0,0,0,0,0,,F:\Work\VSCode\Projects\DATASET\dataset_defects\images\train_missing_tooth\train_457.jpg,
train_458,val,0,0,0,0,0,,F:\Work\VSCode\Projects\DATASET\dataset_defects\images\train_missing_tooth\train_458.jpg,
train_459,train,0,0,0,0,0,,F:\Work\VSCode\Projects\DATASET\dataset_defects\images\train_missing_tooth\train_459.jpg,
train_460,train,0,0,0,0,0,,F:\Work\VSCode\Projects\DATASET\dataset_defects\images\train_missing_tooth\train_460.jpg,
train_461,train,0,0,0,0,0,,F:\Work\VSCode\Projects\DATASET\dataset_defects\images\train_missing_tooth\train_461.jpg,
train_462,train,0,0,0,0,0,,F:\Work\VSCode\Projects\DATASET\dataset_defects\images\train_missing_tooth\train_462.jpg,
train_463,train,0,0,0,0,0,,F:\Work\VSCode\Projects\DATASET\dataset_defects\images\train_missing_tooth\train_463.jpg,
train_464,train,0,0,0,0,0,,F:\Work\VSCode\Projects\DATASET\dataset_defects\images\train_missing_tooth\train_464.jpg,
train_465,train,0,0,0,0,0,,F:\Work\VSCode\Projects\DATASET\dataset_defects\images\train_missing_tooth\train_465.jpg,
train_466,train,0,0,0,0,0,,F:\Work\VSCode\Projects\DATASET\dataset_defects\images\train_missing_tooth\train_466.jpg,
train_467,train,0,0,0,0,0,,F:\Work\VSCode\Projects\DATASET\dataset_defects\images\train_missing_tooth\train_467.jpg,
train_468,train,0,0,0,0,0,,F:\Work\VSCode\Projects\DATASET\dataset_defects\images\train_missing_tooth\train_468.jpg,
train_469,val,0,0,0,0,0,,F:\Work\VSCode\Projects\DATASET\dataset_defects\images\train_missing_tooth\train_469.jpg,
train_470,train,0,0,0,0,0,,F:\Work\VSCode\Projects\DATASET\dataset_defects\images\train_missing_tooth\train_470.jpg,
train_471,train,0,0,0,0,0,,F:\Work\VSCode\Projects\DATASET\dataset_defects\images\train_missing_tooth\train_471.jpg,
train_472,train,0,0,0,0,0,,F:\Work\VSCode\Projects\DATASET\dataset_defects\images\train_missing_tooth\train_472.jpg,
train_473,train,1,2,2,1,0,,F:\Work\VSCode\Projects\DATASET\dataset_defects\images\train_missing_tooth\train_473.jpg,F:\Work\VSCode\Projects\DATASET\dataset_defects\annotations\train_missing_tooth\train_473.xml
train_474,val,1,4,4,0,0,,F:\Work\VSCode\Projects\DATASET\dataset_defects\images\train_missing_tooth\train_474.jpg,F:\Work\VSCode\Projects\DATASET\dataset_defects\annotations\train_missing_tooth\train_474.xml
train_475,train,1,4,4,0,0,,F:\Work\VSCode\Projects\DATASET\dataset_defects\images\train_missing_tooth\train_475.jpg,F:\Work\VSCode\Projects\DATASET\dataset_defects\annotations\train_missing_tooth\train_475.xml
train_476,train,0,0,0,0,0,,F:\Work\VSCode\Projects\DATASET\dataset_defects\images\train_missing_tooth\train_476.jpg,
train_477,train,0,0,0,0,0,,F:\Work\VSCode\Projects\DATASET\dataset_defects\images\train_missing_tooth\train_477.jpg,
train_478,train,0,0,0,0,0,,F:\Work\VSCode\Projects\DATASET\dataset_defects\images\train_missing_tooth\train_478.jpg,
train_479,train,1,4,4,0,0,,F:\Work\VSCode\Projects\DATASET\dataset_defects\images\train_missing_tooth\train_479.jpg,F:\Work\VSCode\Projects\DATASET\dataset_defects\annotations\train_missing_tooth\train_479.xml
train_480,train,1,4,4,0,0,,F:\Work\VSCode\Projects\DATASET\dataset_defects\images\train_missing_tooth\train_480.jpg,F:\Work\VSCode\Projects\DATASET\dataset_defects\annotations\train_missing_tooth\train_480.xml
train_481,train,0,0,0,0,0,,F:\Work\VSCode\Projects\DATASET\dataset_defects\images\train_missing_tooth\train_481.jpg,
train_482,train,0,0,0,0,0,,F:\Work\VSCode\Projects\DATASET\dataset_defects\images\train_missing_tooth\train_482.jpg,
train_483,train,1,1,1,1,0,,F:\Work\VSCode\Projects\DATASET\dataset_defects\images\train_missing_tooth\train_483.jpg,F:\Work\VSCode\Projects\DATASET\dataset_defects\annotations\train_missing_tooth\train_483.xml
train_484,train,1,1,1,1,0,,F:\Work\VSCode\Projects\DATASET\dataset_defects\images\train_missing_tooth\train_484.jpg,F:\Work\VSCode\Projects\DATASET\dataset_defects\annotations\train_missing_tooth\train_484.xml
train_485,train,1,2,2,2,0,,F:\Work\VSCode\Projects\DATASET\dataset_defects\images\train_missing_tooth\train_485.jpg,F:\Work\VSCode\Projects\DATASET\dataset_defects\annotations\train_missing_tooth\train_485.xml
train_486,train,1,6,6,0,0,,F:\Work\VSCode\Projects\DATASET\dataset_defects\images\train_missing_tooth\train_486.jpg,F:\Work\VSCode\Projects\DATASET\dataset_defects\annotations\train_missing_tooth\train_486.xml
train_487,train,1,4,4,0,0,,F:\Work\VSCode\Projects\DATASET\dataset_defects\images\train_missing_tooth\train_487.jpg,F:\Work\VSCode\Projects\DATASET\dataset_defects\annotations\train_missing_tooth\train_487.xml
train_488,train,0,0,0,0,0,,F:\Work\VSCode\Projects\DATASET\dataset_defects\images\train_missing_tooth\train_488.jpg,
train_489,train,0,0,0,0,0,,F:\Work\VSCode\Projects\DATASET\dataset_defects\images\train_missing_tooth\train_489.jpg,
train_490,train,0,0,0,0,0,,F:\Work\VSCode\Projects\DATASET\dataset_defects\images\train_missing_tooth\train_490.jpg,
train_491,train,1,4,4,0,0,,F:\Work\VSCode\Projects\DATASET\dataset_defects\images\train_missing_tooth\train_491.jpg,F:\Work\VSCode\Projects\DATASET\dataset_defects\annotations\train_missing_tooth\train_491.xml
train_492,train,1,6,6,0,0,,F:\Work\VSCode\Projects\DATASET\dataset_defects\images\train_missing_tooth\train_492.jpg,F:\Work\VSCode\Projects\DATASET\dataset_defects\annotations\train_missing_tooth\train_492.xml
train_493,train,1,2,2,1,0,,F:\Work\VSCode\Projects\DATASET\dataset_defects\images\train_missing_tooth\train_493.jpg,F:\Work\VSCode\Projects\DATASET\dataset_defects\annotations\train_missing_tooth\train_493.xml
train_494,train,1,2,2,0,0,,F:\Work\VSCode\Projects\DATASET\dataset_defects\images\train_missing_tooth\train_494.jpg,F:\Work\VSCode\Projects\DATASET\dataset_defects\annotations\train_missing_tooth\train_494.xml
train_495,train,1,2,2,0,0,,F:\Work\VSCode\Projects\DATASET\dataset_defects\images\train_missing_tooth\train_495.jpg,F:\Work\VSCode\Projects\DATASET\dataset_defects\annotations\train_missing_tooth\train_495.xml
train_496,train,1,3,3,0,0,,F:\Work\VSCode\Projects\DATASET\dataset_defects\images\train_missing_tooth\train_496.jpg,F:\Work\VSCode\Projects\DATASET\dataset_defects\annotations\train_missing_tooth\train_496.xml
test_001,test,0,0,0,0,0,,F:\Work\VSCode\Projects\DATASET\dataset_defects\images\test_missing_tooth\test_001.jpg,
test_002,test,1,3,3,0,0,,F:\Work\VSCode\Projects\DATASET\dataset_defects\images\test_missing_tooth\test_002.jpg,F:\Work\VSCode\Projects\DATASET\dataset_defects\annotations\test_missing_tooth\test_002.xml
test_003,test,1,3,3,0,0,,F:\Work\VSCode\Projects\DATASET\dataset_defects\images\test_missing_tooth\test_003.jpg,F:\Work\VSCode\Projects\DATASET\dataset_defects\annotations\test_missing_tooth\test_003.xml
test_004,test,0,0,0,0,0,,F:\Work\VSCode\Projects\DATASET\dataset_defects\images\test_missing_tooth\test_004.jpg,
test_005,test,1,4,4,1,0,,F:\Work\VSCode\Projects\DATASET\dataset_defects\images\test_missing_tooth\test_005.jpg,F:\Work\VSCode\Projects\DATASET\dataset_defects\annotations\test_missing_tooth\test_005.xml
test_006,test,1,4,4,0,0,,F:\Work\VSCode\Projects\DATASET\dataset_defects\images\test_missing_tooth\test_006.jpg,F:\Work\VSCode\Projects\DATASET\dataset_defects\annotations\test_missing_tooth\test_006.xml
test_007,test,0,0,0,0,0,,F:\Work\VSCode\Projects\DATASET\dataset_defects\images\test_missing_tooth\test_007.jpg,
test_008,test,0,0,0,0,0,,F:\Work\VSCode\Projects\DATASET\dataset_defects\images\test_missing_tooth\test_008.jpg,
test_009,test,1,3,3,0,0,,F:\Work\VSCode\Projects\DATASET\dataset_defects\images\test_missing_tooth\test_009.jpg,F:\Work\VSCode\Projects\DATASET\dataset_defects\annotations\test_missing_tooth\test_009.xml
test_010,test,0,0,0,0,0,,F:\Work\VSCode\Projects\DATASET\dataset_defects\images\test_missing_tooth\test_010.jpg,
test_011,test,1,5,5,0,0,,F:\Work\VSCode\Projects\DATASET\dataset_defects\images\test_missing_tooth\test_011.jpg,F:\Work\VSCode\Projects\DATASET\dataset_defects\annotations\test_missing_tooth\test_011.xml
test_012,test,1,5,5,0,0,,F:\Work\VSCode\Projects\DATASET\dataset_defects\images\test_missing_tooth\test_012.jpg,F:\Work\VSCode\Projects\DATASET\dataset_defects\annotations\test_missing_tooth\test_012.xml
test_013,test,0,0,0,0,0,,F:\Work\VSCode\Projects\DATASET\dataset_defects\images\test_missing_tooth\test_013.jpg,
test_014,test,0,0,0,0,0,,F:\Work\VSCode\Projects\DATASET\dataset_defects\images\test_missing_tooth\test_014.jpg,
test_015,test,1,6,6,0,0,,F:\Work\VSCode\Projects\DATASET\dataset_defects\images\test_missing_tooth\test_015.jpg,F:\Work\VSCode\Projects\DATASET\dataset_defects\annotations\test_missing_tooth\test_015.xml
test_016,test,0,0,0,0,0,,F:\Work\VSCode\Projects\DATASET\dataset_defects\images\test_missing_tooth\test_016.jpg,
test_017,test,0,0,0,0,0,,F:\Work\VSCode\Projects\DATASET\dataset_defects\images\test_missing_tooth\test_017.jpg,
test_018,test,0,0,0,0,0,,F:\Work\VSCode\Projects\DATASET\dataset_defects\images\test_missing_tooth\test_018.jpg,
test_019,test,0,0,0,0,0,,F:\Work\VSCode\Projects\DATASET\dataset_defects\images\test_missing_tooth\test_019.jpg,
test_020,test,1,2,2,1,0,,F:\Work\VSCode\Projects\DATASET\dataset_defects\images\test_missing_tooth\test_020.jpg,F:\Work\VSCode\Projects\DATASET\dataset_defects\annotations\test_missing_tooth\test_020.xml
test_021,test,1,6,6,0,0,,F:\Work\VSCode\Projects\DATASET\dataset_defects\images\test_missing_tooth\test_021.jpg,F:\Work\VSCode\Projects\DATASET\dataset_defects\annotations\test_missing_tooth\test_021.xml
test_022,test,0,0,0,0,0,,F:\Work\VSCode\Projects\DATASET\dataset_defects\images\test_missing_tooth\test_022.jpg,
test_023,test,0,0,0,0,0,,F:\Work\VSCode\Projects\DATASET\dataset_defects\images\test_missing_tooth\test_023.jpg,
test_024,test,0,0,0,0,0,,F:\Work\VSCode\Projects\DATASET\dataset_defects\images\test_missing_tooth\test_024.jpg,
test_025,test,0,0,0,0,0,,F:\Work\VSCode\Projects\DATASET\dataset_defects\images\test_missing_tooth\test_025.jpg,
test_026,test,0,0,0,0,0,,F:\Work\VSCode\Projects\DATASET\dataset_defects\images\test_missing_tooth\test_026.jpg,
test_027,test,0,0,0,0,0,,F:\Work\VSCode\Projects\DATASET\dataset_defects\images\test_missing_tooth\test_027.jpg,
test_028,test,0,0,0,0,0,,F:\Work\VSCode\Projects\DATASET\dataset_defects\images\test_missing_tooth\test_028.jpg,
test_029,test,0,0,0,0,0,,F:\Work\VSCode\Projects\DATASET\dataset_defects\images\test_missing_tooth\test_029.jpg,
test_030,test,0,0,0,0,0,,F:\Work\VSCode\Projects\DATASET\dataset_defects\images\test_missing_tooth\test_030.jpg,
test_031,test,0,0,0,0,0,,F:\Work\VSCode\Projects\DATASET\dataset_defects\images\test_missing_tooth\test_031.jpg,
test_032,test,1,2,2,1,0,,F:\Work\VSCode\Projects\DATASET\dataset_defects\images\test_missing_tooth\test_032.jpg,F:\Work\VSCode\Projects\DATASET\dataset_defects\annotations\test_missing_tooth\test_032.xml
test_033,test,1,2,2,0,0,,F:\Work\VSCode\Projects\DATASET\dataset_defects\images\test_missing_tooth\test_033.jpg,F:\Work\VSCode\Projects\DATASET\dataset_defects\annotations\test_missing_tooth\test_033.xml
test_034,test,0,0,0,0,0,,F:\Work\VSCode\Projects\DATASET\dataset_defects\images\test_missing_tooth\test_034.jpg,
test_035,test,0,0,0,0,0,,F:\Work\VSCode\Projects\DATASET\dataset_defects\images\test_missing_tooth\test_035.jpg,
test_036,test,0,0,0,0,0,,F:\Work\VSCode\Projects\DATASET\dataset_defects\images\test_missing_tooth\test_036.jpg,
test_037,test,0,0,0,0,0,,F:\Work\VSCode\Projects\DATASET\dataset_defects\images\test_missing_tooth\test_037.jpg,
test_038,test,0,0,0,0,0,,F:\Work\VSCode\Projects\DATASET\dataset_defects\images\test_missing_tooth\test_038.jpg,
test_039,test,0,0,0,0,0,,F:\Work\VSCode\Projects\DATASET\dataset_defects\images\test_missing_tooth\test_039.jpg,
test_040,test,0,0,0,0,0,,F:\Work\VSCode\Projects\DATASET\dataset_defects\images\test_missing_tooth\test_040.jpg,
test_041,test,0,0,0,0,0,,F:\Work\VSCode\Projects\DATASET\dataset_defects\images\test_missing_tooth\test_041.jpg,
test_042,test,0,0,0,0,0,,F:\Work\VSCode\Projects\DATASET\dataset_defects\images\test_missing_tooth\test_042.jpg,
test_043,test,0,0,0,0,0,,F:\Work\VSCode\Projects\DATASET\dataset_defects\images\test_missing_tooth\test_043.jpg,
test_044,test,0,0,0,0,0,,F:\Work\VSCode\Projects\DATASET\dataset_defects\images\test_missing_tooth\test_044.jpg,
test_045,test,0,0,0,0,0,,F:\Work\VSCode\Projects\DATASET\dataset_defects\images\test_missing_tooth\test_045.jpg,
test_046,test,0,0,0,0,0,,F:\Work\VSCode\Projects\DATASET\dataset_defects\images\test_missing_tooth\test_046.jpg,
test_047,test,0,0,0,0,0,,F:\Work\VSCode\Projects\DATASET\dataset_defects\images\test_missing_tooth\test_047.jpg,F:\Work\VSCode\Projects\DATASET\dataset_defects\annotations\test_missing_tooth\test_047.xml
test_048,test,1,5,5,0,0,,F:\Work\VSCode\Projects\DATASET\dataset_defects\images\test_missing_tooth\test_048.jpg,F:\Work\VSCode\Projects\DATASET\dataset_defects\annotations\test_missing_tooth\test_048.xml
test_049,test,0,0,0,0,0,,F:\Work\VSCode\Projects\DATASET\dataset_defects\images\test_missing_tooth\test_049.jpg,
test_050,test,1,4,4,0,0,,F:\Work\VSCode\Projects\DATASET\dataset_defects\images\test_missing_tooth\test_050.jpg,F:\Work\VSCode\Projects\DATASET\dataset_defects\annotations\test_missing_tooth\test_050.xml
test_051,test,1,4,4,0,0,,F:\Work\VSCode\Projects\DATASET\dataset_defects\images\test_missing_tooth\test_051.jpg,F:\Work\VSCode\Projects\DATASET\dataset_defects\annotations\test_missing_tooth\test_051.xml
test_052,test,0,0,0,0,0,,F:\Work\VSCode\Projects\DATASET\dataset_defects\images\test_missing_tooth\test_052.jpg,
test_053,test,1,2,2,0,0,,F:\Work\VSCode\Projects\DATASET\dataset_defects\images\test_missing_tooth\test_053.jpg,F:\Work\VSCode\Projects\DATASET\dataset_defects\annotations\test_missing_tooth\test_053.xml
test_054,test,1,2,2,0,0,,F:\Work\VSCode\Projects\DATASET\dataset_defects\images\test_missing_tooth\test_054.jpg,F:\Work\VSCode\Projects\DATASET\dataset_defects\annotations\test_missing_tooth\test_054.xml
test_055,test,0,0,0,0,0,,F:\Work\VSCode\Projects\DATASET\dataset_defects\images\test_missing_tooth\test_055.jpg,
test_056,test,0,0,0,0,0,,F:\Work\VSCode\Projects\DATASET\dataset_defects\images\test_missing_tooth\test_056.jpg,
test_057,test,0,0,0,0,0,,F:\Work\VSCode\Projects\DATASET\dataset_defects\images\test_missing_tooth\test_057.jpg,
test_058,test,0,0,0,0,0,,F:\Work\VSCode\Projects\DATASET\dataset_defects\images\test_missing_tooth\test_058.jpg,
test_059,test,0,0,0,0,0,,F:\Work\VSCode\Projects\DATASET\dataset_defects\images\test_missing_tooth\test_059.jpg,
test_060,test,0,0,0,0,0,,F:\Work\VSCode\Projects\DATASET\dataset_defects\images\test_missing_tooth\test_060.jpg,
test_061,test,0,0,0,0,0,,F:\Work\VSCode\Projects\DATASET\dataset_defects\images\test_missing_tooth\test_061.jpg,
test_062,test,0,0,0,0,0,,F:\Work\VSCode\Projects\DATASET\dataset_defects\images\test_missing_tooth\test_062.jpg,
test_063,test,0,0,0,0,0,,F:\Work\VSCode\Projects\DATASET\dataset_defects\images\test_missing_tooth\test_063.jpg,
test_064,test,1,11,11,0,0,,F:\Work\VSCode\Projects\DATASET\dataset_defects\images\test_missing_tooth\test_064.jpg,F:\Work\VSCode\Projects\DATASET\dataset_defects\annotations\test_missing_tooth\test_064.xml
test_065,test,1,3,3,0,0,,F:\Work\VSCode\Projects\DATASET\dataset_defects\images\test_missing_tooth\test_065.jpg,F:\Work\VSCode\Projects\DATASET\dataset_defects\annotations\test_missing_tooth\test_065.xml
test_066,test,1,6,6,0,0,,F:\Work\VSCode\Projects\DATASET\dataset_defects\images\test_missing_tooth\test_066.jpg,F:\Work\VSCode\Projects\DATASET\dataset_defects\annotations\test_missing_tooth\test_066.xml
test_067,test,0,0,0,0,0,,F:\Work\VSCode\Projects\DATASET\dataset_defects\images\test_missing_tooth\test_067.jpg,
test_068,test,0,0,0,0,0,,F:\Work\VSCode\Projects\DATASET\dataset_defects\images\test_missing_tooth\test_068.jpg,
test_069,test,1,1,1,0,0,,F:\Work\VSCode\Projects\DATASET\dataset_defects\images\test_missing_tooth\test_069.jpg,F:\Work\VSCode\Projects\DATASET\dataset_defects\annotations\test_missing_tooth\test_069.xml
test_070,test,0,0,0,0,0,,F:\Work\VSCode\Projects\DATASET\dataset_defects\images\test_missing_tooth\test_070.jpg,
test_071,test,0,0,0,0,0,,F:\Work\VSCode\Projects\DATASET\dataset_defects\images\test_missing_tooth\test_071.jpg,
test_072,test,0,0,0,0,0,,F:\Work\VSCode\Projects\DATASET\dataset_defects\images\test_missing_tooth\test_072.jpg,
test_073,test,0,0,0,0,0,,F:\Work\VSCode\Projects\DATASET\dataset_defects\images\test_missing_tooth\test_073.jpg,
test_074,test,0,0,0,0,0,,F:\Work\VSCode\Projects\DATASET\dataset_defects\images\test_missing_tooth\test_074.jpg,
test_075,test,1,4,4,0,0,,F:\Work\VSCode\Projects\DATASET\dataset_defects\images\test_missing_tooth\test_075.jpg,F:\Work\VSCode\Projects\DATASET\dataset_defects\annotations\test_missing_tooth\test_075.xml
test_076,test,0,0,0,0,0,,F:\Work\VSCode\Projects\DATASET\dataset_defects\images\test_missing_tooth\test_076.jpg,
test_077,test,0,0,0,0,0,,F:\Work\VSCode\Projects\DATASET\dataset_defects\images\test_missing_tooth\test_077.jpg,
test_078,test,0,0,0,0,0,,F:\Work\VSCode\Projects\DATASET\dataset_defects\images\test_missing_tooth\test_078.jpg,
test_079,test,0,0,0,0,0,,F:\Work\VSCode\Projects\DATASET\dataset_defects\images\test_missing_tooth\test_079.jpg,
test_080,test,0,0,0,0,0,,F:\Work\VSCode\Projects\DATASET\dataset_defects\images\test_missing_tooth\test_080.jpg,
test_081,test,0,0,0,0,0,,F:\Work\VSCode\Projects\DATASET\dataset_defects\images\test_missing_tooth\test_081.jpg,
test_082,test,0,0,0,0,0,,F:\Work\VSCode\Projects\DATASET\dataset_defects\images\test_missing_tooth\test_082.jpg,
test_083,test,1,3,3,0,0,,F:\Work\VSCode\Projects\DATASET\dataset_defects\images\test_missing_tooth\test_083.jpg,F:\Work\VSCode\Projects\DATASET\dataset_defects\annotations\test_missing_tooth\test_083.xml
test_084,test,1,2,2,2,0,,F:\Work\VSCode\Projects\DATASET\dataset_defects\images\test_missing_tooth\test_084.jpg,F:\Work\VSCode\Projects\DATASET\dataset_defects\annotations\test_missing_tooth\test_084.xml
test_085,test,0,0,0,0,0,,F:\Work\VSCode\Projects\DATASET\dataset_defects\images\test_missing_tooth\test_085.jpg,
test_086,test,0,0,0,0,0,,F:\Work\VSCode\Projects\DATASET\dataset_defects\images\test_missing_tooth\test_086.jpg,
test_087,test,0,0,0,0,0,,F:\Work\VSCode\Projects\DATASET\dataset_defects\images\test_missing_tooth\test_087.jpg,
test_088,test,0,0,0,0,0,,F:\Work\VSCode\Projects\DATASET\dataset_defects\images\test_missing_tooth\test_088.jpg,
test_089,test,0,0,0,0,0,,F:\Work\VSCode\Projects\DATASET\dataset_defects\images\test_missing_tooth\test_089.jpg,
test_090,test,0,0,0,0,0,,F:\Work\VSCode\Projects\DATASET\dataset_defects\images\test_missing_tooth\test_090.jpg,
test_091,test,0,0,0,0,0,,F:\Work\VSCode\Projects\DATASET\dataset_defects\images\test_missing_tooth\test_091.jpg,
test_092,test,0,0,0,0,0,,F:\Work\VSCode\Projects\DATASET\dataset_defects\images\test_missing_tooth\test_092.jpg,
test_093,test,0,0,0,0,0,,F:\Work\VSCode\Projects\DATASET\dataset_defects\images\test_missing_tooth\test_093.jpg,
test_094,test,0,0,0,0,0,,F:\Work\VSCode\Projects\DATASET\dataset_defects\images\test_missing_tooth\test_094.jpg,
test_095,test,0,0,0,0,0,,F:\Work\VSCode\Projects\DATASET\dataset_defects\images\test_missing_tooth\test_095.jpg,
test_096,test,0,0,0,0,0,,F:\Work\VSCode\Projects\DATASET\dataset_defects\images\test_missing_tooth\test_096.jpg,
test_097,test,0,0,0,0,0,,F:\Work\VSCode\Projects\DATASET\dataset_defects\images\test_missing_tooth\test_097.jpg,
test_098,test,0,0,0,0,0,,F:\Work\VSCode\Projects\DATASET\dataset_defects\images\test_missing_tooth\test_098.jpg,
test_099,test,0,0,0,0,0,,F:\Work\VSCode\Projects\DATASET\dataset_defects\images\test_missing_tooth\test_099.jpg,
test_100,test,0,0,0,0,0,,F:\Work\VSCode\Projects\DATASET\dataset_defects\images\test_missing_tooth\test_100.jpg,
test_101,test,0,0,0,0,0,,F:\Work\VSCode\Projects\DATASET\dataset_defects\images\test_missing_tooth\test_101.jpg,
test_102,test,0,0,0,0,0,,F:\Work\VSCode\Projects\DATASET\dataset_defects\images\test_missing_tooth\test_102.jpg,
test_103,test,0,0,0,0,0,,F:\Work\VSCode\Projects\DATASET\dataset_defects\images\test_missing_tooth\test_103.jpg,
test_104,test,1,3,3,0,0,,F:\Work\VSCode\Projects\DATASET\dataset_defects\images\test_missing_tooth\test_104.jpg,F:\Work\VSCode\Projects\DATASET\dataset_defects\annotations\test_missing_tooth\test_104.xml
test_105,test,1,7,7,0,0,,F:\Work\VSCode\Projects\DATASET\dataset_defects\images\test_missing_tooth\test_105.jpg,F:\Work\VSCode\Projects\DATASET\dataset_defects\annotations\test_missing_tooth\test_105.xml
test_106,test,0,0,0,0,0,,F:\Work\VSCode\Projects\DATASET\dataset_defects\images\test_missing_tooth\test_106.jpg,
test_107,test,1,2,2,0,0,,F:\Work\VSCode\Projects\DATASET\dataset_defects\images\test_missing_tooth\test_107.jpg,F:\Work\VSCode\Projects\DATASET\dataset_defects\annotations\test_missing_tooth\test_107.xml
test_108,test,1,4,4,0,0,,F:\Work\VSCode\Projects\DATASET\dataset_defects\images\test_missing_tooth\test_108.jpg,F:\Work\VSCode\Projects\DATASET\dataset_defects\annotations\test_missing_tooth\test_108.xml
test_109,test,0,0,0,0,0,,F:\Work\VSCode\Projects\DATASET\dataset_defects\images\test_missing_tooth\test_109.jpg,
test_110,test,0,0,0,0,0,,F:\Work\VSCode\Projects\DATASET\dataset_defects\images\test_missing_tooth\test_110.jpg,
test_111,test,1,8,8,0,0,,F:\Work\VSCode\Projects\DATASET\dataset_defects\images\test_missing_tooth\test_111.jpg,F:\Work\VSCode\Projects\DATASET\dataset_defects\annotations\test_missing_tooth\test_111.xml
test_112,test,0,0,0,0,0,,F:\Work\VSCode\Projects\DATASET\dataset_defects\images\test_missing_tooth\test_112.jpg,
test_113,test,0,0,0,0,0,,F:\Work\VSCode\Projects\DATASET\dataset_defects\images\test_missing_tooth\test_113.jpg,
test_114,test,0,0,0,0,0,,F:\Work\VSCode\Projects\DATASET\dataset_defects\images\test_missing_tooth\test_114.jpg,
test_115,test,0,0,0,0,0,,F:\Work\VSCode\Projects\DATASET\dataset_defects\images\test_missing_tooth\test_115.jpg,
test_116,test,1,2,2,0,0,,F:\Work\VSCode\Projects\DATASET\dataset_defects\images\test_missing_tooth\test_116.jpg,F:\Work\VSCode\Projects\DATASET\dataset_defects\annotations\test_missing_tooth\test_116.xml
test_117,test,1,2,2,0,0,,F:\Work\VSCode\Projects\DATASET\dataset_defects\images\test_missing_tooth\test_117.jpg,F:\Work\VSCode\Projects\DATASET\dataset_defects\annotations\test_missing_tooth\test_117.xml
test_118,test,0,0,0,0,0,,F:\Work\VSCode\Projects\DATASET\dataset_defects\images\test_missing_tooth\test_118.jpg,
test_119,test,0,0,0,0,0,,F:\Work\VSCode\Projects\DATASET\dataset_defects\images\test_missing_tooth\test_119.jpg,
test_120,test,0,0,0,0,0,,F:\Work\VSCode\Projects\DATASET\dataset_defects\images\test_missing_tooth\test_120.jpg,
test_121,test,1,2,2,0,0,,F:\Work\VSCode\Projects\DATASET\dataset_defects\images\test_missing_tooth\test_121.jpg,F:\Work\VSCode\Projects\DATASET\dataset_defects\annotations\test_missing_tooth\test_121.xml
test_122,test,0,0,0,0,0,,F:\Work\VSCode\Projects\DATASET\dataset_defects\images\test_missing_tooth\test_122.jpg,
test_123,test,0,0,0,0,0,,F:\Work\VSCode\Projects\DATASET\dataset_defects\images\test_missing_tooth\test_123.jpg,
test_124,test,1,2,2,0,0,,F:\Work\VSCode\Projects\DATASET\dataset_defects\images\test_missing_tooth\test_124.jpg,F:\Work\VSCode\Projects\DATASET\dataset_defects\annotations\test_missing_tooth\test_124.xml
test_125,test,1,4,4,0,0,,F:\Work\VSCode\Projects\DATASET\dataset_defects\images\test_missing_tooth\test_125.jpg,F:\Work\VSCode\Projects\DATASET\dataset_defects\annotations\test_missing_tooth\test_125.xml
test_126,test,1,3,3,0,0,,F:\Work\VSCode\Projects\DATASET\dataset_defects\images\test_missing_tooth\test_126.jpg,F:\Work\VSCode\Projects\DATASET\dataset_defects\annotations\test_missing_tooth\test_126.xml
test_127,test,1,2,2,0,0,,F:\Work\VSCode\Projects\DATASET\dataset_defects\images\test_missing_tooth\test_127.jpg,F:\Work\VSCode\Projects\DATASET\dataset_defects\annotations\test_missing_tooth\test_127.xml
test_128,test,1,3,3,0,0,,F:\Work\VSCode\Projects\DATASET\dataset_defects\images\test_missing_tooth\test_128.jpg,F:\Work\VSCode\Projects\DATASET\dataset_defects\annotations\test_missing_tooth\test_128.xml
test_129,test,0,0,0,0,0,,F:\Work\VSCode\Projects\DATASET\dataset_defects\images\test_missing_tooth\test_129.jpg,
test_130,test,0,0,0,0,0,,F:\Work\VSCode\Projects\DATASET\dataset_defects\images\test_missing_tooth\test_130.jpg,
test_131,test,1,8,8,0,0,,F:\Work\VSCode\Projects\DATASET\dataset_defects\images\test_missing_tooth\test_131.jpg,F:\Work\VSCode\Projects\DATASET\dataset_defects\annotations\test_missing_tooth\test_131.xml
test_132,test,1,8,8,0,0,,F:\Work\VSCode\Projects\DATASET\dataset_defects\images\test_missing_tooth\test_132.jpg,F:\Work\VSCode\Projects\DATASET\dataset_defects\annotations\test_missing_tooth\test_132.xml
test_133,test,0,0,0,0,0,,F:\Work\VSCode\Projects\DATASET\dataset_defects\images\test_missing_tooth\test_133.jpg,
test_134,test,0,0,0,0,0,,F:\Work\VSCode\Projects\DATASET\dataset_defects\images\test_missing_tooth\test_134.jpg,
test_135,test,0,0,0,0,0,,F:\Work\VSCode\Projects\DATASET\dataset_defects\images\test_missing_tooth\test_135.jpg,
test_136,test,0,0,0,0,0,,F:\Work\VSCode\Projects\DATASET\dataset_defects\images\test_missing_tooth\test_136.jpg,
test_137,test,0,0,0,0,0,,F:\Work\VSCode\Projects\DATASET\dataset_defects\images\test_missing_tooth\test_137.jpg,
test_138,test,0,0,0,0,0,,F:\Work\VSCode\Projects\DATASET\dataset_defects\images\test_missing_tooth\test_138.jpg,
test_139,test,0,0,0,0,0,,F:\Work\VSCode\Projects\DATASET\dataset_defects\images\test_missing_tooth\test_139.jpg,
test_140,test,1,3,3,1,0,,F:\Work\VSCode\Projects\DATASET\dataset_defects\images\test_missing_tooth\test_140.jpg,F:\Work\VSCode\Projects\DATASET\dataset_defects\annotations\test_missing_tooth\test_140.xml
test_141,test,1,3,3,0,0,,F:\Work\VSCode\Projects\DATASET\dataset_defects\images\test_missing_tooth\test_141.jpg,F:\Work\VSCode\Projects\DATASET\dataset_defects\annotations\test_missing_tooth\test_141.xml
test_142,test,0,0,0,0,0,,F:\Work\VSCode\Projects\DATASET\dataset_defects\images\test_missing_tooth\test_142.jpg,
test_143,test,0,0,0,0,0,,F:\Work\VSCode\Projects\DATASET\dataset_defects\images\test_missing_tooth\test_143.jpg,
test_144,test,1,4,4,0,0,,F:\Work\VSCode\Projects\DATASET\dataset_defects\images\test_missing_tooth\test_144.jpg,F:\Work\VSCode\Projects\DATASET\dataset_defects\annotations\test_missing_tooth\test_144.xml
test_145,test,0,0,0,0,0,,F:\Work\VSCode\Projects\DATASET\dataset_defects\images\test_missing_tooth\test_145.jpg,
test_146,test,1,4,4,0,0,,F:\Work\VSCode\Projects\DATASET\dataset_defects\images\test_missing_tooth\test_146.jpg,F:\Work\VSCode\Projects\DATASET\dataset_defects\annotations\test_missing_tooth\test_146.xml
test_147,test,1,2,2,0,0,,F:\Work\VSCode\Projects\DATASET\dataset_defects\images\test_missing_tooth\test_147.jpg,F:\Work\VSCode\Projects\DATASET\dataset_defects\annotations\test_missing_tooth\test_147.xml
test_148,test,0,0,0,0,0,,F:\Work\VSCode\Projects\DATASET\dataset_defects\images\test_missing_tooth\test_148.jpg,
test_149,test,0,0,0,0,0,,F:\Work\VSCode\Projects\DATASET\dataset_defects\images\test_missing_tooth\test_149.jpg,
test_150,test,0,0,0,0,0,,F:\Work\VSCode\Projects\DATASET\dataset_defects\images\test_missing_tooth\test_150.jpg,
